year,month,state,avg_mother_age,boys_estimated,girls_estimated
1989,1,1.0,25.125825165033007,2594.9999999999995,2404.0000000000005
1989,1,2.0,26.94456289978678,454.0000000000001,483.9999999999999
1989,1,3.0,26.030013130744702,2723.9999999999995,2607.0000000000005
1989,1,4.0,24.467094161322983,1510.0,1453.0
1989,1,5.0,26.684277516021705,22786.000000000004,21996.999999999996
1989,1,6.0,26.749268292682927,2129.0,1971.0
1989,1,7.0,27.512587594082532,1932.9999999999998,1920.0000000000002
1989,1,8.0,26.06611570247934,446.99999999999994,400.00000000000006
1989,1,9.0,25.959271168274384,464.9999999999999,468.0000000000001
1989,1,10.0,26.04441891633161,7977.999999999998,7691.000000000002
1989,1,11.0,25.204331238779176,4578.000000000001,4333.999999999999
1989,1,12.0,26.809800128949064,786.0,765.0
1989,1,13.0,26.063847429519072,633.9999999999999,572.0000000000001
1989,1,14.0,26.352097355360662,7427.000000000001,7281.999999999999
1989,1,15.0,25.615907032900694,3388.9999999999995,3237.0000000000005
1989,1,16.0,26.293108923467766,1621.0000000000002,1527.9999999999998
1989,1,17.0,26.105912108757508,1619.9999999999998,1543.0000000000002
1989,1,18.0,24.713489667982355,2190.0,2117.0
1989,1,19.0,25.251592356687897,3224.9999999999995,3055.0000000000005
1989,1,20.0,25.891111111111112,673.0000000000001,676.9999999999999
1989,1,21.0,26.61450627211322,3188.9999999999995,3029.0000000000005
1989,1,22.0,27.511433035080245,3578.000000000001,3462.999999999999
1989,1,23.0,26.110057598582188,5795.000000000001,5489.999999999999
1989,1,24.0,27.110269041303525,2647.0,2631.0
1989,1,25.0,24.337513935340024,1832.0,1756.0
1989,1,26.0,25.72808558198946,3240.0000000000005,3022.9999999999995
1989,1,27.0,26.357064622124863,449.00000000000006,463.99999999999994
1989,1,28.0,26.54404698344901,965.0,908.0
1989,1,29.0,26.16744809109176,764.0,729.0
1989,1,30.0,27.13851590106007,715.0,700.0
1989,1,31.0,27.59409291354733,5025.000000000001,4725.999999999999
1989,1,32.0,25.625352112676055,1099.0,1031.0
1989,1,33.0,27.248619499568594,11822.999999999998,11357.000000000002
1989,1,34.0,25.308258682046876,4149.0,4000.0
1989,1,35.0,26.64774193548387,400.0,375.0
1989,1,36.0,25.90308097228673,6689.000000000002,6228.999999999998
1989,1,37.0,25.137688703800105,1978.9999999999998,1863.0000000000002
1989,1,38.0,26.32843137254902,1705.0000000000002,1558.9999999999998
1989,1,39.0,26.57324745356501,6884.999999999999,6467.000000000001
1989,1,40.0,26.900537634408604,579.9999999999999,536.0000000000001
1989,1,41.0,25.205296563799518,2289.0,2280.0
1989,1,42.0,26.41044776119403,481.0000000000001,456.9999999999999
1989,1,43.0,24.980664857530527,2979.0000000000005,2916.9999999999995
1989,1,44.0,25.562836405154133,12564.000000000002,11959.999999999998
1989,1,45.0,26.332844574780058,1384.0,1344.0
1989,1,46.0,27.094814814814814,368.0,307.0
1989,1,47.0,26.4899546338302,3996.000000000001,3718.999999999999
1989,1,48.0,26.768197278911565,2999.9999999999995,2880.0000000000005
1989,1,49.0,24.81640625,915.0,877.0
1989,1,50.0,26.530047863853927,2917.0,2724.0
1989,1,51.0,26.19419237749546,280.0,271.0
1989,1,52.0,41.0,1.0,0.0
1989,1,53.0,27.0,1.0,3.0
1989,1,55.0,24.0,0.0,1.0
1989,1,57.0,26.75925925925926,176.0,148.0
1989,1,59.0,29.244897959183675,29.0,20.0
1989,2,1.0,24.9314177852349,2420.0,2348.0
1989,2,2.0,27.09915611814346,454.00000000000006,493.99999999999994
1989,2,3.0,25.931485148514852,2626.0,2424.0
1989,2,4.0,24.515769944341372,1412.0,1283.0
1989,2,5.0,26.75836305793888,21193.0,20299.0
1989,2,6.0,26.880239520958085,2046.0000000000005,1961.9999999999995
1989,2,7.0,27.47658175842235,1891.0000000000002,1759.9999999999998
1989,2,8.0,25.826683291770575,415.9999999999999,386.0000000000001
1989,2,9.0,25.993340732519425,447.99999999999994,453.00000000000006
1989,2,10.0,26.076349184214195,7355.999999999999,6986.000000000001
1989,2,11.0,25.353535353535353,4287.0,4029.0000000000005
1989,2,12.0,26.95667365478686,740.0,691.0
1989,2,13.0,26.034639927073837,555.0000000000001,541.9999999999999
1989,2,14.0,26.398103937443775,7313.999999999999,7137.000000000001
1989,2,15.0,25.57025326665591,3188.0,3011.0
1989,2,16.0,26.333333333333332,1504.0,1433.0
1989,2,17.0,26.14387755102041,1503.0,1437.0
1989,2,18.0,24.960335057896035,2154.0000000000005,1904.9999999999998
1989,2,19.0,25.20014450867052,2831.0,2705.0
1989,2,20.0,26.373353989155692,657.0000000000001,633.9999999999999
1989,2,21.0,26.822532751091703,2889.9999999999995,2835.0000000000005
1989,2,22.0,27.610301692420897,3505.0000000000005,3289.9999999999995
1989,2,23.0,26.08396666971889,5595.0,5326.0
1989,2,24.0,27.135113103729367,2452.9999999999995,2454.0000000000005
1989,2,25.0,24.471869328493646,1682.9999999999998,1623.0000000000002
1989,2,26.0,25.832819986310746,3006.0000000000005,2837.9999999999995
1989,2,27.0,26.10730593607306,436.99999999999994,439.00000000000006
1989,2,28.0,26.674379232505643,897.0000000000001,874.9999999999999
1989,2,29.0,26.163793103448278,711.0,681.0
1989,2,30.0,27.227896341463413,641.9999999999999,670.0000000000001
1989,2,31.0,27.463395638629283,4623.000000000001,4364.999999999999
1989,2,32.0,25.62253937007874,1058.0,974.0000000000001
1989,2,33.0,27.22036190653857,11090.0,10352.0
1989,2,34.0,25.326303223239158,3883.9999999999995,3655.0000000000005
1989,2,35.0,26.837365591397848,377.00000000000006,366.99999999999994
1989,2,36.0,25.952361760438496,6389.000000000001,6016.999999999999
1989,2,37.0,25.231187177397448,1835.0000000000005,1845.9999999999995
1989,2,38.0,26.52642073778664,1584.0,1425.0
1989,2,39.0,26.646365735212164,6547.999999999999,6013.000000000001
1989,2,40.0,26.473920863309353,586.9999999999999,525.0000000000001
1989,2,41.0,24.979407681628874,2198.0,2124.0
1989,2,42.0,26.205562273276904,448.0,379.0
1989,2,43.0,25.02997516849947,2828.0000000000005,2809.9999999999995
1989,2,44.0,25.624585007863008,11650.000000000002,11241.999999999998
1989,2,45.0,26.318939393939395,1354.0000000000002,1285.9999999999998
1989,2,46.0,26.9421768707483,306.0,282.0
1989,2,47.0,26.33026755852843,3690.0000000000005,3485.9999999999995
1989,2,48.0,26.76622432285039,2776.9999999999995,2724.0000000000005
1989,2,49.0,24.9029304029304,835.9999999999999,802.0000000000001
1989,2,50.0,26.612674743709228,2706.9999999999995,2658.0000000000005
1989,2,51.0,26.275665399239543,282.0,243.99999999999997
1989,2,52.0,23.333333333333332,0.9999999999999998,2.0
1989,2,53.0,31.0,1.0,0.0
1989,2,55.0,30.5,7.0,7.0
1989,2,57.0,26.78640776699029,150.0,159.0
1989,2,59.0,29.71794871794872,22.999999999999996,16.000000000000004
1989,3,1.0,25.121852777243898,2711.0000000000005,2491.9999999999995
1989,3,2.0,26.945974576271187,465.00000000000006,478.99999999999994
1989,3,3.0,26.118558558558558,2912.0,2638.0
1989,3,4.0,24.515081206496518,1550.0,1467.0
1989,3,5.0,26.7428079612695,23836.000000000004,22638.999999999996
1989,3,6.0,26.899531145344945,2273.0,2206.0
1989,3,7.0,27.655847255369927,2176.0,2014.0000000000002
1989,3,8.0,26.209862385321102,442.0,430.0
1989,3,9.0,26.064143007360673,485.99999999999994,465.00000000000006
1989,3,10.0,26.147785692164756,8375.999999999998,7769.000000000001
1989,3,11.0,25.303723056825604,4668.999999999999,4517.000000000001
1989,3,12.0,26.73875,842.0000000000002,757.9999999999998
1989,3,13.0,26.16828721017203,672.0000000000001,664.9999999999999
1989,3,14.0,26.501963473165866,8232.000000000002,7810.999999999998
1989,3,15.0,25.54512433640682,3755.999999999999,3402.000000000001
1989,3,16.0,26.298173246906305,1735.0000000000002,1658.9999999999998
1989,3,17.0,26.193233770192016,1724.0,1557.0
1989,3,18.0,25.02931452501653,2345.0,2192.0
1989,3,19.0,25.19933554817276,3042.9999999999995,2977.0000000000005
1989,3,20.0,26.367597004765145,786.0,683.0
1989,3,21.0,26.928625434749737,3400.0,3213.0
1989,3,22.0,27.60509634888438,4022.9999999999995,3865.0000000000005
1989,3,23.0,26.179045626458517,6428.0,5999.0
1989,3,24.0,27.27150818530129,2940.0000000000005,2801.9999999999995
1989,3,25.0,24.456354847881716,1819.9999999999998,1697.0000000000002
1989,3,26.0,25.838453308879718,3389.0000000000005,3153.9999999999995
1989,3,27.0,26.82509881422925,526.0000000000001,485.9999999999999
1989,3,28.0,26.508499271491015,1073.0,986.0000000000001
1989,3,29.0,25.894904458598727,792.0000000000002,777.9999999999998
1989,3,30.0,27.40731399747793,754.0000000000001,831.9999999999999
1989,3,31.0,27.603055635629865,5345.000000000001,5061.999999999999
1989,3,32.0,25.774122807017545,1130.9999999999998,1149.0000000000002
1989,3,33.0,27.287672357189756,12413.0,11955.0
1989,3,34.0,25.37347294938918,4429.000000000001,4165.999999999999
1989,3,35.0,27.030495552731892,391.0,396.0
1989,3,36.0,25.910318632622918,7252.0,6965.0
1989,3,37.0,25.198590485779008,2100.9999999999995,1872.0000000000005
1989,3,38.0,26.362351611079706,1822.0,1716.0
1989,3,39.0,26.733072916666668,7397.000000000001,7194.999999999999
1989,3,40.0,26.64858299595142,624.0,611.0
1989,3,41.0,25.271542664985287,2409.0,2349.0
1989,3,42.0,26.475206611570247,499.0,469.0
1989,3,43.0,25.159165035877365,3101.0,3031.0
1989,3,44.0,25.624633883150917,13139.000000000002,12808.999999999998
1989,3,45.0,26.38626198083067,1642.0000000000002,1487.9999999999998
1989,3,46.0,27.061437908496732,379.0,386.0
1989,3,47.0,26.51168481585709,4188.0,3985.0
1989,3,48.0,26.723686238249346,3319.9999999999995,3169.0000000000005
1989,3,49.0,24.995742416178818,953.0000000000002,925.9999999999998
1989,3,50.0,26.735586162716206,3200.0,3044.0
1989,3,51.0,26.001597444089455,320.99999999999994,305.00000000000006
1989,3,52.0,29.25,1.0,3.0
1989,3,53.0,30.75,0.0,4.0
1989,3,54.0,18.0,0.0,1.0
1989,3,55.0,29.833333333333332,5.000000000000001,6.999999999999999
1989,3,57.0,27.06534090909091,177.99999999999997,174.00000000000003
1989,3,59.0,29.2972972972973,17.0,20.0
1989,4,1.0,25.161761636401586,2450.0,2341.0
1989,4,2.0,26.87390350877193,460.99999999999994,451.00000000000006
1989,4,3.0,25.965510634221115,2622.9999999999995,2596.0000000000005
1989,4,4.0,24.483327226090143,1384.9999999999998,1344.0000000000002
1989,4,5.0,26.73889931914316,22615.0,21594.0
1989,4,6.0,26.892599277978338,2261.9999999999995,2170.0000000000005
1989,4,7.0,27.86802654214795,2071.9999999999995,1997.0000000000002
1989,4,8.0,26.081703107019564,443.00000000000006,425.99999999999994
1989,4,9.0,26.126168224299064,458.00000000000006,397.99999999999994
1989,4,10.0,26.171678179601788,7663.000000000001,7102.999999999999
1989,4,11.0,25.44581425384525,4365.000000000001,4151.999999999999
1989,4,12.0,26.9601798330122,765.9999999999998,791.0000000000002
1989,4,13.0,26.157566302652107,675.0000000000001,606.9999999999999
1989,4,14.0,26.51210106382979,7584.999999999999,7455.000000000001
1989,4,15.0,25.611759287688056,3313.9999999999995,3200.0000000000005
1989,4,16.0,26.518946692357098,1579.0,1535.0
1989,4,17.0,26.190906051487797,1574.0,1417.0
1989,4,18.0,25.133565044687188,2056.9999999999995,1971.0000000000005
1989,4,19.0,25.312270389419545,2798.9999999999995,2645.0000000000005
1989,4,20.0,26.06798866855524,703.0000000000001,708.9999999999999
1989,4,21.0,27.019770726034224,3086.0000000000005,2932.9999999999995
1989,4,22.0,27.665556295802798,3920.0000000000005,3584.9999999999995
1989,4,23.0,26.226767635196314,6225.0,5924.0
1989,4,24.0,27.177210703526494,2842.0000000000005,2800.9999999999995
1989,4,25.0,24.445278298936834,1586.9999999999998,1611.0000000000002
1989,4,26.0,25.910077770576798,3159.0000000000005,3012.9999999999995
1989,4,27.0,26.599794238683128,501.99999999999994,470.00000000000006
1989,4,28.0,26.634489693313224,1009.0,980.0
1989,4,29.0,25.717362924281986,808.0,724.0
1989,4,30.0,27.182377049180328,743.9999999999999,720.0000000000001
1989,4,31.0,27.70218917802561,5044.0,4640.0
1989,4,32.0,25.58508691674291,1138.0,1048.0
1989,4,33.0,27.373549583746712,11866.999999999998,11316.000000000002
1989,4,34.0,25.46812944349105,4095.0,4063.0
1989,4,35.0,26.76749703440095,444.00000000000006,398.99999999999994
1989,4,36.0,25.998640791361474,6797.999999999999,6445.000000000001
1989,4,37.0,25.20186170212766,1918.9999999999995,1841.0000000000005
1989,4,38.0,26.53765629543472,1766.0000000000002,1672.9999999999998
1989,4,39.0,26.782699322563836,7001.999999999999,6431.000000000001
1989,4,40.0,26.99649430324277,563.0000000000001,577.9999999999999
1989,4,41.0,25.140508894393154,2292.0,2149.0
1989,4,42.0,26.374434389140273,450.0,434.0
1989,4,43.0,25.12480141218005,2932.0000000000005,2732.9999999999995
1989,4,44.0,25.657964000679232,12046.999999999998,11509.000000000002
1989,4,45.0,26.428380634390653,1529.0000000000002,1465.9999999999998
1989,4,46.0,27.004126547455297,342.99999999999994,384.00000000000006
1989,4,47.0,26.565050851935016,3936.999999999999,3634.000000000001
1989,4,48.0,26.716346153846153,3162.0,3078.0
1989,4,49.0,24.983314794215794,918.0000000000001,879.9999999999999
1989,4,50.0,26.662435677530016,2976.9999999999995,2853.0000000000005
1989,4,51.0,26.348684210526315,303.0,305.0
1989,4,52.0,25.0,0.0,2.0
1989,4,53.0,34.333333333333336,2.0,0.9999999999999998
1989,4,55.0,25.428571428571427,2.000000000000001,4.999999999999999
1989,4,56.0,28.0,0.0,1.0
1989,4,57.0,26.71527777777778,148.0,140.0
1989,4,59.0,29.097560975609756,23.000000000000004,17.999999999999996
1989,5,1.0,25.12904538978221,2536.9999999999995,2376.0000000000005
1989,5,2.0,27.049514563106797,542.9999999999999,487.0000000000001
1989,5,3.0,26.119529238690696,2799.0,2639.0
1989,5,4.0,24.593047034764826,1506.0000000000002,1427.9999999999998
1989,5,5.0,26.77986326650449,24468.999999999996,23215.000000000004
1989,5,6.0,26.903463203463204,2391.0,2229.0
1989,5,7.0,27.768768046198268,2163.0,1993.0
1989,5,8.0,26.47447795823666,432.00000000000006,429.99999999999994
1989,5,9.0,26.01184068891281,482.0,447.0
1989,5,10.0,26.187400471367603,8084.0,7615.0
1989,5,11.0,25.411295832384422,4555.000000000001,4226.999999999999
1989,5,12.0,26.83754740834387,814.0000000000001,767.9999999999999
1989,5,13.0,26.242529534398887,743.0,696.0
1989,5,14.0,26.573969022882274,8095.000000000001,7593.999999999999
1989,5,15.0,25.703003663003663,3450.999999999999,3374.000000000001
1989,5,16.0,26.408575803981623,1717.9999999999998,1547.0000000000002
1989,5,17.0,26.275069854082584,1647.0000000000002,1573.9999999999998
1989,5,18.0,25.19085352048902,2279.0,2138.0
1989,5,19.0,25.21640883017556,2979.0000000000005,2773.9999999999995
1989,5,20.0,26.262792166771952,852.9999999999999,730.0000000000001
1989,5,21.0,27.013863773357443,3264.9999999999995,3371.0000000000005
1989,5,22.0,27.784389877223752,4199.999999999999,3782.000000000001
1989,5,23.0,26.233830845771145,6424.000000000001,6037.999999999999
1989,5,24.0,27.330417560653572,3132.0,2927.0
1989,5,25.0,24.503828032979975,1748.0000000000005,1647.9999999999995
1989,5,26.0,25.92064476131432,3275.0000000000005,3176.9999999999995
1989,5,27.0,26.485294117647058,499.00000000000006,521.0
1989,5,28.0,26.7316141356256,1105.0,989.0
1989,5,29.0,25.908267954133976,880.0,777.0
1989,5,30.0,27.303989867004432,821.0000000000001,757.9999999999999
1989,5,31.0,27.698115040808396,5325.999999999999,4966.000000000001
1989,5,32.0,25.813135593220338,1195.0000000000002,1164.9999999999998
1989,5,33.0,27.433308678500985,12509.000000000002,11826.999999999998
1989,5,34.0,25.456314243759177,4164.0,4008.0000000000005
1989,5,35.0,26.783815028901735,451.99999999999994,413.00000000000006
1989,5,36.0,25.97827034883721,7029.0,6731.0
1989,5,37.0,25.353601252609604,1951.9999999999998,1880.0000000000002
1989,5,38.0,26.57078353253652,1967.0000000000002,1797.9999999999998
1989,5,39.0,26.777105431764788,7128.0,6919.0
1989,5,40.0,26.749798224374494,631.0,608.0
1989,5,41.0,25.229865041358295,2335.0,2259.0
1989,5,42.0,26.137813211845103,436.9999999999999,441.0000000000001
1989,5,43.0,25.192808219178083,3042.9999999999995,2797.0000000000005
1989,5,44.0,25.673972930889928,12718.000000000002,12328.999999999998
1989,5,45.0,26.621451104100945,1673.9999999999998,1496.0000000000002
1989,5,46.0,27.080794701986754,378.0,377.0
1989,5,47.0,26.63863006799295,4072.999999999999,3869.000000000001
1989,5,48.0,26.80317648805106,3464.0,3273.0
1989,5,49.0,25.003988603988603,891.9999999999998,863.0000000000002
1989,5,50.0,26.718271246573135,3148.0000000000005,3052.9999999999995
1989,5,51.0,26.151304347826088,280.99999999999994,294.00000000000006
1989,5,52.0,41.0,1.0,0.0
1989,5,53.0,28.0,4.0,0.9999999999999998
1989,5,55.0,26.692307692307693,5.0,8.0
1989,5,57.0,26.373770491803278,164.0,141.0
1989,5,59.0,28.6875,33.0,15.0
1989,6,1.0,25.072084664536742,2552.0,2456.0
1989,6,2.0,26.777227722772277,494.0,516.0
1989,6,3.0,25.876729559748426,2885.0000000000005,2679.9999999999995
1989,6,4.0,24.389411354928598,1512.0000000000002,1358.9999999999998
1989,6,5.0,26.743246387848785,24150.999999999996,23120.000000000004
1989,6,6.0,26.839003780297976,2309.9999999999995,2187.0000000000005
1989,6,7.0,27.684491978609625,2201.0000000000005,2099.9999999999995
1989,6,8.0,26.26027397260274,443.0,433.0
1989,6,9.0,25.95169082125604,533.0000000000001,501.9999999999999
1989,6,10.0,26.12579431980288,7887.0,7535.0
1989,6,11.0,25.247690921378688,4594.0,4284.0
1989,6,12.0,26.978330146590185,777.0000000000001,791.9999999999999
1989,6,13.0,26.46643109540636,745.0,670.0
1989,6,14.0,26.50876974748103,8146.0,7932.0
1989,6,15.0,25.63917376859743,3593.9999999999995,3329.0000000000005
1989,6,16.0,26.32559579077685,1635.0,1596.0
1989,6,17.0,26.310223642172524,1617.9999999999998,1512.0000000000002
1989,6,18.0,25.19540757749713,2259.0000000000005,2095.9999999999995
1989,6,19.0,25.253391304347826,2933.0000000000005,2816.9999999999995
1989,6,20.0,26.392307692307693,812.9999999999999,747.0000000000001
1989,6,21.0,26.845396729254997,3365.9999999999995,3238.0000000000005
1989,6,22.0,27.717333669991163,4033.0,3888.0
1989,6,23.0,26.228546409807354,6435.0,6127.0
1989,6,24.0,27.340117281821318,2947.0000000000005,2850.9999999999995
1989,6,25.0,24.54041248606466,1844.0,1744.0
1989,6,26.0,25.8747700797057,3314.0,3210.0
1989,6,27.0,26.585858585858585,577.0000000000001,511.99999999999994
1989,6,28.0,26.56605593056895,1031.9999999999998,1042.0000000000002
1989,6,29.0,26.139964264443122,883.9999999999999,795.0000000000001
1989,6,30.0,27.154435226547545,795.0000000000001,771.9999999999999
1989,6,31.0,27.611883085769048,5376.999999999999,5058.000000000001
1989,6,32.0,25.61094736842105,1232.0,1143.0
1989,6,33.0,27.303544962948127,12837.999999999998,12127.000000000002
1989,6,34.0,25.404571018308005,4292.0,4065.0
1989,6,35.0,27.215174129353233,384.00000000000006,419.99999999999994
1989,6,36.0,25.924683814125338,7316.000000000001,6757.999999999999
1989,6,37.0,25.12075378130424,2052.0,1980.9999999999998
1989,6,38.0,26.49693763919822,1823.0000000000002,1768.9999999999998
1989,6,39.0,26.679371584699453,7496.999999999999,7143.000000000001
1989,6,40.0,26.87084592145015,695.0,629.0
1989,6,41.0,25.28012684989429,2386.0000000000005,2343.9999999999995
1989,6,42.0,26.095291479820627,461.0,431.0
1989,6,43.0,24.985072205094923,3125.0000000000005,3037.9999999999995
1989,6,44.0,25.715488148648113,12967.0,12220.0
1989,6,45.0,26.333754740834387,1610.0,1554.0
1989,6,46.0,27.17801047120419,415.00000000000006,348.99999999999994
1989,6,47.0,26.649604817463306,3993.0000000000005,3977.9999999999995
1989,6,48.0,26.6327467482785,3390.9999999999995,3144.0000000000005
1989,6,49.0,25.01090909090909,975.0000000000001,949.9999999999999
1989,6,50.0,26.57033736473584,3165.0,3119.0
1989,6,51.0,26.17105263157895,305.0,303.0
1989,6,52.0,26.5,1.0,1.0
1989,6,53.0,35.5,0.0,2.0
1989,6,55.0,25.09090909090909,7.000000000000001,3.999999999999999
1989,6,57.0,27.062695924764892,180.00000000000003,138.99999999999997
1989,6,59.0,30.146341463414632,26.999999999999996,14.000000000000004
1989,7,1.0,24.920874822190612,2914.0000000000005,2709.9999999999995
1989,7,2.0,26.85427666314678,507.9999999999999,439.0000000000001
1989,7,3.0,25.996880956506672,2980.9999999999995,2790.0000000000005
1989,7,4.0,24.515132798023473,1715.9999999999998,1522.0000000000002
1989,7,5.0,26.730309680565714,25167.0,24045.0
1989,7,6.0,26.768234786361674,2365.0000000000005,2268.9999999999995
1989,7,7.0,27.655079614263286,2361.0000000000005,2097.9999999999995
1989,7,8.0,26.135643564356435,517.0,493.0
1989,7,9.0,25.34046511627907,557.0000000000001,517.9999999999999
1989,7,10.0,26.046577659638736,8494.0,8059.000000000001
1989,7,11.0,25.360610687022902,5070.999999999999,4754.000000000001
1989,7,12.0,26.979016786570742,879.0000000000001,788.9999999999999
1989,7,13.0,25.923022598870055,733.0,683.0
1989,7,14.0,26.38053302433372,8821.0,8439.0
1989,7,15.0,25.62417698182776,3918.9999999999995,3675.0000000000005
1989,7,16.0,26.235156478502486,1787.0000000000002,1631.9999999999998
1989,7,17.0,26.15718868474774,1744.0,1685.0
1989,7,18.0,25.015006252605254,2512.0,2286.0
1989,7,19.0,25.23468887800098,3095.0,3028.0
1989,7,20.0,26.011200995644057,837.9999999999999,769.0000000000001
1989,7,21.0,26.84980961782541,3628.0000000000005,3462.9999999999995
1989,7,22.0,27.640997566909977,4105.0,4115.0
1989,7,23.0,26.062235009085402,6841.0,6367.0
1989,7,24.0,27.279830508474575,3044.9999999999995,2855.0000000000005
1989,7,25.0,24.291789248462155,1865.9999999999995,1873.0000000000005
1989,7,26.0,25.835375522560184,3473.9999999999995,3463.0000000000005
1989,7,27.0,26.84179104477612,516.0,489.0
1989,7,28.0,26.60662622491834,1158.0,985.0
1989,7,29.0,25.908045977011493,902.0000000000002,837.9999999999998
1989,7,30.0,26.681875,786.0,814.0
1989,7,31.0,27.46637643571693,5520.000000000001,5275.999999999999
1989,7,32.0,25.684650773734838,1197.0000000000002,1193.9999999999998
1989,7,33.0,27.276658060040848,13370.999999999998,12578.000000000002
1989,7,34.0,25.328521434820647,4635.0,4509.0
1989,7,35.0,26.844932844932845,413.0,406.0
1989,7,36.0,25.98410966377958,7342.0,7321.0
1989,7,37.0,25.06880189798339,2167.0,2048.0
1989,7,38.0,26.601367989056087,1879.0,1776.0
1989,7,39.0,26.648458091723775,7726.0,7450.0
1989,7,40.0,26.67870036101083,715.0,670.0
1989,7,41.0,25.0801393728223,2653.9999999999995,2512.0000000000005
1989,7,42.0,26.69064039408867,524.9999999999999,490.00000000000006
1989,7,43.0,25.087402799377916,3317.9999999999995,3112.0000000000005
1989,7,44.0,25.640418275177094,13636.000000000002,13044.999999999998
1989,7,45.0,26.352020860495436,1596.0000000000002,1471.9999999999998
1989,7,46.0,27.040575916230367,408.0,356.0
1989,7,47.0,26.457401182334532,4419.999999999999,4207.000000000001
1989,7,48.0,26.578810180926098,3324.0000000000005,3197.9999999999995
1989,7,49.0,24.835347432024168,1021.9999999999999,964.0000000000001
1989,7,50.0,26.739743188224242,3348.0,3038.0
1989,7,51.0,26.10742496050553,330.00000000000006,302.99999999999994
1989,7,52.0,30.0,0.0,1.0
1989,7,53.0,31.0,5.0,1.0000000000000004
1989,7,54.0,32.0,1.0,0.0
1989,7,55.0,29.416666666666668,3.999999999999999,8.0
1989,7,57.0,26.6996996996997,175.0,158.0
1989,7,59.0,28.520833333333332,32.0,15.999999999999996
1989,8,1.0,24.978794840077754,2939.0,2720.0
1989,8,2.0,26.713043478260868,527.0,508.0
1989,8,3.0,25.98491308625779,3167.0000000000005,2930.9999999999995
1989,8,4.0,24.48151515151515,1654.9999999999998,1645.0000000000002
1989,8,5.0,26.760006184411417,26571.000000000004,25171.999999999996
1989,8,6.0,26.865218308373763,2354.9999999999995,2386.0000000000005
1989,8,7.0,27.509575923392614,2291.9999999999995,2094.0000000000005
1989,8,8.0,25.963991769547324,493.99999999999994,478.00000000000006
1989,8,9.0,25.79143897996357,562.9999999999999,535.0000000000001
1989,8,10.0,26.007993650433697,9021.0,8618.0
1989,8,11.0,25.24928196494008,5200.999999999999,4896.000000000001
1989,8,12.0,27.007104795737124,868.0,821.0
1989,8,13.0,25.964614295824486,710.0,703.0
1989,8,14.0,26.381472329176486,8866.000000000002,8534.999999999998
1989,8,15.0,25.60310016933698,3991.0000000000005,3685.9999999999995
1989,8,16.0,26.21559762644815,1832.0000000000002,1706.9999999999998
1989,8,17.0,26.143548846482485,1812.0000000000002,1698.9999999999998
1989,8,18.0,24.913358147229115,2455.0,2381.0
1989,8,19.0,25.19809495460634,3460.0,3259.0
1989,8,20.0,26.160310277957336,798.9999999999999,748.0000000000001
1989,8,21.0,26.893868260065442,3625.9999999999995,3403.0000000000005
1989,8,22.0,27.523926080039164,4183.0,3988.0000000000005
1989,8,23.0,26.190253671562083,6800.999999999999,6681.000000000001
1989,8,24.0,27.323509711989285,3037.9999999999995,2934.0000000000005
1989,8,25.0,24.480149812734084,2097.0,1908.0
1989,8,26.0,25.72398316970547,3661.9999999999995,3468.0000000000005
1989,8,27.0,26.555882352941175,546.0000000000001,473.9999999999999
1989,8,28.0,26.726635514018692,1104.0,1036.0
1989,8,29.0,26.132714363735662,925.0000000000001,905.9999999999999
1989,8,30.0,27.24882943143813,779.0,716.0
1989,8,31.0,27.646200440528634,5533.0,5363.0
1989,8,32.0,25.796712109061747,1257.9999999999998,1236.0000000000002
1989,8,33.0,27.328236688199993,13325.000000000002,12835.999999999998
1989,8,34.0,25.31589494779032,4874.000000000001,4606.999999999999
1989,8,35.0,26.66914498141264,417.0,390.0
1989,8,36.0,26.00897072710104,7583.000000000001,7242.999999999999
1989,8,37.0,24.94176103535937,2213.0,2114.0
1989,8,38.0,26.272956326987682,1869.0000000000002,1702.9999999999998
1989,8,39.0,26.634001292824824,7966.999999999999,7503.000000000001
1989,8,40.0,26.74045206547155,669.0000000000001,613.9999999999999
1989,8,41.0,25.12342189560957,2719.9999999999995,2587.0000000000005
1989,8,42.0,26.6,516.0,489.0
1989,8,43.0,25.01087915319024,3469.0,3333.0
1989,8,44.0,25.59835283305645,14572.0,13719.0
1989,8,45.0,26.340783833435395,1654.0000000000002,1611.9999999999998
1989,8,46.0,26.97442799461642,379.0,364.0
1989,8,47.0,26.43285616905249,4474.0,4328.0
1989,8,48.0,26.69849931787176,3423.9999999999995,3173.0000000000005
1989,8,49.0,25.158829174664106,1054.9999999999998,1029.0000000000002
1989,8,50.0,26.737370567932224,3218.0,3156.0
1989,8,51.0,25.90909090909091,297.00000000000006,318.99999999999994
1989,8,52.0,25.25,2.0,2.0
1989,8,53.0,34.0,0.0,1.0
1989,8,54.0,29.0,1.0,0.0
1989,8,55.0,28.90909090909091,5.0,6.0
1989,8,57.0,27.0225,207.00000000000003,192.99999999999997
1989,8,59.0,28.28125,34.0,30.0
1989,9,1.0,24.862880396319888,2862.9999999999995,2789.0000000000005
1989,9,2.0,26.84287099903007,517.0,514.0
1989,9,3.0,26.008836524300442,3116.0,2995.0
1989,9,4.0,24.511952809686434,1629.9999999999998,1591.0000000000002
1989,9,5.0,26.69795118125674,26104.999999999996,24900.000000000004
1989,9,6.0,26.861351052048725,2282.0,2233.0
1989,9,7.0,27.659122401847576,2181.0,2149.0
1989,9,8.0,26.12942366026289,528.0000000000001,460.9999999999999
1989,9,9.0,25.760826771653544,537.0,479.00000000000006
1989,9,10.0,26.14355102996255,8721.000000000002,8366.999999999998
1989,9,11.0,25.325888740907693,5015.0,4746.0
1989,9,12.0,26.834134615384617,832.9999999999999,831.0000000000001
1989,9,13.0,26.15011202389843,716.0,623.0
1989,9,14.0,26.49056603773585,8518.000000000002,8282.999999999998
1989,9,15.0,25.493515266144286,3816.0,3586.0
1989,9,16.0,26.26487919858574,1715.0,1679.0
1989,9,17.0,26.265774934574004,1777.0000000000002,1661.9999999999998
1989,9,18.0,25.01034982405299,2504.0000000000005,2326.9999999999995
1989,9,19.0,25.2127786922041,3473.0000000000005,3209.9999999999995
1989,9,20.0,26.09116214335421,779.0,658.0
1989,9,21.0,26.923540381580835,3564.0000000000005,3406.9999999999995
1989,9,22.0,27.7401614530777,4021.999999999999,3906.000000000001
1989,9,23.0,26.078193334338714,6788.000000000001,6473.999999999999
1989,9,24.0,27.314814814814813,3001.0,2939.0
1989,9,25.0,24.40864133263925,1940.9999999999998,1901.0000000000002
1989,9,26.0,25.90692362598144,3594.000000000001,3410.999999999999
1989,9,27.0,26.408722109533468,476.9999999999999,509.0000000000001
1989,9,28.0,26.526532479414456,1122.0,1064.0
1989,9,29.0,26.11885714285714,887.9999999999999,862.0000000000001
1989,9,30.0,27.34864694776589,834.9999999999999,754.0000000000001
1989,9,31.0,27.638941398865786,5363.0,5217.0
1989,9,32.0,25.5280296784831,1277.0,1149.0
1989,9,33.0,27.371925260170293,13141.000000000002,12226.999999999998
1989,9,34.0,25.342653625345523,4696.0,4710.0
1989,9,35.0,27.141990291262136,420.99999999999994,403.00000000000006
1989,9,36.0,26.085970945329496,7314.999999999999,6934.000000000001
1989,9,37.0,25.390084643288997,2084.0,2051.0
1989,9,38.0,26.517792098627066,1857.0,1712.0
1989,9,39.0,26.692598085479304,7492.999999999999,7341.000000000001
1989,9,40.0,26.97900466562986,626.9999999999999,659.0000000000001
1989,9,41.0,25.251358695652176,2640.0,2512.0
1989,9,42.0,26.19309600862999,511.99999999999994,415.00000000000006
1989,9,43.0,25.252803738317755,3304.0000000000005,3115.9999999999995
1989,9,44.0,25.644019737811163,13935.999999999998,13220.000000000002
1989,9,45.0,26.334191886670958,1627.0,1479.0
1989,9,46.0,27.136929460580912,367.0,356.0
1989,9,47.0,26.534954053739675,4416.0,4181.0
1989,9,48.0,26.73673870333988,3319.0000000000005,3297.9999999999995
1989,9,49.0,24.90990516332982,969.0000000000002,928.9999999999998
1989,9,50.0,26.69511041009464,3229.9999999999995,3110.0000000000005
1989,9,51.0,25.838365896980463,281.0,282.0
1989,9,53.0,31.333333333333332,0.9999999999999998,2.0
1989,9,55.0,30.0,5.0,5.0
1989,9,57.0,26.317808219178083,194.0,171.0
1989,9,59.0,29.770833333333332,29.000000000000004,18.999999999999996
1989,10,1.0,25.169726489321842,2714.0,2624.0
1989,10,2.0,26.58752735229759,459.99999999999994,454.00000000000006
1989,10,3.0,26.107404820118756,2951.9999999999995,2774.0000000000005
1989,10,4.0,24.69641060046964,1493.9999999999998,1487.0000000000002
1989,10,5.0,26.753863201370002,25230.000000000004,24404.999999999996
1989,10,6.0,27.012476894639555,2198.9999999999995,2129.0000000000005
1989,10,7.0,27.564874551971325,2111.0,2074.0
1989,10,8.0,26.14491150442478,478.99999999999994,425.00000000000006
1989,10,9.0,25.890196078431373,529.9999999999999,490.00000000000006
1989,10,10.0,26.103534303534303,8571.000000000002,8263.999999999998
1989,10,11.0,25.366105945042314,4979.0,4592.0
1989,10,12.0,26.915343915343914,885.0,816.0
1989,10,13.0,26.16358253145818,705.9999999999999,645.0000000000001
1989,10,14.0,26.6298026029018,8228.0,7830.999999999999
1989,10,15.0,25.599050677090606,3686.0,3477.0
1989,10,16.0,26.569512195121952,1647.0000000000002,1632.9999999999998
1989,10,17.0,26.174727932285368,1698.0000000000005,1609.9999999999995
1989,10,18.0,25.181218385748846,2308.0,2239.0
1989,10,19.0,25.260317970130078,3222.0,3005.0
1989,10,20.0,26.2241029113067,757.0,720.0
1989,10,21.0,26.94138246041413,3413.0000000000005,3154.9999999999995
1989,10,22.0,27.77920209287116,3952.9999999999995,3692.0000000000005
1989,10,23.0,26.102566108590207,6524.999999999999,6257.000000000001
1989,10,24.0,27.366853222603357,2842.0,2697.0
1989,10,25.0,24.548455241616054,1905.0,1882.0
1989,10,26.0,25.91618932770576,3418.0,3216.0
1989,10,27.0,26.773930753564155,503.99999999999994,478.00000000000006
1989,10,28.0,26.584467977811396,1049.0000000000002,933.9999999999999
1989,10,29.0,26.289256198347108,889.9999999999999,804.0000000000001
1989,10,30.0,27.186429061000684,753.9999999999999,705.0000000000001
1989,10,31.0,27.721507974867084,5246.999999999999,5098.000000000001
1989,10,32.0,25.825991189427313,1174.0,1096.0
1989,10,33.0,27.404983175773115,12859.999999999998,12104.000000000002
1989,10,34.0,25.35764979639325,4378.0,4217.0
1989,10,35.0,26.591087811271297,382.0,381.0
1989,10,36.0,26.04481272294887,6817.999999999999,6638.000000000001
1989,10,37.0,25.201540436456995,1979.9999999999995,1915.0000000000005
1989,10,38.0,26.63038348082596,1712.0000000000005,1677.9999999999995
1989,10,39.0,26.805239742956005,7257.999999999999,6903.000000000001
1989,10,40.0,27.05251312828207,700.9999999999999,632.0000000000001
1989,10,41.0,25.265398925175692,2469.0,2369.0
1989,10,42.0,26.297430830039527,491.0,521.0
1989,10,43.0,25.11011856423583,3142.0,3015.0
1989,10,44.0,25.775780899716036,13727.0,13037.0
1989,10,45.0,26.500878117316475,1483.0000000000002,1363.9999999999998
1989,10,46.0,27.39149560117302,339.0,343.0
1989,10,47.0,26.467391304347824,4161.999999999999,4118.000000000001
1989,10,48.0,26.75027537372148,3292.9999999999995,3062.0000000000005
1989,10,49.0,25.311970338983052,973.9999999999998,914.0000000000002
1989,10,50.0,26.817018447731428,3069.0000000000005,2947.9999999999995
1989,10,51.0,25.922053231939163,289.00000000000006,236.99999999999994
1989,10,52.0,24.428571428571427,4.0,3.0
1989,10,53.0,29.5,0.0,2.0
1989,10,54.0,20.0,0.0,1.0
1989,10,55.0,29.363636363636363,7.000000000000001,3.999999999999999
1989,10,57.0,26.664652567975832,160.0,171.0
1989,10,59.0,29.270833333333332,30.0,18.0
1989,11,1.0,25.06027610344157,2646.9999999999995,2496.0000000000005
1989,11,2.0,26.931289640591967,484.99999999999994,461.00000000000006
1989,11,3.0,25.9079721776351,2847.0,2760.0
1989,11,4.0,24.64591439688716,1420.0000000000002,1406.9999999999998
1989,11,5.0,26.759881422924902,24195.999999999996,23368.000000000004
1989,11,6.0,26.91676689920616,2193.0,1963.9999999999998
1989,11,7.0,27.71908396946565,1971.9999999999998,1958.0000000000002
1989,11,8.0,26.484571428571428,445.0000000000001,429.9999999999999
1989,11,9.0,26.097689075630253,455.00000000000006,496.99999999999994
1989,11,10.0,26.22044866264021,8255.0,7971.000000000001
1989,11,11.0,25.51692066337965,4489.0,4435.0
1989,11,12.0,27.174278846153847,884.9999999999999,779.0000000000001
1989,11,13.0,26.358954650269023,688.9999999999999,612.0000000000001
1989,11,14.0,26.629732408325076,7760.0,7375.0
1989,11,15.0,25.75690266851766,3266.9999999999995,3216.0000000000005
1989,11,16.0,26.388762585254952,1522.0000000000002,1556.9999999999998
1989,11,17.0,26.262395363811976,1619.9999999999998,1486.0000000000002
1989,11,18.0,25.256211908110643,2201.0,2065.0
1989,11,19.0,25.435366257872058,3059.0000000000005,2974.9999999999995
1989,11,20.0,26.02532561505065,673.0000000000001,708.9999999999999
1989,11,21.0,27.153247578211847,3286.9999999999995,3010.0000000000005
1989,11,22.0,27.75456217286745,3639.0000000000005,3429.9999999999995
1989,11,23.0,26.188016001361817,6072.000000000001,5676.999999999999
1989,11,24.0,27.565986918045404,2757.0000000000005,2440.9999999999995
1989,11,25.0,24.540074691180696,1839.9999999999998,1641.0000000000002
1989,11,26.0,26.006539153179663,3206.9999999999995,2910.0000000000005
1989,11,27.0,26.925192519251926,461.99999999999994,447.00000000000006
1989,11,28.0,26.855979643765902,1010.0000000000001,954.9999999999999
1989,11,29.0,25.910735826296744,874.0000000000001,783.9999999999999
1989,11,30.0,27.345780433159074,671.9999999999999,667.0000000000001
1989,11,31.0,27.77618499529141,4904.999999999999,4652.000000000001
1989,11,32.0,25.765057471264367,1115.0000000000002,1059.9999999999998
1989,11,33.0,27.428947368421053,12051.000000000002,11508.999999999998
1989,11,34.0,25.51480443523821,4209.999999999999,3997.000000000001
1989,11,35.0,26.7014157014157,405.00000000000006,371.99999999999994
1989,11,36.0,26.02885510394043,6583.999999999999,6308.000000000001
1989,11,37.0,25.304992199687987,1971.9999999999998,1874.0000000000002
1989,11,38.0,26.625155279503105,1671.0000000000002,1548.9999999999998
1989,11,39.0,26.79483841323327,6706.0,6352.0
1989,11,40.0,26.910422049956935,604.0,557.0
1989,11,41.0,25.35257907026109,2419.0,2292.0
1989,11,42.0,26.449359720605354,438.99999999999994,420.00000000000006
1989,11,43.0,25.304982385505788,3115.9999999999995,2845.0000000000005
1989,11,44.0,25.75822569814749,12889.0,12428.0
1989,11,45.0,26.500930405656867,1364.9999999999998,1322.0000000000002
1989,11,46.0,26.809904153354633,339.0,287.0
1989,11,47.0,26.65135305223411,4030.0000000000005,3914.9999999999995
1989,11,48.0,26.75196581196581,2977.0000000000005,2872.9999999999995
1989,11,49.0,25.002313475997685,909.0000000000001,819.9999999999999
1989,11,50.0,26.748185776487663,2836.9999999999995,2675.0000000000005
1989,11,51.0,26.433333333333334,272.00000000000006,237.99999999999994
1989,11,53.0,30.0,6.0,5.0
1989,11,55.0,28.153846153846153,5.999999999999999,7.000000000000001
1989,11,56.0,28.5,1.0,1.0
1989,11,57.0,26.413793103448278,169.0,150.0
1989,11,59.0,30.5,26.000000000000004,21.999999999999996
1989,12,1.0,24.981535648994516,2821.0,2649.0
1989,12,2.0,26.974282888229475,510.0000000000001,500.9999999999999
1989,12,3.0,25.945549738219896,2889.0000000000005,2840.9999999999995
1989,12,4.0,24.674003189792664,1618.0,1517.0
1989,12,5.0,26.687585600686848,25066.999999999996,23852.000000000004
1989,12,6.0,26.708333333333332,2117.9999999999995,2082.0000000000005
1989,12,7.0,27.681588265048052,1995.9999999999998,1958.0000000000002
1989,12,8.0,26.226525821596244,429.0000000000001,422.9999999999999
1989,12,9.0,25.94037145650049,517.0,506.0
1989,12,10.0,26.214127903505105,8607.0,8139.999999999999
1989,12,11.0,25.353467326107545,4837.0,4666.0
1989,12,12.0,27.101714961561207,836.0000000000001,854.9999999999999
1989,12,13.0,25.775446775446774,670.9999999999999,616.0000000000001
1989,12,14.0,26.480629075565783,8062.999999999999,7579.000000000001
1989,12,15.0,25.68718320057929,3532.9999999999995,3372.0000000000005
1989,12,16.0,26.510413428660243,1659.9999999999998,1557.0000000000002
1989,12,17.0,26.40242386575513,1627.9999999999998,1590.0000000000002
1989,12,18.0,25.002475804636507,2255.0,2188.0
1989,12,19.0,25.2841662623322,3183.9999999999995,2999.0000000000005
1989,12,20.0,26.21761658031088,686.0,665.0
1989,12,21.0,26.983523252232832,3239.9999999999995,3254.0000000000005
1989,12,22.0,27.755776026094047,3754.000000000001,3603.999999999999
1989,12,23.0,26.182814160739106,6341.000000000001,5889.999999999999
1989,12,24.0,27.24197040779502,2791.0000000000005,2750.9999999999995
1989,12,25.0,24.62,1812.9999999999995,1787.0000000000005
1989,12,26.0,25.834426491761317,3223.9999999999995,3027.0000000000005
1989,12,27.0,26.506711409395972,427.9999999999999,466.0000000000001
1989,12,28.0,26.877708978328172,995.9999999999999,942.0000000000001
1989,12,29.0,26.28944099378882,841.0,769.0
1989,12,30.0,27.257834757834758,711.0,693.0
1989,12,31.0,27.62917903066271,5138.0,4972.0
1989,12,32.0,25.762757385854968,1131.0000000000002,1102.9999999999998
1989,12,33.0,27.334626454761608,12423.0,11550.0
1989,12,34.0,25.444230305950374,4260.000000000001,4041.999999999999
1989,12,35.0,27.258530183727036,404.99999999999994,357.00000000000006
1989,12,36.0,25.991092995169083,6768.000000000001,6479.999999999999
1989,12,37.0,25.1736869474779,2007.9999999999998,1838.0000000000002
1989,12,38.0,26.28671970624235,1648.9999999999998,1619.0000000000002
1989,12,39.0,26.69404258476148,6923.000000000001,6555.999999999999
1989,12,40.0,27.190806591500433,585.0,568.0
1989,12,41.0,25.208350906790383,2439.0000000000005,2302.9999999999995
1989,12,42.0,26.500567536889896,459.00000000000006,421.99999999999994
1989,12,43.0,25.143068817912415,3124.0000000000005,2949.9999999999995
1989,12,44.0,25.679898102733738,13289.0,13012.0
1989,12,45.0,26.357917570498916,1437.9999999999998,1328.0000000000002
1989,12,46.0,27.269794721407624,350.0,332.0
1989,12,47.0,26.586948368546068,4098.0,3901.0000000000005
1989,12,48.0,26.75318866986914,3102.0,2935.0
1989,12,49.0,24.833612506979343,871.0,920.0
1989,12,50.0,26.75705922865014,3013.0,2795.0
1989,12,51.0,25.905187835420392,284.99999999999994,274.00000000000006
1989,12,52.0,27.333333333333332,2.0,0.9999999999999998
1989,12,53.0,27.666666666666668,2.0,0.9999999999999998
1989,12,55.0,25.444444444444443,4.0,5.0
1989,12,57.0,26.554545454545455,165.0,165.0
1989,12,59.0,29.022222222222222,27.000000000000004,17.999999999999996
1990,1,1.0,25.01839785358375,2670.0,2548.0
1990,1,2.0,26.692622950819672,502.00000000000006,473.99999999999994
1990,1,3.0,26.044901610017888,2808.9999999999995,2781.0000000000005
1990,1,4.0,24.29534026148173,1501.9999999999998,1481.0000000000002
1990,1,5.0,26.688760447419853,24865.000000000004,23232.999999999996
1990,1,6.0,26.69341515223035,2165.9999999999995,2071.0000000000005
1990,1,7.0,27.545454545454547,1975.9999999999998,1973.0000000000002
1990,1,8.0,26.408983451536642,436.99999999999994,409.00000000000006
1990,1,9.0,25.768491834774256,543.0,497.99999999999994
1990,1,10.0,26.122969696969697,8470.000000000002,8029.999999999998
1990,1,11.0,25.244556473238227,4786.0,4537.0
1990,1,12.0,26.894524495677235,881.0,854.0
1990,1,13.0,26.335164835164836,602.9999999999999,671.0000000000001
1990,1,14.0,26.41846783476148,7939.0,7699.0
1990,1,15.0,25.60497000856898,3578.9999999999995,3423.0000000000005
1990,1,16.0,26.485891472868218,1661.9999999999998,1563.0000000000002
1990,1,17.0,26.063803299097415,1649.0,1564.0
1990,1,18.0,24.99954802259887,2327.0,2098.0
1990,1,19.0,25.156944676583652,3069.0000000000005,2913.9999999999995
1990,1,20.0,26.305397727272727,714.0,694.0
1990,1,21.0,26.797379646556976,3489.0,3075.0
1990,1,22.0,27.78648795017601,3764.999999999999,3621.000000000001
1990,1,23.0,26.061414895343177,6270.000000000001,6055.999999999999
1990,1,24.0,27.378001116694584,2754.0,2619.0
1990,1,25.0,24.311906699213452,1882.0000000000002,1804.9999999999998
1990,1,26.0,25.82650488496691,3187.9999999999995,3158.0000000000005
1990,1,27.0,26.51332560834299,451.0,412.0
1990,1,28.0,26.53463314520267,994.9999999999999,954.0000000000001
1990,1,29.0,25.8788584740827,868.0000000000001,848.9999999999999
1990,1,30.0,27.496448863636363,733.9999999999999,674.0000000000001
1990,1,31.0,27.659820538384846,5064.000000000001,4965.999999999999
1990,1,32.0,25.630699774266365,1069.9999999999998,1145.0000000000002
1990,1,33.0,27.36832608873944,12521.000000000002,11864.999999999998
1990,1,34.0,25.343354807921738,4255.000000000001,4126.999999999999
1990,1,35.0,26.896189224704337,394.99999999999994,366.00000000000006
1990,1,36.0,25.869616693799024,6893.999999999999,6620.000000000001
1990,1,37.0,25.090651558073656,1949.9999999999998,1933.0000000000002
1990,1,38.0,26.245847176079735,1733.0,1578.0
1990,1,39.0,26.70629017115621,7123.0,6724.0
1990,1,40.0,26.59640522875817,645.9999999999999,578.0000000000001
1990,1,41.0,25.099811281191027,2453.0000000000005,2315.9999999999995
1990,1,42.0,26.438996579247434,452.00000000000006,424.99999999999994
1990,1,43.0,25.10361842105263,3136.0000000000005,2943.9999999999995
1990,1,44.0,25.656422106682072,13372.000000000002,12592.999999999998
1990,1,45.0,26.13961157933309,1428.9999999999998,1300.0000000000002
1990,1,46.0,27.553459119496857,333.00000000000006,302.99999999999994
1990,1,47.0,26.531308353043695,4152.999999999999,3880.000000000001
1990,1,48.0,26.765332472562942,3211.0000000000005,2984.9999999999995
1990,1,49.0,24.896907216494846,926.9999999999999,916.0000000000001
1990,1,50.0,26.768146214099218,2925.0,2820.0
1990,1,51.0,26.10442477876106,294.99999999999994,270.00000000000006
1990,1,53.0,28.4,5.0,0.0
1990,1,55.0,27.22222222222222,4.0,5.0
1990,1,57.0,26.631746031746033,156.0,159.0
1990,1,59.0,28.82608695652174,26.000000000000004,19.999999999999996
1990,2,1.0,24.8818407960199,2573.0,2251.0
1990,2,2.0,26.43187066974596,448.00000000000006,417.99999999999994
1990,2,3.0,25.84463978597363,2653.0000000000005,2579.9999999999995
1990,2,4.0,24.532846715328468,1364.9999999999998,1375.0000000000002
1990,2,5.0,26.762797579612208,23204.0,22078.0
1990,2,6.0,26.97593911122023,2081.0,1992.0
1990,2,7.0,27.645827951433738,2048.0000000000005,1822.9999999999995
1990,2,8.0,26.22456575682382,411.99999999999994,394.00000000000006
1990,2,9.0,25.442449841605068,480.00000000000006,466.99999999999994
1990,2,10.0,26.093658601435788,7705.999999999999,7338.000000000001
1990,2,11.0,25.442300947036127,4407.999999999999,4145.000000000001
1990,2,12.0,26.975,816.9999999999999,743.0000000000001
1990,2,13.0,26.114795918367346,605.0,571.0
1990,2,14.0,26.54531438530634,7586.999999999999,7331.000000000001
1990,2,15.0,25.49571996331397,3356.9999999999995,3185.0000000000005
1990,2,16.0,26.4265780730897,1534.9999999999998,1475.0000000000002
1990,2,17.0,26.152525586001982,1531.0000000000002,1497.9999999999998
1990,2,18.0,24.903990024937656,2077.9999999999995,1932.0000000000002
1990,2,19.0,25.260033917467496,2676.9999999999995,2630.0000000000005
1990,2,20.0,26.224683544303797,681.0000000000001,582.9999999999999
1990,2,21.0,26.926367346938775,3168.0,2957.0
1990,2,22.0,27.80683463654793,3533.0000000000005,3372.9999999999995
1990,2,23.0,26.08980379003857,6069.999999999999,5856.000000000001
1990,2,24.0,27.252586375170797,2623.0,2500.0
1990,2,25.0,24.391330166270784,1689.9999999999998,1678.0000000000002
1990,2,26.0,25.886363636363637,2981.0000000000005,2914.9999999999995
1990,2,27.0,26.638857142857145,440.00000000000006,434.99999999999994
1990,2,28.0,26.760361317747076,982.0,900.0
1990,2,29.0,26.11637931034483,837.9999999999999,786.0000000000001
1990,2,30.0,27.236238532110093,675.0,633.0
1990,2,31.0,27.717791411042946,4664.999999999999,4626.000000000001
1990,2,32.0,25.712614445574772,981.0000000000001,984.9999999999999
1990,2,33.0,27.38749211498603,11287.0,10907.0
1990,2,34.0,25.42323862912473,4045.000000000001,3803.999999999999
1990,2,35.0,26.830319888734355,361.00000000000006,357.99999999999994
1990,2,36.0,25.97442475747615,6353.999999999999,6119.000000000001
1990,2,37.0,25.10262793914246,1873.9999999999998,1741.0000000000002
1990,2,38.0,26.539315448658648,1651.9999999999998,1591.0000000000002
1990,2,39.0,26.843070652173914,6732.0,6516.0
1990,2,40.0,26.94608256107835,565.9999999999999,621.0000000000001
1990,2,41.0,25.136436967043096,2225.0000000000005,2113.9999999999995
1990,2,42.0,26.7688679245283,401.00000000000006,446.99999999999994
1990,2,43.0,25.05305610324431,2900.0000000000005,2678.9999999999995
1990,2,44.0,25.728858600145728,11843.0,11488.0
1990,2,45.0,26.308732188527586,1397.0000000000002,1339.9999999999998
1990,2,46.0,27.444625407166125,298.0,316.0
1990,2,47.0,26.503733333333333,3827.9999999999995,3672.0000000000005
1990,2,48.0,26.922985581000848,3029.0,2866.0
1990,2,49.0,24.886480319452367,885.0,868.0
1990,2,50.0,26.830613692798863,2924.0,2714.0
1990,2,51.0,26.01388888888889,258.0,246.00000000000003
1990,2,52.0,36.0,0.0,1.0
1990,2,53.0,34.6,3.0000000000000004,1.9999999999999996
1990,2,55.0,26.25,8.0,3.999999999999999
1990,2,57.0,26.53639846743295,134.99999999999997,126.00000000000001
1990,2,59.0,29.4,18.0,22.0
1990,3,1.0,25.037880237229768,2727.0000000000005,2499.9999999999995
1990,3,2.0,26.74784276126558,521.0,522.0
1990,3,3.0,25.988130053328746,2946.0000000000005,2866.9999999999995
1990,3,4.0,24.4527027027027,1511.9999999999998,1448.0000000000002
1990,3,5.0,26.727567103620473,26242.000000000004,25021.999999999996
1990,3,6.0,26.845719252498913,2313.9999999999995,2288.0000000000005
1990,3,7.0,27.744651797906236,2248.0,2146.0
1990,3,8.0,26.30032292787944,474.99999999999994,454.00000000000006
1990,3,9.0,26.30499468650372,495.99999999999994,445.00000000000006
1990,3,10.0,26.201083032490974,8401.0,8219.0
1990,3,11.0,25.49703201187195,4842.999999999999,4591.000000000001
1990,3,12.0,26.923723723723725,845.9999999999999,819.0000000000001
1990,3,13.0,26.14992614475628,696.0,658.0
1990,3,14.0,26.542626865671643,8625.0,8124.999999999999
1990,3,15.0,25.777240360069865,3845.0000000000005,3597.9999999999995
1990,3,16.0,26.559206631142686,1700.0,1678.0
1990,3,17.0,26.34123649459784,1726.0,1606.0
1990,3,18.0,25.211204979991106,2326.0,2172.0
1990,3,19.0,25.215750473892815,2929.0,2874.0
1990,3,20.0,26.265469061876246,766.9999999999999,736.0000000000001
1990,3,21.0,27.157461809635723,3474.0,3334.0
1990,3,22.0,27.919576452792136,4028.9999999999995,3904.0000000000005
1990,3,23.0,26.258254015466985,6751.0,6697.0
1990,3,24.0,27.254783484390735,3028.0,2930.0
1990,3,25.0,24.50283768444949,1753.9999999999998,1770.0000000000002
1990,3,26.0,25.85470719051149,3449.9999999999995,3295.0000000000005
1990,3,27.0,26.487586891757697,535.9999999999999,471.00000000000006
1990,3,28.0,26.712064090480677,1091.9999999999998,1030.0000000000002
1990,3,29.0,26.126050420168067,873.0000000000001,911.9999999999999
1990,3,30.0,27.5581098339719,826.9999999999999,739.0000000000001
1990,3,31.0,27.729072993399026,5288.999999999999,5164.000000000001
1990,3,32.0,25.704464285714284,1126.0000000000002,1113.9999999999998
1990,3,33.0,27.435366868831014,12969.999999999998,12257.000000000002
1990,3,34.0,25.41509874956176,4470.000000000001,4086.999999999999
1990,3,35.0,26.83046683046683,413.0,401.0
1990,3,36.0,25.98567415730337,7344.0,6896.0
1990,3,37.0,25.161000485672655,2058.0,2060.0
1990,3,38.0,26.520447110141767,1927.0,1741.0
1990,3,39.0,26.85706638115632,7675.0,7269.0
1990,3,40.0,26.990210843373493,681.9999999999999,646.0000000000001
1990,3,41.0,25.21016454905228,2463.0,2338.0
1990,3,42.0,26.18683651804671,500.0000000000001,441.9999999999999
1990,3,43.0,25.17017571632104,3219.0,3098.0
1990,3,44.0,25.71049749687109,13030.000000000002,12537.999999999998
1990,3,45.0,26.380528157811007,1572.9999999999998,1570.0000000000002
1990,3,46.0,27.649147727272727,376.00000000000006,327.99999999999994
1990,3,47.0,26.58180484225972,4268.0,3909.9999999999995
1990,3,48.0,26.730865285735273,3468.9999999999995,3338.0000000000005
1990,3,49.0,25.11891592920354,957.0,851.0
1990,3,50.0,26.670535856256958,3226.9999999999995,3062.0000000000005
1990,3,51.0,25.970920840064622,293.00000000000006,325.99999999999994
1990,3,52.0,26.0,1.0,1.0
1990,3,53.0,29.75,1.0,3.0
1990,3,55.0,28.4,6.999999999999998,8.000000000000002
1990,3,57.0,26.59259259259259,148.0,149.0
1990,3,59.0,28.2,13.999999999999996,16.000000000000004
1990,4,1.0,25.179164167166565,2532.9999999999995,2468.0000000000005
1990,4,2.0,26.79596174282678,469.00000000000006,471.99999999999994
1990,4,3.0,25.88574108818011,2707.9999999999995,2622.0000000000005
1990,4,4.0,24.644404973357016,1438.0,1377.0
1990,4,5.0,26.739194741166802,24995.0,23685.0
1990,4,6.0,26.868660022148394,2316.0,2199.0
1990,4,7.0,27.84272356748981,2130.0,2040.9999999999998
1990,4,8.0,26.447680690399135,472.9999999999999,454.0000000000001
1990,4,9.0,25.998834498834498,449.9999999999999,408.0000000000001
1990,4,10.0,26.257857188765346,8035.000000000002,7523.999999999998
1990,4,11.0,25.563697478991596,4518.0,4407.0
1990,4,12.0,27.164197530864197,821.9999999999999,798.0000000000001
1990,4,13.0,26.1866485013624,758.0,710.0
1990,4,14.0,26.632984159427696,7951.0,7705.0
1990,4,15.0,25.780463242698893,3572.0,3379.0
1990,4,16.0,26.473022685469036,1698.0,1564.0
1990,4,17.0,26.180726698262244,1622.0000000000005,1542.9999999999995
1990,4,18.0,25.152538479209742,2235.9999999999995,2117.0000000000005
1990,4,19.0,25.217978742568906,2888.9999999999995,2662.0000000000005
1990,4,20.0,26.20445609436435,786.0000000000001,739.9999999999999
1990,4,21.0,27.17990055748079,3347.999999999999,3289.000000000001
1990,4,22.0,28.037135953198526,4117.000000000001,3745.9999999999995
1990,4,23.0,26.20101167315175,6558.999999999999,6291.000000000001
1990,4,24.0,27.395135227079436,3035.0,2844.0
1990,4,25.0,24.59246887336775,1698.0000000000005,1594.9999999999995
1990,4,26.0,26.02602348460806,3172.0,3130.0
1990,4,27.0,26.702862783810463,526.0,486.99999999999994
1990,4,28.0,26.49873417721519,969.0,1006.0
1990,4,29.0,25.88689407540395,834.9999999999999,836.0000000000001
1990,4,30.0,27.561652679147837,762.0,787.0
1990,4,31.0,27.975303724357698,5107.999999999999,4934.000000000001
1990,4,32.0,25.841961852861036,1088.0,1114.0
1990,4,33.0,27.52244748710031,12561.0,12052.0
1990,4,34.0,25.45699831365936,4239.999999999999,4062.0000000000005
1990,4,35.0,26.94904458598726,404.00000000000006,380.99999999999994
1990,4,36.0,26.130219861295558,6986.999999999999,6567.000000000001
1990,4,37.0,25.348723239618263,1951.0,1926.0
1990,4,38.0,26.647547797173733,1887.9999999999998,1721.0000000000002
1990,4,39.0,26.840813414199072,7182.999999999998,6832.000000000002
1990,4,40.0,27.04306969459671,649.0,628.0
1990,4,41.0,25.25639922563992,2430.0,2219.0
1990,4,42.0,26.668181818181818,444.00000000000006,435.99999999999994
1990,4,43.0,25.25572959604287,3116.0000000000005,2948.9999999999995
1990,4,44.0,25.70033388981636,12823.0,12335.0
1990,4,45.0,26.749841068022885,1651.9999999999998,1494.0000000000002
1990,4,46.0,27.441690962099127,349.00000000000006,336.99999999999994
1990,4,47.0,26.713003933136676,4068.0,4068.0
1990,4,48.0,26.695833978627846,3354.0000000000005,3102.9999999999995
1990,4,49.0,25.03150912106136,909.0000000000001,899.9999999999999
1990,4,50.0,26.895453089977586,3159.0000000000005,3086.9999999999995
1990,4,51.0,25.864436619718308,306.00000000000006,261.99999999999994
1990,4,52.0,27.0,1.0,0.0
1990,4,53.0,28.666666666666668,0.9999999999999998,2.0
1990,4,54.0,20.0,0.0,1.0
1990,4,55.0,26.25,9.0,3.0
1990,4,56.0,37.0,1.0,0.0
1990,4,57.0,26.100334448160535,154.00000000000003,144.99999999999997
1990,4,59.0,28.68888888888889,20.0,25.0
1990,5,1.0,25.315217391304348,2652.0,2500.0
1990,5,2.0,26.613614573346116,497.0000000000001,545.9999999999999
1990,5,3.0,26.13774787535411,2848.0,2800.0
1990,5,4.0,24.799932863376974,1563.0,1416.0
1990,5,5.0,26.80434740864489,26745.000000000004,25331.999999999996
1990,5,6.0,26.98347971560017,2449.0,2333.0
1990,5,7.0,28.020356234096692,2278.0,2045.0000000000002
1990,5,8.0,26.71027027027027,480.0,445.0
1990,5,9.0,25.91005291005291,482.00000000000006,462.99999999999994
1990,5,10.0,26.371742620723726,8291.0,7902.999999999999
1990,5,11.0,25.57541781256611,4866.999999999999,4587.000000000001
1990,5,12.0,26.742633794347565,870.0000000000001,792.9999999999999
1990,5,13.0,26.20119920053298,795.0000000000001,705.9999999999999
1990,5,14.0,26.65021190234585,8606.000000000002,8146.999999999999
1990,5,15.0,25.68351678217149,3801.0000000000005,3557.9999999999995
1990,5,16.0,26.593121538909937,1757.9999999999998,1673.0000000000002
1990,5,17.0,26.39243498817967,1735.9999999999998,1648.0000000000002
1990,5,18.0,25.213272211307576,2342.0,2239.0
1990,5,19.0,25.420332021221974,2992.0000000000005,2850.9999999999995
1990,5,20.0,26.712380952380954,777.0000000000001,797.9999999999999
1990,5,21.0,27.267505787037038,3555.0000000000005,3356.9999999999995
1990,5,22.0,27.969210335667714,4282.0,4000.0
1990,5,23.0,26.24742421979991,6864.0,6530.0
1990,5,24.0,27.37578460521969,3054.0000000000005,2999.9999999999995
1990,5,25.0,24.5801393728223,1703.9999999999998,1740.0000000000002
1990,5,26.0,25.927632550583372,3428.0,3343.0
1990,5,27.0,26.469077069457658,580.0,471.00000000000006
1990,5,28.0,26.79014598540146,1111.0,1081.0
1990,5,29.0,26.10325476992144,888.9999999999998,893.0000000000002
1990,5,30.0,27.68231046931408,823.0000000000001,838.9999999999999
1990,5,31.0,27.88550270578183,5351.0,5182.0
1990,5,32.0,25.68871925360475,1193.0,1165.0
1990,5,33.0,27.497209338888453,12921.0,12521.0
1990,5,34.0,25.616794929832505,4542.999999999999,4293.000000000001
1990,5,35.0,26.900243309002434,403.0,419.0
1990,5,36.0,26.244606869145613,7234.000000000001,6857.999999999999
1990,5,37.0,25.429451000513083,1947.0,1951.0
1990,5,38.0,26.73691168693813,1953.0,1829.0
1990,5,39.0,26.98834135430082,7568.0,7185.0
1990,5,40.0,27.2280303030303,676.0000000000001,643.9999999999999
1990,5,41.0,25.439771766694843,2469.9999999999995,2262.0000000000005
1990,5,42.0,26.3097609561753,524.0,480.0
1990,5,43.0,25.230719166937845,3137.0000000000005,3008.9999999999995
1990,5,44.0,25.792810802655403,13540.999999999998,12971.000000000002
1990,5,45.0,26.535921736472027,1657.0,1614.0
1990,5,46.0,27.02652519893899,377.0,377.0
1990,5,47.0,26.64420803782506,4305.000000000001,4154.999999999999
1990,5,48.0,26.859881395669564,3696.0000000000005,3554.9999999999995
1990,5,49.0,25.187365010799137,933.0000000000002,918.9999999999998
1990,5,50.0,26.89371234358103,3282.0,3191.0
1990,5,51.0,26.211394302848575,341.0,326.0
1990,5,52.0,32.0,1.0,0.0
1990,5,53.0,26.2,3.0000000000000004,1.9999999999999996
1990,5,54.0,23.0,0.0,1.0
1990,5,55.0,26.333333333333332,2.000000000000001,6.999999999999999
1990,5,57.0,26.509316770186334,170.0,152.0
1990,5,59.0,30.951219512195124,19.0,22.0
1990,6,1.0,25.155131734172237,2624.0000000000005,2461.9999999999995
1990,6,2.0,27.29512893982808,525.0000000000001,521.9999999999999
1990,6,3.0,26.052883762200533,2861.9999999999995,2773.0000000000005
1990,6,4.0,24.70017035775128,1512.0000000000002,1422.9999999999998
1990,6,5.0,26.756906945235336,26102.000000000004,24824.999999999996
1990,6,6.0,26.919540229885058,2392.0,2219.0
1990,6,7.0,28.083704572098476,2235.0,2029.9999999999998
1990,6,8.0,26.429447852760735,505.00000000000006,472.99999999999994
1990,6,9.0,25.548484848484847,492.0000000000001,497.9999999999999
1990,6,10.0,26.27795770622976,8066.0,7681.0
1990,6,11.0,25.520053327408064,4560.000000000001,4440.999999999999
1990,6,12.0,27.00060569351908,836.0,815.0
1990,6,13.0,26.252692031586506,717.9999999999999,675.0000000000001
1990,6,14.0,26.615356928614275,8610.999999999998,8059.000000000002
1990,6,15.0,25.557936284183818,3620.0000000000005,3473.9999999999995
1990,6,16.0,26.406509057414798,1703.9999999999998,1553.0000000000002
1990,6,17.0,26.0879949717159,1691.0,1491.0
1990,6,18.0,25.149887133182844,2335.0,2095.0
1990,6,19.0,25.249779968315437,2947.0000000000005,2733.9999999999995
1990,6,20.0,26.210072895957587,774.0000000000001,734.9999999999999
1990,6,21.0,27.131029301277234,3418.0,3237.0
1990,6,22.0,27.95055900621118,4100.999999999999,3949.0000000000005
1990,6,23.0,26.241124701670646,6824.999999999999,6583.000000000001
1990,6,24.0,27.47736904560095,3077.0000000000005,2821.9999999999995
1990,6,25.0,24.46016166281755,1748.9999999999998,1715.0000000000002
1990,6,26.0,26.01691076551412,3470.9999999999995,3152.0000000000005
1990,6,27.0,26.556195965417867,552.0,489.0
1990,6,28.0,26.65535889872173,1091.0,942.9999999999999
1990,6,29.0,26.169146005509642,951.9999999999999,863.0000000000001
1990,6,30.0,27.450468540829988,759.0000000000001,734.9999999999999
1990,6,31.0,27.827251071939017,5487.999999999999,5007.000000000001
1990,6,32.0,25.84438775510204,1219.0000000000002,1132.9999999999998
1990,6,33.0,27.476057446389927,13132.000000000002,12282.999999999998
1990,6,34.0,25.471086855550396,4407.999999999999,4204.000000000001
1990,6,35.0,26.7496740547588,394.00000000000006,372.99999999999994
1990,6,36.0,26.078434084935676,7405.000000000001,7052.999999999999
1990,6,37.0,26.082951653944022,1999.0,1931.0
1990,6,38.0,26.62068062827225,1934.0,1886.0
1990,6,39.0,26.910486634681288,7554.0,7036.0
1990,6,40.0,26.78450920245399,674.0,630.0
1990,6,41.0,25.279546911733277,2440.9999999999995,2238.0000000000005
1990,6,42.0,26.28771551724138,461.99999999999994,466.00000000000006
1990,6,43.0,25.257244617128055,3203.9999999999995,2973.0000000000005
1990,6,44.0,25.78820290994888,12954.000000000004,12475.999999999996
1990,6,45.0,26.36545278762488,1604.0000000000002,1498.9999999999998
1990,6,46.0,27.387182910547395,388.0,361.0
1990,6,47.0,26.67019002375297,4263.0,4157.0
1990,6,48.0,26.824500434404865,3519.0000000000005,3386.9999999999995
1990,6,49.0,24.758985200845665,955.9999999999999,936.0000000000001
1990,6,50.0,26.87798150251501,3172.0000000000005,2990.9999999999995
1990,6,51.0,26.197301854974704,323.0,270.0
1990,6,52.0,19.0,0.0,1.0
1990,6,55.0,26.9375,8.0,8.0
1990,6,57.0,26.60244648318043,175.00000000000003,151.99999999999997
1990,6,59.0,28.682926829268293,16.999999999999996,24.000000000000004
1990,7,1.0,25.144647332617257,2930.0,2656.0
1990,7,2.0,27.06865671641791,530.0,474.99999999999994
1990,7,3.0,25.878576072821847,3178.9999999999995,2973.0000000000005
1990,7,4.0,24.43205471305382,1706.0,1657.0
1990,7,5.0,26.71931598958626,27329.0,26062.0
1990,7,6.0,27.029499786233433,2393.0,2285.0
1990,7,7.0,27.708645787384206,2322.0000000000005,2211.9999999999995
1990,7,8.0,26.27310924369748,507.0000000000001,444.9999999999999
1990,7,9.0,26.315645013723696,574.0,519.0
1990,7,10.0,26.175629123606,8830.000000000002,8296.999999999998
1990,7,11.0,25.39889310238803,5068.0,4689.0
1990,7,12.0,26.958847736625515,861.0,840.0
1990,7,13.0,26.08713692946058,760.9999999999999,685.0000000000001
1990,7,14.0,26.53037851457367,9002.0,8461.0
1990,7,15.0,25.678654894832512,3981.999999999999,3720.000000000001
1990,7,16.0,26.47347057118005,1772.0000000000005,1676.9999999999995
1990,7,17.0,26.16315789473684,1766.0,1654.0
1990,7,18.0,25.06633601983881,2543.0000000000005,2295.9999999999995
1990,7,19.0,25.306350420811018,3291.0,3244.0
1990,7,20.0,26.368,762.9999999999999,737.0000000000001
1990,7,21.0,27.099271532638195,3556.0000000000005,3444.9999999999995
1990,7,22.0,27.86065673088574,4254.0,3999.0
1990,7,23.0,26.164089848308052,7043.999999999999,6668.000000000001
1990,7,24.0,27.370810632326233,3162.9999999999995,2894.0000000000005
1990,7,25.0,24.57157464212679,2059.9999999999995,1852.0000000000002
1990,7,26.0,25.90957298353335,3664.9999999999995,3501.0000000000005
1990,7,27.0,26.276511397423192,507.9999999999999,501.0000000000001
1990,7,28.0,26.833951762523192,1074.9999999999998,1081.0000000000002
1990,7,29.0,25.9203125,990.0,930.0
1990,7,30.0,27.514920634920635,789.0000000000001,785.9999999999999
1990,7,31.0,27.84311366160681,5548.000000000001,5255.999999999999
1990,7,32.0,25.820672478206724,1224.0,1185.0
1990,7,33.0,27.415963684509173,13588.0,12847.0
1990,7,34.0,25.38263562580094,4899.999999999999,4464.000000000001
1990,7,35.0,27.034526854219948,399.99999999999994,382.00000000000006
1990,7,36.0,26.069887084920158,7599.000000000001,7367.999999999999
1990,7,37.0,25.12255479613481,2152.0,2091.0
1990,7,38.0,26.646054333764553,2005.9999999999998,1859.0000000000002
1990,7,39.0,26.887323943661972,7659.000000000001,7463.999999999999
1990,7,40.0,26.933779761904763,691.9999999999999,652.0000000000001
1990,7,41.0,25.2583284628872,2580.9999999999995,2552.0000000000005
1990,7,42.0,26.232365145228215,493.99999999999994,470.00000000000006
1990,7,43.0,25.182841902504073,3493.9999999999995,3255.0000000000005
1990,7,44.0,25.64857071659962,14237.000000000002,13853.999999999998
1990,7,45.0,26.500758265089477,1661.0000000000002,1635.9999999999998
1990,7,46.0,27.205920205920204,411.00000000000006,365.99999999999994
1990,7,47.0,26.564239463819153,4508.999999999999,4294.000000000001
1990,7,48.0,26.842497136311568,3546.0,3438.0
1990,7,49.0,25.024201355275896,1083.9999999999998,982.0000000000002
1990,7,50.0,26.837205675970683,3290.0,3123.0
1990,7,51.0,26.21558872305141,307.99999999999994,295.00000000000006
1990,7,53.0,31.285714285714285,7.0,0.0
1990,7,55.0,30.3,7.0,3.0000000000000004
1990,7,57.0,26.675213675213676,185.99999999999997,165.00000000000003
1990,7,59.0,29.797101449275363,41.0,28.0
1990,8,1.0,25.08873362445415,2903.9999999999995,2821.0000000000005
1990,8,2.0,26.75836431226766,564.0,512.0
1990,8,3.0,25.916492357200323,3217.0000000000005,2997.9999999999995
1990,8,4.0,24.401521802750953,1750.0,1667.0
1990,8,5.0,26.775796317146696,28241.000000000004,26824.999999999996
1990,8,6.0,26.789616914381412,2444.9999999999995,2332.0000000000005
1990,8,7.0,27.800913242009134,2236.9999999999995,2143.0000000000005
1990,8,8.0,26.459514170040485,515.9999999999999,472.00000000000006
1990,8,9.0,26.01972386587771,530.0,484.0
1990,8,10.0,26.199267192784667,9118.999999999998,8621.000000000002
1990,8,11.0,25.448409619860357,5345.000000000001,4966.999999999999
1990,8,12.0,26.64426877470356,902.9999999999999,868.0000000000001
1990,8,13.0,26.193265993265992,743.0,742.0
1990,8,14.0,26.62032511083324,9119.999999999998,8474.000000000002
1990,8,15.0,25.5205035037633,3935.0000000000005,3770.9999999999995
1990,8,16.0,26.4131632357205,1779.9999999999998,1669.0000000000002
1990,8,17.0,26.14752219994271,1822.0,1669.0
1990,8,18.0,25.010726573568103,2552.9999999999995,2388.0000000000005
1990,8,19.0,25.24025779376499,3397.000000000001,3274.999999999999
1990,8,20.0,26.39452887537994,836.0,809.0
1990,8,21.0,27.158328595793066,3612.0000000000005,3423.9999999999995
1990,8,22.0,27.946151021906743,4165.000000000001,4005.9999999999995
1990,8,23.0,26.145479412611575,7157.999999999999,6734.000000000001
1990,8,24.0,27.315275016567263,3082.9999999999995,2953.0000000000005
1990,8,25.0,24.52798415056959,2054.0,1984.0000000000002
1990,8,26.0,25.942896742896743,3650.0,3565.0
1990,8,27.0,26.37550200803213,483.00000000000006,513.0
1990,8,28.0,26.87700780174392,1090.9999999999998,1088.0000000000002
1990,8,29.0,26.23888055972014,1033.9999999999998,967.0000000000001
1990,8,30.0,27.505739795918366,810.0,758.0
1990,8,31.0,27.748192771084337,5494.000000000001,5295.999999999999
1990,8,32.0,25.697427521437323,1231.0000000000002,1217.9999999999998
1990,8,33.0,27.46677964796056,13431.999999999998,12531.000000000002
1990,8,34.0,25.409622208307244,4959.999999999999,4622.000000000001
1990,8,35.0,26.680522565320665,418.00000000000006,423.99999999999994
1990,8,36.0,25.97411670769845,7744.000000000001,7284.999999999999
1990,8,37.0,25.2794425087108,2155.0000000000005,2149.9999999999995
1990,8,38.0,26.53080697928026,1859.0,1809.0
1990,8,39.0,26.77158664295594,7809.999999999999,7373.000000000001
1990,8,40.0,27.083794466403162,633.0,632.0
1990,8,41.0,25.227799227799228,2726.0,2713.0
1990,8,42.0,26.40255905511811,512.0,504.0
1990,8,43.0,25.091996455995275,3474.0000000000005,3297.9999999999995
1990,8,44.0,25.674974762418632,14575.0,14152.0
1990,8,45.0,26.27592768791627,1634.0000000000002,1518.9999999999998
1990,8,46.0,27.164556962025316,349.00000000000006,361.99999999999994
1990,8,47.0,26.60498260576815,4587.000000000001,4323.999999999999
1990,8,48.0,26.735984263032176,3612.0,3505.0
1990,8,49.0,24.98779296875,1054.0,994.0
1990,8,50.0,26.710007880220648,3204.0000000000005,3140.9999999999995
1990,8,51.0,26.016528925619834,311.0,294.0
1990,8,52.0,26.5,1.0,1.0
1990,8,53.0,32.25,2.0,2.0
1990,8,55.0,30.625,7.0,1.0
1990,8,57.0,26.83661971830986,188.0,167.0
1990,8,59.0,29.147540983606557,31.999999999999996,29.000000000000004
1990,9,1.0,24.96788163118008,2859.9999999999995,2682.0000000000005
1990,9,2.0,26.761061946902654,514.0000000000001,502.9999999999999
1990,9,3.0,26.088293650793652,3086.0,2962.0
1990,9,4.0,24.60299625468165,1615.9999999999998,1588.0000000000002
1990,9,5.0,26.72577219717575,27525.0,26153.0
1990,9,6.0,26.886101243339255,2301.9999999999995,2202.0000000000005
1990,9,7.0,27.967749641662685,2144.0,2042.0
1990,9,8.0,26.347778981581797,491.00000000000006,431.99999999999994
1990,9,9.0,26.32196589769308,489.99999999999994,507.00000000000006
1990,9,10.0,26.18272630338403,9192.0,8627.0
1990,9,11.0,25.466030377668307,4861.999999999999,4882.000000000001
1990,9,12.0,26.994475138121548,924.0000000000001,885.9999999999999
1990,9,13.0,25.954876273653568,713.0000000000001,660.9999999999999
1990,9,14.0,26.60664484054808,8437.999999999998,8056.000000000002
1990,9,15.0,25.692901652668652,3787.9999999999995,3594.0000000000005
1990,9,16.0,26.42576946288473,1656.0,1658.0
1990,9,17.0,26.18901699029126,1660.0000000000002,1635.9999999999998
1990,9,18.0,25.069444444444443,2425.9999999999995,2254.0000000000005
1990,9,19.0,25.18230732710872,3171.9999999999995,3147.0000000000005
1990,9,20.0,26.42749658002736,760.9999999999999,701.0000000000001
1990,9,21.0,27.06829840246226,3520.9999999999995,3302.0000000000005
1990,9,22.0,27.93576099499936,3964.0000000000005,3834.9999999999995
1990,9,23.0,26.252648549055735,6595.000000000001,6430.999999999999
1990,9,24.0,27.594981445485068,2916.9999999999995,2742.0000000000005
1990,9,25.0,24.53682319733128,2028.9999999999995,1868.0000000000005
1990,9,26.0,25.956146762169272,3500.0,3341.0
1990,9,27.0,26.71101417666303,457.0,460.0
1990,9,28.0,26.691125433812594,999.0000000000002,1017.9999999999998
1990,9,29.0,25.759764579989298,924.9999999999998,944.0000000000002
1990,9,30.0,27.585978835978835,800.9999999999999,711.0000000000001
1990,9,31.0,27.892549606888807,5530.999999999999,5153.000000000001
1990,9,32.0,25.723173277661797,1256.0,1139.0
1990,9,33.0,27.48433916000949,12853.0,12433.0
1990,9,34.0,25.56698487611284,4753.999999999999,4569.000000000001
1990,9,35.0,26.63841059602649,417.0,338.0
1990,9,36.0,26.01017089877534,7456.000000000001,6996.999999999999
1990,9,37.0,25.164227238898537,2022.9999999999995,2008.0000000000005
1990,9,38.0,26.51491681009753,1772.0000000000002,1713.9999999999998
1990,9,39.0,26.887006028131278,7602.000000000001,7327.999999999999
1990,9,40.0,26.756133828996283,691.9999999999999,653.0000000000001
1990,9,41.0,25.41866073084771,2748.0,2643.0
1990,9,42.0,26.379077615298087,460.00000000000006,428.99999999999994
1990,9,43.0,25.212272231739604,3355.0,3066.0
1990,9,44.0,25.76022244030095,14138.999999999996,13374.000000000004
1990,9,45.0,26.36267845003399,1472.0000000000002,1469.9999999999998
1990,9,46.0,27.026536312849164,384.00000000000006,331.99999999999994
1990,9,47.0,26.598065184843946,4466.999999999999,4216.000000000001
1990,9,48.0,26.834569396095052,3368.9999999999995,3238.0000000000005
1990,9,49.0,25.136152656008253,1023.0,916.0
1990,9,50.0,26.77590400518891,3195.0,2972.0
1990,9,51.0,25.926701570680628,315.00000000000006,257.99999999999994
1990,9,53.0,33.333333333333336,2.0,0.9999999999999998
1990,9,54.0,30.0,1.0,0.0
1990,9,55.0,29.22222222222222,2.999999999999999,6.000000000000001
1990,9,57.0,26.776923076923076,202.99999999999997,187.00000000000003
1990,9,59.0,28.51063829787234,19.999999999999996,27.000000000000004
1990,10,1.0,25.124792626728112,2811.9999999999995,2613.0000000000005
1990,10,2.0,27.024752475247524,533.0,477.0
1990,10,3.0,26.044692737430168,3035.9999999999995,2871.0000000000005
1990,10,4.0,24.733142493638677,1635.9999999999998,1508.0000000000002
1990,10,5.0,26.788063909774436,27228.0,25972.0
1990,10,6.0,27.06812485759854,2183.0,2206.0
1990,10,7.0,27.94192464602832,2139.9999999999995,2027.0000000000002
1990,10,8.0,26.520576131687243,515.9999999999999,456.00000000000006
1990,10,9.0,26.105050505050507,467.00000000000006,523.0
1990,10,10.0,26.198432085439983,9018.0,8585.0
1990,10,11.0,25.453067484662576,4989.000000000001,4790.999999999999
1990,10,12.0,27.05005382131324,972.0,886.0
1990,10,13.0,26.156617647058823,671.0,689.0
1990,10,14.0,26.613125870315432,8431.999999999998,8085.000000000001
1990,10,15.0,25.67749483826566,3749.999999999999,3515.000000000001
1990,10,16.0,26.597156398104264,1725.0000000000002,1650.9999999999998
1990,10,17.0,26.229012345679013,1643.9999999999998,1596.0000000000002
1990,10,18.0,25.131471535982815,2404.0000000000005,2250.9999999999995
1990,10,19.0,25.347054202670858,3210.0,3155.0
1990,10,20.0,26.53211009174312,708.0,709.0
1990,10,21.0,27.18659151587066,3410.0,3332.0
1990,10,22.0,27.98126154658221,3949.9999999999995,3628.0000000000005
1990,10,23.0,26.300980312727862,6336.999999999999,6006.000000000001
1990,10,24.0,27.516414141414142,2861.9999999999995,2682.0000000000005
1990,10,25.0,24.582085488701335,1854.9999999999998,1818.0000000000002
1990,10,26.0,26.013827596351867,3521.9999999999995,3276.0000000000005
1990,10,27.0,26.634575569358176,485.00000000000006,480.99999999999994
1990,10,28.0,26.67358024691358,1039.0,986.0
1990,10,29.0,26.30815544608648,922.0,905.0
1990,10,30.0,27.386548410938655,675.9999999999999,677.0000000000001
1990,10,31.0,27.98502091236261,5165.000000000001,5115.999999999999
1990,10,32.0,25.71690258118235,1210.0000000000002,1191.9999999999998
1990,10,33.0,27.540133445203566,12786.999999999998,12242.000000000002
1990,10,34.0,25.52730126695818,4614.0,4305.0
1990,10,35.0,27.028241335044928,399.0,380.0
1990,10,36.0,26.24338353560462,7036.999999999998,6641.000000000002
1990,10,37.0,25.321332353661525,2117.0,1966.0
1990,10,38.0,26.561408372608817,1848.9999999999998,1758.0000000000002
1990,10,39.0,27.05173011580334,7476.999999999999,6944.000000000001
1990,10,40.0,27.097156398104264,628.9999999999999,637.0000000000001
1990,10,41.0,25.493626201215925,2573.0,2526.0
1990,10,42.0,26.386509635974303,489.99999999999994,444.00000000000006
1990,10,43.0,25.32312713708424,3308.0000000000005,3125.9999999999995
1990,10,44.0,25.763618641926286,14254.999999999998,13446.000000000002
1990,10,45.0,26.145704018294676,1571.9999999999998,1489.0000000000002
1990,10,46.0,27.253731343283583,348.0,322.0
1990,10,47.0,26.685167348904407,4305.0,4001.0000000000005
1990,10,48.0,26.759725400457665,3398.0,3157.0
1990,10,49.0,25.184168012924072,909.0,948.0
1990,10,50.0,26.951195219123505,3141.0000000000005,2882.9999999999995
1990,10,51.0,25.950963222416814,289.00000000000006,281.99999999999994
1990,10,52.0,27.0,2.0,0.9999999999999998
1990,10,53.0,36.0,0.9999999999999998,2.0
1990,10,54.0,33.5,2.0,0.0
1990,10,55.0,29.666666666666668,6.999999999999999,5.000000000000001
1990,10,56.0,25.5,0.0,2.0
1990,10,57.0,26.73190348525469,199.99999999999997,173.00000000000003
1990,10,59.0,29.980392156862745,31.000000000000004,19.999999999999996
1990,11,1.0,25.027938342967246,2636.9999999999995,2553.0000000000005
1990,11,2.0,26.784424379232505,431.0,455.0
1990,11,3.0,26.104509283819628,2869.0,2786.0
1990,11,4.0,24.771192052980133,1559.0000000000002,1460.9999999999998
1990,11,5.0,26.755417772671446,25738.999999999996,24743.000000000004
1990,11,6.0,26.86697358856312,2156.0000000000005,1970.9999999999995
1990,11,7.0,27.795192789183776,2093.0000000000005,1900.9999999999998
1990,11,8.0,26.87936507936508,488.99999999999994,456.00000000000006
1990,11,9.0,26.231632653061226,503.99999999999994,476.00000000000006
1990,11,10.0,26.25237890601019,8157.000000000001,8131.999999999999
1990,11,11.0,25.548130995699637,4664.0,4405.0
1990,11,12.0,27.1663807890223,892.9999999999999,856.0000000000001
1990,11,13.0,26.04160363086233,691.0,631.0
1990,11,14.0,26.659856931107818,7947.000000000002,7569.999999999998
1990,11,15.0,25.739520517723193,3482.0000000000005,3316.9999999999995
1990,11,16.0,26.542884677160295,1576.0000000000002,1536.9999999999998
1990,11,17.0,26.069973718791065,1554.0000000000002,1489.9999999999998
1990,11,18.0,25.075090744101633,2236.0,2172.0
1990,11,19.0,25.355380224945442,3090.9999999999995,2866.0000000000005
1990,11,20.0,26.277995301487863,647.0000000000001,629.9999999999999
1990,11,21.0,27.140983606557377,3223.9999999999995,3181.0000000000005
1990,11,22.0,27.846652864044167,3716.9999999999995,3528.0000000000005
1990,11,23.0,26.30162097937707,6156.000000000001,5626.999999999999
1990,11,24.0,27.535761968338736,2694.9999999999995,2548.0000000000005
1990,11,25.0,24.522375457359978,1748.9999999999998,1804.0000000000002
1990,11,26.0,26.027434622172308,3205.0000000000005,3027.9999999999995
1990,11,27.0,26.512221041445272,491.0,450.0
1990,11,28.0,26.817010309278352,988.9999999999999,951.0000000000001
1990,11,29.0,26.07946278679351,914.0,873.0
1990,11,30.0,27.681498829039814,656.9999999999999,624.0000000000001
1990,11,31.0,27.953514975041596,5006.000000000001,4609.999999999999
1990,11,32.0,25.543795620437955,1117.0000000000002,1074.9999999999998
1990,11,33.0,27.555281734263396,12199.000000000002,11741.999999999998
1990,11,34.0,25.504319654427647,4203.0,4131.0
1990,11,35.0,26.86705202312139,341.0,351.0
1990,11,36.0,26.19082498072475,6589.000000000001,6380.999999999999
1990,11,37.0,25.396900446545835,1928.0,1879.0
1990,11,38.0,26.478040035853002,1712.0000000000002,1634.9999999999998
1990,11,39.0,26.924682124158565,6899.999999999998,6470.000000000002
1990,11,40.0,26.961937716262977,587.0000000000001,568.9999999999999
1990,11,41.0,25.274857504749843,2430.9999999999995,2306.0000000000005
1990,11,42.0,26.547866205305652,418.0,449.0
1990,11,43.0,25.258713136729224,3082.0000000000005,2885.9999999999995
1990,11,44.0,25.710174208058554,13508.000000000002,12724.999999999998
1990,11,45.0,26.40988892869939,1452.9999999999998,1338.0000000000002
1990,11,46.0,27.55233494363929,315.0,306.0
1990,11,47.0,26.753522004737565,4061.9999999999995,3959.0000000000005
1990,11,48.0,26.788867562380037,3168.9999999999995,3083.0000000000005
1990,11,49.0,25.179120296767355,1000.0,887.0
1990,11,50.0,26.846955272139393,2809.0000000000005,2757.9999999999995
1990,11,51.0,25.887661141804788,257.0,286.0
1990,11,53.0,41.0,1.0,0.0
1990,11,55.0,26.666666666666668,6.0,6.0
1990,11,56.0,27.0,0.0,1.0
1990,11,57.0,26.43161094224924,173.99999999999997,155.00000000000003
1990,11,59.0,28.096774193548388,35.99999999999999,26.000000000000004
1990,12,1.0,25.032661948829613,2756.0000000000005,2754.9999999999995
1990,12,2.0,27.034274193548388,516.0000000000001,475.9999999999999
1990,12,3.0,26.0448951291385,2979.0000000000005,2789.9999999999995
1990,12,4.0,24.54987918536417,1489.9999999999998,1407.0000000000002
1990,12,5.0,26.788324782600082,25950.999999999996,24532.000000000004
1990,12,6.0,26.773758865248226,2220.9999999999995,2009.0000000000002
1990,12,7.0,27.780663409616867,1973.0000000000005,1915.9999999999995
1990,12,8.0,26.246203904555315,484.0,438.0
1990,12,9.0,25.558823529411764,504.0000000000001,549.9999999999999
1990,12,10.0,26.218985786980173,8767.999999999998,8329.000000000002
1990,12,11.0,25.40079450289886,4725.000000000001,4588.999999999999
1990,12,12.0,27.093200468933176,873.9999999999999,832.0000000000001
1990,12,13.0,26.0046875,626.0,654.0
1990,12,14.0,26.547661188369155,8089.0,7731.0
1990,12,15.0,25.682163868560767,3592.9999999999995,3376.0000000000005
1990,12,16.0,26.42670906200318,1625.9999999999995,1519.0000000000005
1990,12,17.0,26.147332506203472,1650.0,1574.0
1990,12,18.0,25.092470277410833,2285.9999999999995,2256.0000000000005
1990,12,19.0,25.26878238341969,3114.0,3062.0
1990,12,20.0,26.36763550667714,629.9999999999999,643.0000000000001
1990,12,21.0,27.186629952577636,3344.0000000000005,3192.9999999999995
1990,12,22.0,27.95756816917084,3625.9999999999995,3562.0000000000005
1990,12,23.0,26.251121463077986,5948.0,5644.0
1990,12,24.0,27.26040863531226,2655.9999999999995,2532.0000000000005
1990,12,25.0,24.43369272237197,1861.0000000000005,1848.9999999999995
1990,12,26.0,25.858159392789375,3240.9999999999995,3083.0000000000005
1990,12,27.0,26.6423982869379,495.0,439.0
1990,12,28.0,26.776846516500786,994.0,915.0
1990,12,29.0,26.151582454192116,921.0,880.0
1990,12,30.0,27.653518948182523,657.0,636.0
1990,12,31.0,27.981769147788565,4833.000000000001,4436.999999999999
1990,12,32.0,25.68046804680468,1162.0,1060.0
1990,12,33.0,27.490632268978644,12156.000000000002,11488.999999999998
1990,12,34.0,25.333963378617838,4288.0,4177.0
1990,12,35.0,26.846994535519126,374.0,358.0
1990,12,36.0,26.063626251390435,6824.000000000001,6660.999999999999
1990,12,37.0,25.02176729722726,2002.0000000000002,1856.9999999999998
1990,12,38.0,26.474892395982785,1802.0,1683.0
1990,12,39.0,26.809706729703773,6930.999999999998,6606.000000000002
1990,12,40.0,26.87362171331637,614.9999999999999,564.0000000000001
1990,12,41.0,25.157372986369268,2498.0,2344.0
1990,12,42.0,26.396470588235292,448.00000000000006,401.99999999999994
1990,12,43.0,25.0783498560921,3213.0,3041.0
1990,12,44.0,25.67534549896923,13295.999999999998,12898.000000000002
1990,12,45.0,26.172176308539946,1476.0,1428.0
1990,12,46.0,27.006299212598424,334.99999999999994,300.00000000000006
1990,12,47.0,26.635995443614732,3998.000000000001,3902.999999999999
1990,12,48.0,26.832744215938302,3208.9999999999995,3015.0000000000005
1990,12,49.0,25.053522665210266,961.9999999999998,869.0000000000002
1990,12,50.0,26.79021459227468,2979.0000000000005,2845.9999999999995
1990,12,51.0,26.05923344947735,296.0,278.0
1990,12,53.0,33.666666666666664,0.0,3.0
1990,12,54.0,17.0,1.0,0.0
1990,12,55.0,27.076923076923077,5.999999999999999,7.000000000000001
1990,12,57.0,26.594249201277954,160.99999999999997,152.00000000000003
1990,12,59.0,28.71794871794872,21.000000000000004,17.999999999999996
1991,1,1.0,25.06170292573143,2733.0,2599.0
1991,1,2.0,26.96165803108808,499.0,466.0
1991,1,3.0,25.733910221741482,2808.0,2739.0
1991,1,4.0,24.492953020134227,1546.9999999999998,1433.0000000000002
1991,1,5.0,26.743875774385554,25144.000000000004,24249.999999999996
1991,1,6.0,26.671823722456633,2111.0,2155.0
1991,1,7.0,27.8814380418154,1981.9999999999995,1940.0000000000005
1991,1,8.0,26.23541887592789,479.0,464.0
1991,1,9.0,25.625494071146246,508.0,504.0
1991,1,10.0,26.271446631750045,8457.000000000002,8153.999999999999
1991,1,11.0,25.364948453608246,4726.0,4489.0
1991,1,12.0,27.103575832305797,831.0000000000001,790.9999999999999
1991,1,13.0,25.840601503759398,672.9999999999999,657.0000000000001
1991,1,14.0,26.52717981475567,8032.999999999999,7622.000000000001
1991,1,15.0,25.539982678983833,3456.0000000000005,3471.9999999999995
1991,1,16.0,26.47758787487907,1602.0000000000002,1498.9999999999998
1991,1,17.0,26.24187725631769,1587.0,1460.0
1991,1,18.0,25.08974932855864,2279.0,2189.0
1991,1,19.0,25.243075920495276,3158.0000000000005,2979.9999999999995
1991,1,20.0,26.23805913570887,635.0,684.0
1991,1,21.0,26.940046475600308,3272.000000000001,3182.999999999999
1991,1,22.0,27.90844671201814,3587.000000000001,3468.999999999999
1991,1,23.0,26.134115884115886,6161.0,5851.0
1991,1,24.0,27.30648899188876,2643.0,2535.0
1991,1,25.0,24.39323943661972,1838.9999999999998,1711.0000000000002
1991,1,26.0,25.88235294117647,3229.9999999999995,3145.0000000000005
1991,1,27.0,26.524444444444445,458.00000000000006,441.99999999999994
1991,1,28.0,26.93029215786776,981.9999999999999,969.0000000000001
1991,1,29.0,25.834757834757834,949.0,806.0
1991,1,30.0,27.435955056179775,686.0000000000001,648.9999999999999
1991,1,31.0,27.78793851005124,5194.000000000001,4953.999999999999
1991,1,32.0,25.497078651685392,1126.9999999999998,1098.0000000000002
1991,1,33.0,27.410448699149523,12208.0,11661.0
1991,1,34.0,25.412298035568988,4318.000000000001,4284.999999999999
1991,1,35.0,26.439878234398783,356.0,301.0
1991,1,36.0,25.91696340631866,6748.0,6451.0
1991,1,37.0,25.10688591983556,2010.0,1882.0
1991,1,38.0,26.543426531826295,1740.0000000000002,1621.9999999999998
1991,1,39.0,26.8162701011424,7021.000000000002,6721.999999999998
1991,1,40.0,26.766722408026755,611.0000000000001,584.9999999999999
1991,1,41.0,25.232705689725748,2497.0,2389.0
1991,1,42.0,26.28950276243094,458.0,447.0
1991,1,43.0,25.20869703221711,3188.0,3113.0
1991,1,44.0,25.607427055702917,13328.000000000002,12684.999999999998
1991,1,45.0,26.183356840620593,1473.0,1363.0
1991,1,46.0,27.618683001531394,332.00000000000006,320.99999999999994
1991,1,47.0,26.563084986896293,3999.999999999999,4013.000000000001
1991,1,48.0,26.774043847015523,3190.999999999999,3058.000000000001
1991,1,49.0,25.09694989106754,891.0000000000001,944.9999999999999
1991,1,50.0,26.69963112594414,3013.0000000000005,2679.9999999999995
1991,1,51.0,25.455743879472692,283.0,248.0
1991,1,52.0,28.333333333333332,2.0,0.9999999999999998
1991,1,53.0,26.6,0.9999999999999998,4.0
1991,1,55.0,28.77777777777778,2.999999999999999,6.000000000000001
1991,1,56.0,26.0,0.0,1.0
1991,1,57.0,25.981549815498155,133.0,138.0
1991,1,59.0,29.071428571428573,16.999999999999996,25.000000000000004
1991,2,1.0,24.909402441636324,2378.0000000000005,2290.9999999999995
1991,2,2.0,26.9106529209622,448.99999999999994,424.00000000000006
1991,2,3.0,25.921806794458153,2693.9999999999995,2575.0000000000005
1991,2,4.0,24.446045824094604,1402.0,1304.0
1991,2,5.0,26.764287428808345,23318.0,22509.0
1991,2,6.0,26.910458626546955,2110.0,2010.9999999999998
1991,2,7.0,27.783702488378452,1855.0000000000002,1801.9999999999998
1991,2,8.0,26.548185231539424,414.99999999999994,384.00000000000006
1991,2,9.0,25.872549019607842,485.00000000000006,432.99999999999994
1991,2,10.0,26.27144312393888,7488.0,7237.0
1991,2,11.0,25.41196293176074,4212.0,4097.0
1991,2,12.0,26.810151615029664,797.0000000000001,719.9999999999999
1991,2,13.0,26.24920634920635,642.0,618.0
1991,2,14.0,26.592874794069193,7437.000000000001,7130.999999999999
1991,2,15.0,25.619565217391305,3280.0000000000005,3159.9999999999995
1991,2,16.0,26.475061039414022,1483.0000000000002,1383.9999999999998
1991,2,17.0,26.30716253443526,1466.0000000000002,1437.9999999999998
1991,2,18.0,25.11186440677966,2143.0,1987.0
1991,2,19.0,25.185359427926233,2730.9999999999995,2583.0000000000005
1991,2,20.0,26.305220883534137,630.0000000000001,614.9999999999999
1991,2,21.0,26.949285001662787,3108.9999999999995,2905.0000000000005
1991,2,22.0,27.930274135876044,3455.0,3257.0
1991,2,23.0,26.26161938432353,5859.999999999999,5737.000000000001
1991,2,24.0,27.503110575958257,2601.9999999999995,2381.0000000000005
1991,2,25.0,24.509615384615383,1640.0,1584.0
1991,2,26.0,25.878296146044626,3023.0,2893.0
1991,2,27.0,26.55528846153846,429.0,403.0
1991,2,28.0,26.81744656268053,872.9999999999999,858.0000000000001
1991,2,29.0,25.774404761904762,868.9999999999999,811.0000000000001
1991,2,30.0,27.621961441743505,606.0,587.0
1991,2,31.0,27.817713365539454,4798.0,4517.0
1991,2,32.0,25.82751937984496,1032.0,1032.0
1991,2,33.0,27.450452498976762,11178.0,10811.0
1991,2,34.0,25.512226512226512,3974.0000000000005,3795.9999999999995
1991,2,35.0,26.604972375690608,368.0,356.0
1991,2,36.0,25.95291887194881,6551.999999999999,6107.000000000001
1991,2,37.0,25.105204252937884,1843.9999999999998,1730.0000000000002
1991,2,38.0,26.5758346581876,1607.9999999999998,1537.0000000000002
1991,2,39.0,26.88525098921561,6589.999999999999,6299.000000000001
1991,2,40.0,27.16768558951965,574.0000000000001,570.9999999999999
1991,2,41.0,25.211391265195857,2247.0000000000005,2194.9999999999995
1991,2,42.0,26.459899749373434,417.99999999999994,380.00000000000006
1991,2,43.0,25.144144144144143,2872.0000000000005,2677.9999999999995
1991,2,44.0,25.64982593559617,11762.000000000002,11217.999999999998
1991,2,45.0,26.20725009154156,1415.0000000000002,1315.9999999999998
1991,2,46.0,27.05723905723906,303.99999999999994,290.00000000000006
1991,2,47.0,26.75783360345759,3783.0000000000005,3620.9999999999995
1991,2,48.0,26.80912719069929,2959.0000000000005,2803.9999999999995
1991,2,49.0,25.161483253588518,837.0,835.0
1991,2,50.0,26.70387369194052,2786.9999999999995,2660.0000000000005
1991,2,51.0,25.673684210526314,236.00000000000003,238.99999999999997
1991,2,52.0,42.0,0.0,1.0
1991,2,53.0,26.2,3.0000000000000004,1.9999999999999996
1991,2,54.0,27.0,0.0,1.0
1991,2,55.0,31.666666666666668,3.0,3.0
1991,2,57.0,26.31578947368421,111.00000000000001,116.99999999999999
1991,2,59.0,28.192307692307693,26.999999999999996,25.000000000000004
1991,3,1.0,25.138755980861244,2652.0,2573.0
1991,3,2.0,27.08588351431392,530.9999999999999,482.0000000000001
1991,3,3.0,26.03802765647744,2839.0,2657.0
1991,3,4.0,24.721729883020206,1445.0,1376.0
1991,3,5.0,26.7854731416928,25782.000000000004,24276.999999999996
1991,3,6.0,26.85430463576159,2321.0000000000005,2208.9999999999995
1991,3,7.0,27.814119324934634,2186.0000000000005,2020.9999999999998
1991,3,8.0,26.412665985699693,488.99999999999994,490.00000000000006
1991,3,9.0,26.40502512562814,505.0000000000001,489.9999999999999
1991,3,10.0,26.27327194752775,8248.0,7607.999999999999
1991,3,11.0,25.41817984125258,4758.999999999999,4438.000000000001
1991,3,12.0,27.002332361516036,863.9999999999999,851.0000000000001
1991,3,13.0,26.09533607681756,772.9999999999999,685.0000000000001
1991,3,14.0,26.54955118874333,8415.0,8073.0
1991,3,15.0,25.646113705026092,3672.999999999999,3609.000000000001
1991,3,16.0,26.60012026458208,1731.0000000000002,1594.9999999999998
1991,3,17.0,26.28011381599747,1644.0000000000002,1518.9999999999998
1991,3,18.0,25.20719713902548,2334.9999999999995,2139.0000000000005
1991,3,19.0,25.222580067990695,2869.9999999999995,2719.0000000000005
1991,3,20.0,26.38772757923129,767.0000000000001,715.9999999999999
1991,3,21.0,27.24683730508973,3430.9999999999995,3367.0000000000005
1991,3,22.0,27.922215067611074,4059.9999999999995,3705.0000000000005
1991,3,23.0,26.227906976744187,6716.999999999999,6398.000000000001
1991,3,24.0,27.347341337907377,2996.9999999999995,2833.0000000000005
1991,3,25.0,24.45169637722829,1770.0000000000005,1707.9999999999995
1991,3,26.0,25.965146629817287,3274.0000000000005,3238.9999999999995
1991,3,27.0,26.359649122807017,521.0,505.0
1991,3,28.0,26.68116658428077,1003.0,1020.0
1991,3,29.0,26.089135021097047,961.9999999999999,934.0000000000001
1991,3,30.0,27.63599731363331,751.0000000000001,737.9999999999999
1991,3,31.0,27.882194417709336,5297.999999999999,5092.000000000001
1991,3,32.0,25.685813751087903,1133.0,1165.0
1991,3,33.0,27.466439591264276,12661.0,12294.0
1991,3,34.0,25.636658180976625,4425.000000000001,4216.999999999999
1991,3,35.0,27.206851119894598,409.99999999999994,349.00000000000006
1991,3,36.0,26.061793045664015,7274.0,7048.0
1991,3,37.0,25.24449685534591,1962.9999999999998,1853.0000000000002
1991,3,38.0,26.571546732837056,1902.9999999999998,1724.0000000000002
1991,3,39.0,27.00621638611441,7405.0,6912.0
1991,3,40.0,26.99063231850117,632.0000000000001,648.9999999999999
1991,3,41.0,25.20792695579996,2498.0000000000005,2320.9999999999995
1991,3,42.0,26.79449152542373,499.99999999999994,444.00000000000006
1991,3,43.0,25.096005260562222,3108.0000000000005,2974.9999999999995
1991,3,44.0,25.666479775730878,12753.000000000002,12216.999999999998
1991,3,45.0,26.306129032258063,1594.9999999999998,1505.0000000000002
1991,3,46.0,27.249326145552562,405.0,337.0
1991,3,47.0,26.7795666384215,4201.999999999999,4059.0000000000005
1991,3,48.0,26.869738591050066,3506.0,3265.0
1991,3,49.0,25.44899072558647,971.9999999999999,861.0000000000001
1991,3,50.0,26.824701195219124,3222.0,3053.0
1991,3,51.0,25.685470085470087,302.99999999999994,282.00000000000006
1991,3,52.0,29.333333333333332,4.0,1.9999999999999996
1991,3,53.0,36.333333333333336,2.0,0.9999999999999998
1991,3,54.0,25.666666666666668,2.0,0.9999999999999998
1991,3,55.0,27.625,6.0,2.0
1991,3,57.0,25.869565217391305,130.99999999999997,122.00000000000003
1991,3,59.0,28.244897959183675,22.000000000000004,26.999999999999996
1991,4,1.0,25.0943659167828,2631.9999999999995,2391.0000000000005
1991,4,2.0,27.07255520504732,480.0,471.0
1991,4,3.0,26.12961920840368,2741.0,2590.0
1991,4,4.0,24.580574754456165,1431.9999999999998,1317.0000000000002
1991,4,5.0,26.807345893240786,24809.000000000004,23598.999999999996
1991,4,6.0,27.125921109666233,2445.0,2169.0
1991,4,7.0,28.070927136286613,2126.0,2005.0000000000002
1991,4,8.0,26.678756476683937,482.00000000000006,482.99999999999994
1991,4,9.0,25.956043956043956,436.00000000000006,473.99999999999994
1991,4,10.0,26.298201181894928,7931.999999999999,7467.000000000001
1991,4,11.0,25.51818283540338,4552.0,4385.0
1991,4,12.0,26.878940731399748,843.0,743.0
1991,4,13.0,26.140072202166063,697.0000000000001,687.9999999999999
1991,4,14.0,26.694487698536282,8288.000000000002,7766.999999999999
1991,4,15.0,25.738750176329525,3593.0000000000005,3495.9999999999995
1991,4,16.0,26.410233121404783,1721.9999999999998,1581.0000000000002
1991,4,17.0,26.256642903434866,1578.0,1508.0
1991,4,18.0,25.047131147540984,2195.0,2197.0
1991,4,19.0,25.24932493249325,2833.0000000000005,2721.9999999999995
1991,4,20.0,26.31615120274914,723.0,732.0
1991,4,21.0,27.199451470364163,3355.0000000000005,3207.9999999999995
1991,4,22.0,28.01610541727672,3899.999999999999,3613.000000000001
1991,4,23.0,26.20338063115453,6633.000000000001,6263.999999999999
1991,4,24.0,27.575950486295312,2873.0,2782.0
1991,4,25.0,24.571950106480074,1682.0,1605.0
1991,4,26.0,25.834766296701577,3249.000000000001,3147.999999999999
1991,4,27.0,26.6860103626943,496.99999999999994,468.00000000000006
1991,4,28.0,26.72343594836147,1047.0,967.0
1991,4,29.0,26.08522050059595,836.0000000000001,841.9999999999999
1991,4,30.0,27.998656816655473,757.0000000000001,731.9999999999999
1991,4,31.0,27.9902144904616,5042.999999999999,5074.000000000001
1991,4,32.0,25.495448634590378,1148.0000000000002,1158.9999999999998
1991,4,33.0,27.566559776352573,12402.000000000002,11921.999999999998
1991,4,34.0,25.683176771989753,4200.999999999999,3996.0000000000005
1991,4,35.0,26.74381188118812,395.00000000000006,412.99999999999994
1991,4,36.0,26.097277676951,7129.999999999999,6645.000000000001
1991,4,37.0,25.212721584984358,1944.9999999999998,1891.0000000000002
1991,4,38.0,26.760212646894235,1802.9999999999998,1771.0000000000002
1991,4,39.0,26.993806742205646,7327.999999999999,6881.000000000001
1991,4,40.0,26.985671191553543,722.0000000000001,603.9999999999999
1991,4,41.0,25.29200616604272,2314.0,2227.0
1991,4,42.0,26.401117318435755,463.9999999999999,431.0000000000001
1991,4,43.0,25.217872481004296,3129.0,2925.0
1991,4,44.0,25.773329619165107,12856.0,12273.0
1991,4,45.0,26.595588235294116,1665.9999999999998,1462.0000000000002
1991,4,46.0,27.61111111111111,345.0,357.0
1991,4,47.0,26.913888192529456,4096.000000000001,3881.9999999999995
1991,4,48.0,26.905574169966496,3367.0000000000005,3198.9999999999995
1991,4,49.0,24.89756649688738,914.0,853.0
1991,4,50.0,26.911287653095002,3104.0000000000005,2937.9999999999995
1991,4,51.0,25.82425307557118,287.0,282.0
1991,4,52.0,25.0,0.0,1.0
1991,4,53.0,31.0,1.0,3.0
1991,4,55.0,29.0,0.9999999999999998,2.0
1991,4,57.0,26.52768729641694,160.0,147.0
1991,4,59.0,29.418181818181818,29.000000000000004,25.999999999999996
1991,5,1.0,25.230473997313375,2630.9999999999995,2580.0000000000005
1991,5,2.0,26.997101449275362,551.0,484.0
1991,5,3.0,25.783400455261777,2960.9999999999995,2750.0000000000005
1991,5,4.0,24.560293603635092,1479.0,1382.0
1991,5,5.0,26.820927851291746,25955.000000000004,24828.999999999996
1991,5,6.0,26.915240083507307,2478.0000000000005,2311.9999999999995
1991,5,7.0,28.109360518999072,2220.0,2096.0
1991,5,8.0,26.179331306990882,499.00000000000006,487.99999999999994
1991,5,9.0,26.113340020060182,547.9999999999999,449.0000000000001
1991,5,10.0,26.351339617960804,8302.0,7822.000000000001
1991,5,11.0,25.5966615753873,4595.0,4571.0
1991,5,12.0,27.096560048280026,858.0,799.0
1991,5,13.0,26.038653366583542,822.0,782.0
1991,5,14.0,26.69661512745508,8564.0,8187.0
1991,5,15.0,25.80983164983165,3822.0,3603.0
1991,5,16.0,26.609379551412758,1727.0,1706.0
1991,5,17.0,26.333535660091048,1652.0,1643.0
1991,5,18.0,25.097943608225567,2390.0,2327.0
1991,5,19.0,25.237093690248567,2929.9999999999995,2823.0000000000005
1991,5,20.0,26.399734395750333,771.0,735.0
1991,5,21.0,27.24331006399069,3528.0,3348.0
1991,5,22.0,28.10861939363568,4088.0000000000005,3893.9999999999995
1991,5,23.0,26.336442371752167,6922.999999999998,6586.000000000002
1991,5,24.0,27.578093977498344,3140.0,2904.0
1991,5,25.0,24.608096215899092,1775.0,1634.0
1991,5,26.0,26.18521726577162,3475.0,3452.0
1991,5,27.0,26.502472799208704,510.0000000000001,500.9999999999999
1991,5,28.0,26.84735632183908,1111.0000000000002,1063.9999999999998
1991,5,29.0,26.311667554608416,967.0000000000001,909.9999999999999
1991,5,30.0,27.820564516129032,741.0000000000001,746.9999999999999
1991,5,31.0,28.01634980988593,5346.0,5174.0
1991,5,32.0,25.737336601307188,1240.0,1208.0
1991,5,33.0,27.644245969016755,12973.999999999998,12330.000000000002
1991,5,34.0,25.575072129255627,4440.999999999999,4224.000000000001
1991,5,35.0,26.975130890052355,368.00000000000006,395.99999999999994
1991,5,36.0,26.06075984089974,7589.0,6993.0
1991,5,37.0,25.030392883617495,2119.0,1928.0000000000002
1991,5,38.0,26.69458631256384,1991.9999999999995,1924.0000000000005
1991,5,39.0,27.04933637216785,7514.000000000001,7403.999999999999
1991,5,40.0,27.295506473724295,694.0000000000001,618.9999999999999
1991,5,41.0,25.374477861319967,2433.0,2355.0
1991,5,42.0,26.61464968152866,488.0000000000001,453.9999999999999
1991,5,43.0,25.216396568160153,3202.0000000000005,3091.9999999999995
1991,5,44.0,25.723927994287646,13609.000000000002,12999.999999999998
1991,5,45.0,26.433220755296286,1644.9999999999998,1612.0000000000002
1991,5,46.0,27.474358974358974,347.00000000000006,354.99999999999994
1991,5,47.0,26.761102419063665,4205.000000000001,4103.999999999999
1991,5,48.0,26.91449095178892,3687.0,3552.0
1991,5,49.0,24.970814132104454,1020.9999999999999,932.0000000000001
1991,5,50.0,26.95594983175283,3345.0,3193.0
1991,5,51.0,25.782392026578073,299.99999999999994,302.00000000000006
1991,5,52.0,26.0,1.0,1.0
1991,5,53.0,34.666666666666664,3.0,3.0
1991,5,54.0,29.666666666666668,2.0,0.9999999999999998
1991,5,55.0,30.333333333333332,5.0,4.0
1991,5,57.0,26.121107266435985,155.0,134.0
1991,5,59.0,28.865384615384617,26.0,26.0
1991,6,1.0,24.92390422077922,2504.0000000000005,2423.9999999999995
1991,6,2.0,26.813524590163933,493.99999999999994,482.00000000000006
1991,6,3.0,25.783963133640555,2839.9999999999995,2585.0000000000005
1991,6,4.0,24.452650822669103,1422.0000000000002,1312.9999999999998
1991,6,5.0,26.83143053090205,25366.999999999996,24209.000000000004
1991,6,6.0,27.048861375193457,2334.0,2189.0
1991,6,7.0,28.04656862745098,2108.9999999999995,1971.0000000000002
1991,6,8.0,26.545251396648045,452.99999999999994,442.00000000000006
1991,6,9.0,25.964989059080963,478.0000000000001,435.9999999999999
1991,6,10.0,26.279424498767735,7753.000000000002,7259.999999999998
1991,6,11.0,25.495466170657988,4424.0,4178.0
1991,6,12.0,27.134405144694533,821.0,734.0
1991,6,13.0,26.114441416893733,752.9999999999999,715.0000000000001
1991,6,14.0,26.62611727416799,8048.0,7727.0
1991,6,15.0,25.6200489701858,3595.0000000000005,3347.9999999999995
1991,6,16.0,26.380058271285204,1525.0,1564.0
1991,6,17.0,26.043220059386343,1491.0000000000002,1539.9999999999998
1991,6,18.0,25.05054740274866,2201.9999999999995,2091.0000000000005
1991,6,19.0,25.344482821305217,2861.0,2640.0
1991,6,20.0,26.397615708274895,738.0,688.0
1991,6,21.0,27.238550501156514,3370.9999999999995,3114.0000000000005
1991,6,22.0,27.98366235534377,3772.0,3573.0
1991,6,23.0,26.227772389266086,6379.999999999999,5992.000000000001
1991,6,24.0,27.545306270387822,2824.0000000000005,2693.9999999999995
1991,6,25.0,24.382540163685967,1688.0000000000002,1610.9999999999998
1991,6,26.0,26.06394984326019,3254.9999999999995,3125.0000000000005
1991,6,27.0,26.485743380855396,490.00000000000006,491.99999999999994
1991,6,28.0,26.9126746506986,1015.0,989.0
1991,6,29.0,26.1021164021164,986.0000000000001,903.9999999999999
1991,6,30.0,27.596197718631178,673.9999999999999,641.0000000000001
1991,6,31.0,27.88700343305542,5236.999999999999,4958.000000000001
1991,6,32.0,25.794986571172785,1111.9999999999998,1122.0000000000002
1991,6,33.0,27.57206362153344,12540.999999999998,11979.000000000002
1991,6,34.0,25.417601170160896,4138.0,4066.0
1991,6,35.0,27.010335917312663,411.00000000000006,362.99999999999994
1991,6,36.0,26.111618318362538,6865.999999999999,6716.000000000001
1991,6,37.0,25.02872812744842,1908.0000000000005,1920.9999999999995
1991,6,38.0,26.681780481061654,1849.0000000000002,1767.9999999999998
1991,6,39.0,26.940496698248637,7259.0,6673.0
1991,6,40.0,27.039389067524116,646.0,598.0
1991,6,41.0,25.176027544652463,2372.0,2275.0
1991,6,42.0,26.242761692650333,450.0,448.0
1991,6,43.0,25.28362474781439,3082.0000000000005,2865.9999999999995
1991,6,44.0,25.67931937172775,12924.000000000002,12287.999999999998
1991,6,45.0,26.26873977086743,1615.9999999999998,1439.0000000000002
1991,6,46.0,27.394520547945206,358.00000000000006,371.99999999999994
1991,6,47.0,26.812126494023904,4116.000000000001,3915.999999999999
1991,6,48.0,27.00102115244347,3479.0000000000005,3375.9999999999995
1991,6,49.0,25.010015814443857,976.0000000000002,920.9999999999998
1991,6,50.0,26.891991924629878,3080.9999999999995,2863.0000000000005
1991,6,51.0,26.217993079584776,292.0,286.0
1991,6,52.0,27.5,0.0,2.0
1991,6,53.0,31.2,3.0000000000000004,1.9999999999999996
1991,6,55.0,29.22222222222222,6.999999999999999,2.000000000000001
1991,6,57.0,26.74496644295302,164.99999999999997,133.00000000000003
1991,6,59.0,29.063492063492063,39.0,24.0
1991,7,1.0,24.863941967445154,2850.9999999999995,2801.0000000000005
1991,7,2.0,27.10958904109589,528.0,494.00000000000006
1991,7,3.0,25.928704487722268,3070.0,2835.0
1991,7,4.0,24.51661918328585,1622.0,1537.0
1991,7,5.0,26.830945022009928,27376.000000000004,26008.999999999996
1991,7,6.0,26.871213682258396,2413.0000000000005,2439.9999999999995
1991,7,7.0,27.92052668704444,2188.0000000000005,2064.9999999999995
1991,7,8.0,26.465499485066942,534.0000000000001,436.9999999999999
1991,7,9.0,26.11038961038961,551.0,527.0
1991,7,10.0,26.244055901748442,8456.0,8073.0
1991,7,11.0,25.572653103377053,4944.999999999999,4738.000000000001
1991,7,12.0,27.129171817058097,826.0000000000001,791.9999999999999
1991,7,13.0,25.75,768.0000000000001,691.9999999999999
1991,7,14.0,26.637767698225872,8920.0,8497.0
1991,7,15.0,25.75880581380123,3932.0,3705.0
1991,7,16.0,26.38207822533567,1799.0000000000002,1626.9999999999998
1991,7,17.0,26.326670474014847,1768.9999999999998,1733.0000000000002
1991,7,18.0,25.11175996778091,2525.0000000000005,2440.9999999999995
1991,7,19.0,25.209793491864833,3199.0000000000005,3192.9999999999995
1991,7,20.0,26.096670934699105,812.0000000000001,749.9999999999999
1991,7,21.0,27.22740233818078,3585.0,3429.0
1991,7,22.0,28.029505683995403,3942.9999999999995,3886.0000000000005
1991,7,23.0,26.194157814871016,6596.000000000001,6583.999999999999
1991,7,24.0,27.421916445623342,3088.0000000000005,2943.9999999999995
1991,7,25.0,24.470907297830376,2020.0,2036.0
1991,7,26.0,25.963488274118802,3671.9999999999995,3449.0000000000005
1991,7,27.0,26.290615539858727,508.0000000000001,482.9999999999999
1991,7,28.0,26.74824848201775,1129.0,1011.9999999999999
1991,7,29.0,26.01711229946524,977.0,893.0
1991,7,30.0,27.579020013802623,738.0000000000001,710.9999999999999
1991,7,31.0,27.90782149259364,5442.0,5157.0
1991,7,32.0,25.651039543416225,1286.0,1167.0
1991,7,33.0,27.55728943159209,13048.999999999998,12584.000000000002
1991,7,34.0,25.55655904267329,4607.000000000001,4250.999999999999
1991,7,35.0,26.915934755332497,405.00000000000006,391.99999999999994
1991,7,36.0,26.126977687626773,7713.000000000001,7076.999999999999
1991,7,37.0,25.08092485549133,2250.9999999999995,2074.0000000000005
1991,7,38.0,26.741926945473796,1940.9999999999998,1837.0000000000002
1991,7,39.0,26.84603484226811,7531.000000000001,7335.999999999999
1991,7,40.0,27.346425765907306,629.9999999999999,643.0000000000001
1991,7,41.0,25.222949478420944,2483.9999999999995,2405.0000000000005
1991,7,42.0,26.005279831045407,478.0,469.0
1991,7,43.0,25.08460388639761,3376.0000000000005,3313.9999999999995
1991,7,44.0,25.70128214209818,14325.999999999998,13908.000000000002
1991,7,45.0,26.187598363235757,1584.9999999999998,1592.0000000000002
1991,7,46.0,27.370030581039757,349.00000000000006,304.99999999999994
1991,7,47.0,26.732683728574784,4344.000000000001,4173.999999999999
1991,7,48.0,26.69111385798654,3738.9999999999995,3542.0000000000005
1991,7,49.0,25.01497005988024,1051.0,952.9999999999999
1991,7,50.0,26.941461130190447,3183.9999999999995,3222.0000000000005
1991,7,51.0,25.863713798977855,303.00000000000006,283.99999999999994
1991,7,52.0,26.5,6.0,0.0
1991,7,53.0,28.0,0.0,3.0
1991,7,55.0,29.142857142857142,9.999999999999998,4.000000000000002
1991,7,57.0,26.850649350649352,155.0,153.0
1991,7,59.0,28.602409638554217,43.99999999999999,39.00000000000001
1991,8,1.0,24.913530544372485,2952.0000000000005,2760.9999999999995
1991,8,2.0,27.035916824196597,536.0,522.0
1991,8,3.0,25.85929568527919,3187.0,3117.0
1991,8,4.0,24.447747183979974,1638.0,1558.0
1991,8,5.0,26.794053847135384,28120.999999999996,26738.000000000004
1991,8,6.0,26.836289805514,2363.0000000000005,2315.9999999999995
1991,8,7.0,28.023493835775763,2174.9999999999995,2124.0000000000005
1991,8,8.0,26.624254473161034,493.99999999999994,512.0000000000001
1991,8,9.0,26.177114427860698,530.0,474.99999999999994
1991,8,10.0,26.315687393040502,8926.000000000002,8603.999999999998
1991,8,11.0,25.45886075949367,5158.000000000001,4953.999999999999
1991,8,12.0,26.990665110851808,919.9999999999999,794.0000000000001
1991,8,13.0,25.72919605077574,743.0,675.0
1991,8,14.0,26.640628584537737,8869.000000000002,8566.999999999998
1991,8,15.0,25.69460450497643,3982.0000000000005,3653.9999999999995
1991,8,16.0,26.312829525483306,1749.9999999999998,1664.0000000000002
1991,8,17.0,26.11374269005848,1742.9999999999998,1677.0000000000002
1991,8,18.0,25.08464939987366,2394.9999999999995,2354.0000000000005
1991,8,19.0,25.093517692536427,3419.0000000000005,3306.9999999999995
1991,8,20.0,26.290845070422534,716.0,704.0
1991,8,21.0,27.33146953405018,3533.0,3442.0
1991,8,22.0,28.15689092096669,3937.0,3718.0
1991,8,23.0,26.36289592760181,6742.0,6518.0
1991,8,24.0,27.436529372045914,3002.0,2922.0
1991,8,25.0,24.297920320721623,2051.0,1940.0000000000002
1991,8,26.0,25.915873241438113,3604.0,3433.0
1991,8,27.0,26.932858596134285,505.9999999999999,477.0000000000001
1991,8,28.0,26.679378531073446,1120.9999999999998,1003.0000000000002
1991,8,29.0,26.155577299412915,1021.0,1023.0
1991,8,30.0,27.675501432664756,724.0000000000001,671.9999999999999
1991,8,31.0,27.962433417437623,5403.000000000001,5297.999999999999
1991,8,32.0,25.814545454545456,1279.0,1196.0
1991,8,33.0,27.53227187791965,13014.0,12674.0
1991,8,34.0,25.55322387735131,4689.999999999999,4507.000000000001
1991,8,35.0,26.611842105263158,385.99999999999994,374.00000000000006
1991,8,36.0,26.002438033319788,7532.000000000001,7233.999999999999
1991,8,37.0,25.071241985276657,2168.0,2042.9999999999998
1991,8,38.0,26.662262156448204,1961.9999999999998,1822.0000000000002
1991,8,39.0,26.97493768106178,7620.0,7223.0
1991,8,40.0,27.31364724660814,629.0,624.0
1991,8,41.0,25.27169597277368,2707.0000000000005,2581.9999999999995
1991,8,42.0,26.204232804232806,476.00000000000006,468.99999999999994
1991,8,43.0,25.218292141482905,3448.0,3309.0
1991,8,44.0,25.6341827523955,14696.999999999998,14107.000000000002
1991,8,45.0,26.275193798449614,1545.9999999999998,1550.0000000000002
1991,8,46.0,27.015895953757227,352.0,340.0
1991,8,47.0,26.649390243902438,4337.000000000001,4190.999999999999
1991,8,48.0,26.874320846439804,3582.999999999999,3411.000000000001
1991,8,49.0,25.026328620185275,1056.9999999999998,994.0000000000002
1991,8,50.0,26.92359227947041,3248.0000000000005,3020.9999999999995
1991,8,51.0,25.80666666666667,296.00000000000006,303.99999999999994
1991,8,52.0,28.0,0.0,1.0
1991,8,53.0,34.0,2.0,2.0
1991,8,55.0,26.875,5.0,3.0
1991,8,57.0,26.53994490358127,167.00000000000003,195.99999999999997
1991,8,59.0,28.46551724137931,29.0,29.0
1991,9,1.0,24.9021116678597,2884.0000000000005,2703.9999999999995
1991,9,2.0,26.729867482161062,500.9999999999999,480.0000000000001
1991,9,3.0,25.975814412635735,3127.9999999999995,2950.0000000000005
1991,9,4.0,24.651602564102564,1593.9999999999998,1526.0000000000002
1991,9,5.0,26.776751615746182,27740.999999999996,26723.000000000004
1991,9,6.0,26.75388265746333,2360.0,2276.0
1991,9,7.0,27.96665067178503,2149.9999999999995,2018.0000000000002
1991,9,8.0,26.568874868559412,483.99999999999994,467.00000000000006
1991,9,9.0,26.22432701894317,500.00000000000006,502.99999999999994
1991,9,10.0,26.21677784993211,8654.999999999998,8284.000000000002
1991,9,11.0,25.515199161425578,4787.0,4753.0
1991,9,12.0,27.09988649262202,906.9999999999999,855.0000000000001
1991,9,13.0,25.871293800539082,756.9999999999999,727.0000000000001
1991,9,14.0,26.66642668586513,8448.0,8220.0
1991,9,15.0,25.698642895156997,3904.0000000000005,3611.9999999999995
1991,9,16.0,26.47663012117715,1759.0,1707.0
1991,9,17.0,26.208794587945878,1679.0000000000002,1572.9999999999998
1991,9,18.0,25.005727619855747,2391.9999999999995,2322.0000000000005
1991,9,19.0,25.355455229495863,3389.9999999999995,3255.0000000000005
1991,9,20.0,26.617397454031117,715.0,699.0
1991,9,21.0,27.29011249259917,3450.0,3306.0
1991,9,22.0,28.012845039628314,3738.0,3580.0
1991,9,23.0,26.341896606406596,6447.999999999999,6164.000000000001
1991,9,24.0,27.429961089494164,2919.0000000000005,2734.9999999999995
1991,9,25.0,24.453109072375128,1956.9999999999995,1967.0000000000005
1991,9,26.0,25.926200355660935,3475.9999999999995,3272.0000000000005
1991,9,27.0,26.66096579476861,473.9999999999999,520.0000000000001
1991,9,28.0,26.73700463201235,993.0,950.0
1991,9,29.0,26.10220852593734,1044.0,903.0000000000001
1991,9,30.0,27.741078208048595,667.0,650.0
1991,9,31.0,27.93303878252332,5239.999999999999,4945.000000000001
1991,9,32.0,25.80830280830281,1228.9999999999998,1228.0000000000002
1991,9,33.0,27.613093316112366,12622.000000000002,12153.999999999998
1991,9,34.0,25.45596445254643,4551.000000000001,4225.999999999999
1991,9,35.0,26.955128205128204,391.0,389.0
1991,9,36.0,26.12814482217946,7074.999999999999,6956.000000000001
1991,9,37.0,25.230355472404117,2199.0000000000005,2076.9999999999995
1991,9,38.0,26.550153674210673,1751.0,1828.0
1991,9,39.0,26.962700069589424,7440.999999999999,6929.000000000001
1991,9,40.0,27.417376490630325,622.0000000000001,551.9999999999999
1991,9,41.0,25.27833803953207,2554.0000000000005,2403.9999999999995
1991,9,42.0,26.55349344978166,459.99999999999994,456.00000000000006
1991,9,43.0,25.147196261682243,3274.0000000000005,3145.9999999999995
1991,9,44.0,25.712369437687794,14432.000000000002,13523.999999999998
1991,9,45.0,26.210648918469218,1530.0,1475.0
1991,9,46.0,27.319303338171263,347.0,342.0
1991,9,47.0,26.698151220668404,4206.0,4232.0
1991,9,48.0,26.885549964054636,3520.9999999999995,3434.0000000000005
1991,9,49.0,25.14806980433633,964.9999999999999,926.0000000000001
1991,9,50.0,26.77203157725149,3212.9999999999995,2994.0000000000005
1991,9,51.0,26.0,285.0,289.0
1991,9,53.0,31.0,4.0,1.9999999999999996
1991,9,55.0,27.428571428571427,4.0,3.0
1991,9,57.0,26.414893617021278,155.0,127.00000000000001
1991,9,59.0,29.62,27.0,23.0
1991,10,1.0,24.94770236492982,2625.9999999999995,2575.0000000000005
1991,10,2.0,26.766355140186917,483.9999999999999,479.0000000000001
1991,10,3.0,25.927754677754677,3026.0000000000005,2745.9999999999995
1991,10,4.0,24.47549627791563,1673.9999999999998,1550.0000000000002
1991,10,5.0,26.795830663097977,27113.000000000007,25940.999999999993
1991,10,6.0,26.792971389952694,2267.0,2172.0
1991,10,7.0,28.02253164556962,2015.9999999999998,1934.0000000000002
1991,10,8.0,26.697206703910613,472.99999999999994,422.00000000000006
1991,10,9.0,26.455072463768115,509.0000000000001,525.9999999999999
1991,10,10.0,26.329046087888532,8518.000000000002,8275.999999999998
1991,10,11.0,25.60159362549801,4596.0,4691.0
1991,10,12.0,26.886402753872634,905.0,838.0
1991,10,13.0,25.9934829833454,684.9999999999999,696.0000000000001
1991,10,14.0,26.733443102817418,8358.0,8039.999999999999
1991,10,15.0,25.707153813972948,3683.9999999999995,3487.0000000000005
1991,10,16.0,26.567380162797708,1610.9999999999998,1706.0000000000002
1991,10,17.0,26.436702954898912,1645.9999999999998,1569.0000000000002
1991,10,18.0,25.107830551989732,2400.0,2274.0
1991,10,19.0,25.351291042397193,3210.9999999999995,3063.0000000000005
1991,10,20.0,26.39909638554217,688.0,640.0
1991,10,21.0,27.39283013159885,3375.0,3236.0
1991,10,22.0,28.08500411974732,3672.999999999999,3609.000000000001
1991,10,23.0,26.30627784528149,6305.0,6040.0
1991,10,24.0,27.603102666899076,2989.0,2748.0
1991,10,25.0,24.469664138678223,1846.0,1846.0
1991,10,26.0,26.073765525598304,3320.0,3282.0
1991,10,27.0,26.781219748305904,541.9999999999999,491.0000000000001
1991,10,28.0,26.679030662710186,987.0000000000001,1035.0
1991,10,29.0,26.409513395297978,951.9999999999998,877.0000000000002
1991,10,30.0,27.95279593318809,713.0,664.0
1991,10,31.0,28.11551416683178,5107.0,4987.0
1991,10,32.0,25.757155247181267,1143.9999999999998,1162.0000000000002
1991,10,33.0,27.616309186564145,12599.999999999998,12110.000000000002
1991,10,34.0,25.6128127191957,4345.000000000001,4208.999999999999
1991,10,35.0,26.920391061452513,376.0,340.0
1991,10,36.0,26.037630510440835,7023.000000000001,6768.999999999999
1991,10,37.0,25.220828402366863,2119.9999999999995,2105.0000000000005
1991,10,38.0,26.543286971331252,1776.0000000000002,1746.9999999999998
1991,10,39.0,27.0503459963282,7172.999999999999,6989.000000000001
1991,10,40.0,27.231143552311437,614.9999999999999,618.0000000000001
1991,10,41.0,25.42212518195051,2442.9999999999995,2366.0000000000005
1991,10,42.0,26.506,510.0,490.0
1991,10,43.0,25.108186195826644,3166.0000000000005,3063.9999999999995
1991,10,44.0,25.65917563105762,14443.000000000002,13723.999999999998
1991,10,45.0,26.164868509777477,1543.0,1423.0
1991,10,46.0,26.812206572769952,328.00000000000006,310.99999999999994
1991,10,47.0,26.818317757009346,4077.9999999999995,3947.0000000000005
1991,10,48.0,26.937303606164896,3428.9999999999995,3254.0000000000005
1991,10,49.0,24.99119627136199,964.0,967.0
1991,10,50.0,26.894043050225264,3044.9999999999995,2948.0000000000005
1991,10,51.0,25.78719397363465,267.99999999999994,263.00000000000006
1991,10,52.0,30.0,0.0,3.0
1991,10,53.0,31.166666666666668,3.0,3.0
1991,10,55.0,27.2,5.0,5.0
1991,10,57.0,26.573684210526316,172.00000000000003,207.99999999999997
1991,10,59.0,30.085106382978722,22.0,25.0
1991,11,1.0,25.067483430407712,2559.9999999999995,2419.0000000000005
1991,11,2.0,27.12971175166297,443.99999999999994,458.00000000000006
1991,11,3.0,26.007874015748033,2732.9999999999995,2728.0000000000005
1991,11,4.0,24.697779319916723,1455.0000000000002,1426.9999999999998
1991,11,5.0,26.817256294120046,25024.000000000004,23989.999999999996
1991,11,6.0,26.911143131604227,2150.9999999999995,2013.0000000000005
1991,11,7.0,28.09031198686371,1858.9999999999998,1795.0000000000002
1991,11,8.0,26.388429752066116,421.0,426.0
1991,11,9.0,26.38519313304721,467.00000000000006,464.99999999999994
1991,11,10.0,26.274116161616163,8033.999999999998,7806.000000000002
1991,11,11.0,25.505652620760536,4449.000000000001,4307.999999999999
1991,11,12.0,27.333942717854967,853.0,788.0
1991,11,13.0,26.057915057915057,665.0000000000001,629.9999999999999
1991,11,14.0,26.717284355526402,7732.000000000001,7512.999999999999
1991,11,15.0,25.88848039215686,3323.0,3205.0
1991,11,16.0,26.83513602097673,1569.9999999999998,1481.0000000000002
1991,11,17.0,26.243781094527364,1458.0000000000002,1355.9999999999998
1991,11,18.0,25.18471337579618,2173.0000000000005,2065.9999999999995
1991,11,19.0,25.20609652836579,3027.0000000000005,2877.9999999999995
1991,11,20.0,26.678657074340528,643.0,608.0
1991,11,21.0,27.244816719190577,3093.0000000000005,2935.9999999999995
1991,11,22.0,28.20348236682898,3497.9999999999995,3279.0000000000005
1991,11,23.0,26.349797855510634,5825.000000000001,5552.999999999999
1991,11,24.0,27.602419040187282,2612.0,2514.0
1991,11,25.0,24.331179775280898,1817.0000000000002,1742.9999999999998
1991,11,26.0,25.96821086261981,3215.0000000000005,3044.9999999999995
1991,11,27.0,26.719393282773563,459.99999999999994,463.00000000000006
1991,11,28.0,26.70401691331924,980.9999999999999,911.0000000000001
1991,11,29.0,26.059434506635892,899.0000000000001,833.9999999999999
1991,11,30.0,27.697452229299362,639.0,617.0
1991,11,31.0,28.063433620871027,4887.0,4619.0
1991,11,32.0,25.586300135196034,1133.0,1086.0
1991,11,33.0,27.55032884707522,11707.0,11252.0
1991,11,34.0,25.572281662105002,4102.999999999999,3935.0000000000005
1991,11,35.0,26.696562032884902,355.99999999999994,313.00000000000006
1991,11,36.0,26.129877238251623,6610.999999999999,6178.000000000001
1991,11,37.0,25.105178427689832,1958.0000000000002,1768.9999999999998
1991,11,38.0,26.642141515341265,1611.9999999999998,1582.0000000000002
1991,11,39.0,26.9391190714121,6620.999999999999,6388.000000000001
1991,11,40.0,27.21631205673759,577.0000000000001,550.9999999999999
1991,11,41.0,25.3553591160221,2252.0000000000005,2272.9999999999995
1991,11,42.0,26.60091220068415,458.0,419.0
1991,11,43.0,25.20109066121336,2985.0,2883.0
1991,11,44.0,25.683390272926182,13315.999999999998,12735.000000000002
1991,11,45.0,26.25664697193501,1381.0,1327.0
1991,11,46.0,27.581850533807827,309.99999999999994,252.00000000000006
1991,11,47.0,26.75176655325831,3771.0000000000005,3870.9999999999995
1991,11,48.0,26.853024495917346,3029.0000000000005,2971.9999999999995
1991,11,49.0,24.83622135271101,930.0000000000001,858.9999999999999
1991,11,50.0,26.89553587565516,2819.0,2714.0
1991,11,51.0,25.600790513833992,255.99999999999997,250.00000000000003
1991,11,52.0,17.0,1.0,1.0
1991,11,53.0,26.5,2.0,2.0
1991,11,54.0,23.0,0.0,1.0
1991,11,55.0,29.25,3.999999999999999,8.0
1991,11,57.0,26.715686274509803,139.99999999999997,166.00000000000003
1991,11,59.0,29.26923076923077,20.999999999999993,31.000000000000007
1991,12,1.0,25.0873511060692,2674.0,2615.0
1991,12,2.0,26.988384371700107,478.0,469.0
1991,12,3.0,25.8776247848537,2907.0000000000005,2902.9999999999995
1991,12,4.0,24.610636900853578,1553.9999999999998,1492.0000000000002
1991,12,5.0,26.81013794314479,26344.0,24909.0
1991,12,6.0,27.04621248213435,2136.0,2062.0
1991,12,7.0,27.991600916263682,2004.0000000000002,1924.9999999999998
1991,12,8.0,26.194327731092436,484.0,468.0
1991,12,9.0,26.112589559877176,509.0,468.0
1991,12,10.0,26.381888107685835,8620.999999999998,8020.000000000001
1991,12,11.0,25.545291574396288,4832.999999999999,4650.000000000001
1991,12,12.0,27.097098214285715,929.0,863.0
1991,12,13.0,25.827073552425666,655.0,623.0
1991,12,14.0,26.597210776545165,8030.000000000001,7744.999999999999
1991,12,15.0,25.714285714285715,3637.0000000000005,3474.9999999999995
1991,12,16.0,26.34136420525657,1654.0,1542.0
1991,12,17.0,26.340514469453375,1600.9999999999998,1509.0000000000002
1991,12,18.0,25.08980044345898,2322.0,2188.0
1991,12,19.0,25.248242462115293,3264.0000000000005,3136.9999999999995
1991,12,20.0,26.339285714285715,714.0,630.0
1991,12,21.0,27.48653147699758,3346.9999999999995,3261.0000000000005
1991,12,22.0,28.265672070004303,3643.999999999999,3327.000000000001
1991,12,23.0,26.37782065262981,6154.999999999999,5766.000000000001
1991,12,24.0,27.487193763919823,2687.0000000000005,2700.9999999999995
1991,12,25.0,24.40599892876272,1868.0,1866.0
1991,12,26.0,25.94735197625371,3211.0,3190.0
1991,12,27.0,26.47079037800687,415.00000000000006,457.99999999999994
1991,12,28.0,26.796695042563847,1007.0,990.0
1991,12,29.0,26.261083743842363,907.9999999999999,919.0000000000001
1991,12,30.0,27.71301535974131,612.0000000000001,624.9999999999999
1991,12,31.0,27.921959319219592,4922.999999999999,4713.000000000001
1991,12,32.0,25.61019878997407,1177.0000000000002,1136.9999999999998
1991,12,33.0,27.599263783150672,12350.999999999998,11555.000000000002
1991,12,34.0,25.493507959805804,4547.0,4310.0
1991,12,35.0,27.066273932253313,316.99999999999994,362.00000000000006
1991,12,36.0,26.125999407758364,6916.0,6592.0
1991,12,37.0,25.305920237800347,2041.9999999999995,1995.0000000000005
1991,12,38.0,26.359411764705882,1755.9999999999995,1644.0000000000005
1991,12,39.0,26.985506180105943,6898.999999999998,6693.000000000002
1991,12,40.0,27.075342465753426,611.0,557.0
1991,12,41.0,25.360715003012654,2544.0,2435.0
1991,12,42.0,26.46075085324232,467.99999999999994,411.00000000000006
1991,12,43.0,25.305146476642914,3195.9999999999995,3119.0000000000005
1991,12,44.0,25.721299011621593,14103.999999999998,13517.000000000002
1991,12,45.0,26.32380632145259,1571.0000000000002,1402.9999999999998
1991,12,46.0,27.212871287128714,304.00000000000006,301.99999999999994
1991,12,47.0,26.735587448309413,4181.0,4041.0000000000005
1991,12,48.0,26.939408246773684,3301.0,3053.0
1991,12,49.0,24.875265392781316,938.9999999999999,945.0000000000001
1991,12,50.0,26.85482180293501,3001.9999999999995,2722.0000000000005
1991,12,51.0,26.01769911504425,291.00000000000006,273.99999999999994
1991,12,52.0,23.333333333333332,0.9999999999999998,2.0
1991,12,53.0,31.8,3.0000000000000004,1.9999999999999996
1991,12,54.0,33.0,1.0,0.0
1991,12,55.0,30.875,6.0,2.0
1991,12,57.0,26.91919191919192,147.00000000000003,149.99999999999997
1991,12,59.0,30.45098039215686,22.999999999999996,28.000000000000004
1992,1,1.0,25.11996918929328,2659.0000000000005,2533.9999999999995
1992,1,2.0,26.87782340862423,497.0000000000001,476.9999999999999
1992,1,3.0,25.926486106225816,2846.0000000000005,2839.9999999999995
1992,1,4.0,24.563210471925593,1493.0,1410.0
1992,1,5.0,26.852595877902427,25778.999999999996,24050.000000000004
1992,1,6.0,26.89509692132269,2228.0,2157.0
1992,1,7.0,27.860501162490312,1974.9999999999995,1896.0000000000005
1992,1,8.0,26.233409610983983,421.00000000000006,452.99999999999994
1992,1,9.0,26.03202479338843,479.9999999999999,488.0000000000001
1992,1,10.0,26.280962939499524,8090.999999999999,7694.000000000001
1992,1,11.0,25.652872814163135,4720.000000000001,4486.999999999999
1992,1,12.0,27.045348837209303,914.0000000000002,805.9999999999998
1992,1,13.0,25.997800586510262,723.0,641.0
1992,1,14.0,26.574924722916265,8039.000000000001,7569.999999999999
1992,1,15.0,25.742651296829973,3584.9999999999995,3355.0000000000005
1992,1,16.0,26.45771465461588,1603.0000000000002,1494.9999999999998
1992,1,17.0,26.02257336343115,1608.0,1493.0
1992,1,18.0,25.273056877407658,2267.9999999999995,2145.0000000000005
1992,1,19.0,25.1771418838358,3057.0000000000005,2813.9999999999995
1992,1,20.0,26.43727598566308,708.0,687.0
1992,1,21.0,27.249382334774552,3304.9999999999995,3171.0000000000005
1992,1,22.0,28.028730703259004,3628.0000000000005,3367.9999999999995
1992,1,23.0,26.331550802139038,6074.999999999999,5706.000000000001
1992,1,24.0,27.49175355450237,2717.0,2558.0
1992,1,25.0,24.431584948688712,1841.0,1667.0
1992,1,26.0,25.94257748776509,3124.0000000000005,3005.9999999999995
1992,1,27.0,26.286036036036037,461.9999999999999,426.0000000000001
1992,1,28.0,26.873767258382642,992.0000000000001,1036.0
1992,1,29.0,26.17241379310345,875.9999999999998,864.0000000000002
1992,1,30.0,27.72123552123552,655.0000000000001,639.9999999999999
1992,1,31.0,27.996043822276324,5055.000000000001,4802.999999999999
1992,1,32.0,25.389904264577893,1144.0,1154.0
1992,1,33.0,27.641025641025642,12189.0,11679.0
1992,1,34.0,25.49966231427285,4460.000000000001,4423.999999999999
1992,1,35.0,26.48945147679325,365.99999999999994,345.00000000000006
1992,1,36.0,26.003716626213592,6688.000000000002,6495.999999999998
1992,1,37.0,25.14852235412983,2027.0000000000002,1931.9999999999998
1992,1,38.0,26.37967289719626,1772.0000000000002,1651.9999999999998
1992,1,39.0,26.924880525686977,6895.999999999999,6496.000000000001
1992,1,40.0,27.173546756529063,613.0000000000001,573.9999999999999
1992,1,41.0,25.331164742917103,2425.0,2340.0
1992,1,42.0,26.52442996742671,436.0,485.0
1992,1,43.0,25.2622791376236,3182.9999999999995,2986.0000000000005
1992,1,44.0,25.644482626956854,13436.999999999998,12753.000000000002
1992,1,45.0,26.201072386058982,1503.0000000000002,1480.9999999999998
1992,1,46.0,26.950310559006212,336.00000000000006,307.99999999999994
1992,1,47.0,26.835573811301966,4095.0,3939.0
1992,1,48.0,26.974163892851482,3256.0,3053.0
1992,1,49.0,24.896952908587256,933.0,872.0
1992,1,50.0,26.88340727595386,2886.0000000000005,2748.9999999999995
1992,1,51.0,25.957773512476006,264.99999999999994,256.00000000000006
1992,1,52.0,27.0,0.0,2.0
1992,1,53.0,31.5,2.0,2.0
1992,1,54.0,34.0,0.0,1.0
1992,1,55.0,27.0,5.0,6.0
1992,1,56.0,37.0,1.0,0.0
1992,1,57.0,26.347490347490346,126.99999999999997,132.00000000000003
1992,1,59.0,29.169811320754718,33.00000000000001,19.999999999999996
1992,2,1.0,25.11686143572621,2428.9999999999995,2363.0000000000005
1992,2,2.0,26.69690501600854,469.0000000000001,467.9999999999999
1992,2,3.0,25.88855869242199,2713.0,2671.0
1992,2,4.0,24.68190623789229,1359.0,1222.0
1992,2,5.0,26.835902389852578,24413.000000000004,23204.999999999996
1992,2,6.0,26.92992107151399,2102.0,2079.0
1992,2,7.0,28.046879185641576,1877.0000000000002,1855.9999999999998
1992,2,8.0,26.63420427553444,398.0,444.0
1992,2,9.0,25.940066592674807,470.0,431.0
1992,2,10.0,26.35352016404648,7435.0,7195.0
1992,2,11.0,25.51246765466949,4307.000000000001,4194.999999999999
1992,2,12.0,26.98940809968847,838.0,767.0
1992,2,13.0,25.93076923076923,684.0,616.0
1992,2,14.0,26.63309940723581,7514.0,7163.0
1992,2,15.0,25.597727980080922,3425.0,3001.0
1992,2,16.0,26.498152502519314,1516.9999999999998,1460.0000000000002
1992,2,17.0,26.182054616384914,1584.9999999999998,1491.0000000000002
1992,2,18.0,25.13621183206107,2227.0,1965.0
1992,2,19.0,25.202344454463482,2830.0000000000005,2714.9999999999995
1992,2,20.0,26.461965134706816,644.9999999999999,617.0000000000001
1992,2,21.0,27.41345685031692,3094.0000000000005,3058.9999999999995
1992,2,22.0,28.089657236940578,3381.0000000000005,3299.9999999999995
1992,2,23.0,26.298141003156786,5825.000000000001,5578.999999999999
1992,2,24.0,27.410492591109332,2586.0,2408.0
1992,2,25.0,24.41362074351765,1658.0000000000002,1542.9999999999998
1992,2,26.0,25.925012840267076,2988.9999999999995,2852.0000000000005
1992,2,27.0,26.590401785714285,455.0,441.0
1992,2,28.0,26.546994535519126,958.0,872.0
1992,2,29.0,26.08658256880734,860.0,884.0
1992,2,30.0,27.81644518272425,598.9999999999999,605.0000000000001
1992,2,31.0,27.932876712328767,4800.0,4690.0
1992,2,32.0,25.608927704997573,1008.0000000000001,1053.0
1992,2,33.0,27.571237099584508,11517.999999999998,10865.000000000002
1992,2,34.0,25.444226285433796,4149.999999999999,3999.000000000001
1992,2,35.0,26.900144717800288,358.99999999999994,332.00000000000006
1992,2,36.0,25.996858556506716,6526.999999999999,6206.000000000001
1992,2,37.0,25.047921630924012,1900.9999999999995,1876.0000000000005
1992,2,38.0,26.49585253456221,1664.0000000000005,1590.9999999999995
1992,2,39.0,27.112259276655706,6525.0,6249.0
1992,2,40.0,27.025438596491227,582.9999999999999,557.0000000000001
1992,2,41.0,25.090760615958935,2159.0,2127.0
1992,2,42.0,26.257950530035334,419.99999999999994,429.00000000000006
1992,2,43.0,25.262964903090623,2905.9999999999995,2821.0000000000005
1992,2,44.0,25.61597694049825,12369.000000000002,11915.999999999998
1992,2,45.0,26.18140350877193,1470.9999999999998,1379.0000000000002
1992,2,46.0,27.486133768352364,309.00000000000006,303.99999999999994
1992,2,47.0,26.766675560298825,3802.9999999999995,3693.0000000000005
1992,2,48.0,26.92200647249191,3225.0000000000005,2954.9999999999995
1992,2,49.0,25.093285799168154,902.0000000000001,780.9999999999999
1992,2,50.0,26.889012414304243,2755.0,2642.0
1992,2,51.0,25.91730769230769,260.0,260.0
1992,2,52.0,30.333333333333332,0.9999999999999998,2.0
1992,2,53.0,29.833333333333332,3.0,3.0
1992,2,55.0,30.88888888888889,5.0,4.0
1992,2,57.0,26.19918699186992,135.99999999999997,110.00000000000003
1992,2,59.0,30.35483870967742,8.999999999999998,22.0
1992,3,1.0,25.20689655172414,2615.9999999999995,2459.0000000000005
1992,3,2.0,26.813793103448276,517.9999999999999,497.0000000000001
1992,3,3.0,25.994804295116037,2928.0000000000005,2845.9999999999995
1992,3,4.0,24.63238434163701,1383.0000000000002,1426.9999999999998
1992,3,5.0,26.88894321982514,26160.0,24967.0
1992,3,6.0,26.984137331594958,2380.9999999999995,2221.0000000000005
1992,3,7.0,28.124629812438304,2117.0000000000005,1934.9999999999995
1992,3,8.0,26.680337756332932,414.99999999999994,414.00000000000006
1992,3,9.0,26.03991130820399,473.0,429.0
1992,3,10.0,26.3482428115016,8198.0,7765.000000000001
1992,3,11.0,25.644324799472585,4732.999999999999,4368.000000000001
1992,3,12.0,27.211742660836975,857.9999999999999,743.0000000000001
1992,3,13.0,26.13718662952646,729.0000000000001,706.9999999999999
1992,3,14.0,26.672478763492368,8075.0,7582.0
1992,3,15.0,25.781634446397188,3538.0,3290.0
1992,3,16.0,26.691486115349406,1697.0000000000002,1579.9999999999998
1992,3,17.0,26.47190666257292,1646.0,1611.0
1992,3,18.0,25.26423034330011,2306.0,2209.0
1992,3,19.0,25.223292313179954,2918.9999999999995,2688.0000000000005
1992,3,20.0,26.544981412639405,701.9999999999999,643.0000000000001
1992,3,21.0,27.405923879680785,3382.0000000000005,3133.9999999999995
1992,3,22.0,28.157681235278723,3911.9999999999995,3730.0000000000005
1992,3,23.0,26.29470869459525,6257.000000000001,6083.999999999999
1992,3,24.0,27.616645649432535,2843.0000000000005,2707.9999999999995
1992,3,25.0,24.57022047719722,1723.0000000000002,1587.9999999999998
1992,3,26.0,26.01577845757527,3183.0000000000005,3027.9999999999995
1992,3,27.0,26.558766859344892,519.0,519.0
1992,3,28.0,26.846875,1004.0,916.0
1992,3,29.0,26.09602478058854,1009.9999999999999,927.0000000000001
1992,3,30.0,27.694135115070527,647.0,700.0
1992,3,31.0,28.188335478760273,5126.999999999999,4972.000000000001
1992,3,32.0,25.636130136986303,1190.9999999999998,1145.0000000000002
1992,3,33.0,27.64559143314323,12407.000000000002,11965.999999999998
1992,3,34.0,25.623516974039703,4367.0,4146.0
1992,3,35.0,26.896153846153847,413.9999999999999,366.0000000000001
1992,3,36.0,26.155010552361546,7110.999999999999,6630.000000000001
1992,3,37.0,25.03516427104723,2033.9999999999995,1862.0000000000005
1992,3,38.0,26.661093794276,1801.0,1728.0
1992,3,39.0,27.062740541718103,7084.000000000002,6686.999999999998
1992,3,40.0,26.972067039106147,647.9999999999999,605.0000000000001
1992,3,41.0,25.16391663048198,2339.0,2267.0
1992,3,42.0,26.11320754716981,484.99999999999994,469.00000000000006
1992,3,43.0,25.302430093209054,3107.0000000000005,2900.9999999999995
1992,3,44.0,25.775529977134443,13179.000000000002,12623.999999999998
1992,3,45.0,26.189131102241326,1650.0,1607.0
1992,3,46.0,27.421597633136095,327.0,349.0
1992,3,47.0,26.785461641663616,4180.999999999999,4018.0000000000005
1992,3,48.0,27.045209275193233,3551.0,3306.0
1992,3,49.0,24.56108108108108,969.0,881.0
1992,3,50.0,26.893051771117165,3080.9999999999995,2791.0000000000005
1992,3,51.0,26.06989247311828,301.0,257.0
1992,3,52.0,23.5,1.0,1.0
1992,3,53.0,36.666666666666664,0.9999999999999998,2.0
1992,3,55.0,22.75,3.0,1.0
1992,3,57.0,26.592727272727274,128.99999999999997,146.00000000000003
1992,3,59.0,29.854545454545455,29.000000000000004,25.999999999999996
1992,4,1.0,25.095169873106837,2470.0000000000005,2415.9999999999995
1992,4,2.0,26.61071060762101,478.9999999999999,492.0000000000001
1992,4,3.0,25.940137736182237,2945.0,2718.0
1992,4,4.0,24.776221264367816,1426.0,1358.0
1992,4,5.0,26.934612435943993,25395.0,24171.0
1992,4,6.0,26.979402677651905,2481.0000000000005,2373.9999999999995
1992,4,7.0,28.241703813769192,2025.0,2013.0
1992,4,8.0,26.465986394557824,446.00000000000006,435.99999999999994
1992,4,9.0,26.233449477351915,447.99999999999994,413.00000000000006
1992,4,10.0,26.463055834169175,7662.000000000001,7292.999999999999
1992,4,11.0,25.673085535154502,4519.000000000001,4412.999999999999
1992,4,12.0,27.07894736842105,872.9999999999999,761.0000000000001
1992,4,13.0,26.06453804347826,754.9999999999999,717.0000000000001
1992,4,14.0,26.719961427193827,8046.000000000002,7508.999999999998
1992,4,15.0,25.849619660620245,3482.0,3354.0
1992,4,16.0,26.686732186732186,1629.9999999999998,1626.0000000000002
1992,4,17.0,26.429816069699903,1623.0,1476.0
1992,4,18.0,25.17642924086223,2224.9999999999995,2043.0000000000002
1992,4,19.0,25.22108208955224,2805.0,2555.0
1992,4,20.0,26.6875,697.0,647.0
1992,4,21.0,27.477870628288457,3291.0,3171.0
1992,4,22.0,28.384510684633184,3753.0,3594.0
1992,4,23.0,26.52959708174432,6234.000000000001,5827.999999999999
1992,4,24.0,27.672318400856685,2837.0,2766.0
1992,4,25.0,24.5765542839468,1626.0,1607.0
1992,4,26.0,26.122237893747062,3239.0000000000005,3141.9999999999995
1992,4,27.0,26.26482213438735,540.9999999999999,471.0000000000001
1992,4,28.0,27.012224938875306,1023.9999999999999,1021.0000000000001
1992,4,29.0,26.28050713153724,942.0000000000001,950.9999999999999
1992,4,30.0,27.958240119313945,696.9999999999999,644.0000000000001
1992,4,31.0,28.221483942414174,5045.999999999999,4887.000000000001
1992,4,32.0,25.57654161276412,1194.0,1125.0
1992,4,33.0,27.756380704915973,12222.0,11639.0
1992,4,34.0,25.798222435743455,4275.000000000001,4050.9999999999995
1992,4,35.0,26.65068493150685,367.00000000000006,362.99999999999994
1992,4,36.0,26.17988147925887,6821.999999999999,6509.000000000001
1992,4,37.0,25.272400513478818,1969.0000000000005,1925.9999999999995
1992,4,38.0,26.721210498125334,1879.0000000000002,1854.9999999999998
1992,4,39.0,27.11034432126863,6899.0,6722.0
1992,4,40.0,27.47681041497152,623.0,606.0
1992,4,41.0,25.613577023498696,2295.0000000000005,2300.9999999999995
1992,4,42.0,26.21177685950413,474.0000000000001,493.9999999999999
1992,4,43.0,25.452356381148952,3006.0,2808.0
1992,4,44.0,25.7774624571361,13040.000000000002,12330.999999999998
1992,4,45.0,26.470680958385877,1651.0,1521.0
1992,4,46.0,27.542492917847024,354.99999999999994,351.00000000000006
1992,4,47.0,26.919605612438378,4125.0,3786.0000000000005
1992,4,48.0,26.984056027417672,3471.0,3240.0
1992,4,49.0,25.040198237885463,915.0000000000001,900.9999999999999
1992,4,50.0,27.040137614678898,3148.0000000000005,2955.9999999999995
1992,4,51.0,25.896661367249603,338.0,291.0
1992,4,52.0,32.0,0.0,1.0
1992,4,53.0,24.333333333333332,3.0,0.0
1992,4,55.0,27.7,5.0,5.0
1992,4,57.0,26.731404958677686,121.0,121.0
1992,4,59.0,30.214285714285715,20.000000000000004,21.999999999999996
1992,5,1.0,25.17371451260671,2561.0000000000005,2475.9999999999995
1992,5,2.0,26.840996168582375,552.9999999999999,491.0000000000001
1992,5,3.0,25.945353226676254,2928.0,2635.0
1992,5,4.0,24.796106194690264,1481.0000000000002,1343.9999999999998
1992,5,5.0,26.9417810937376,25682.000000000004,24713.999999999996
1992,5,6.0,27.17002467105263,2514.0,2350.0
1992,5,7.0,28.313475177304966,2216.0000000000005,2013.9999999999995
1992,5,8.0,26.814285714285713,485.0000000000001,424.9999999999999
1992,5,9.0,26.1546723952739,462.00000000000006,468.99999999999994
1992,5,10.0,26.477402597402598,7819.999999999998,7580.000000000002
1992,5,11.0,25.711416842338846,4621.0,4392.0
1992,5,12.0,26.96265060240964,873.0,787.0
1992,5,13.0,26.242305173542896,774.0,753.0
1992,5,14.0,26.73550680969025,8487.0,8107.000000000001
1992,5,15.0,25.84484881652757,3765.0,3544.0
1992,5,16.0,26.506121230217975,1734.9999999999998,1614.0000000000002
1992,5,17.0,26.362775061124694,1680.9999999999998,1591.0000000000002
1992,5,18.0,25.244986326344577,2264.0,2124.0
1992,5,19.0,25.330882352941178,2872.9999999999995,2703.0000000000005
1992,5,20.0,26.847982708933717,718.0000000000001,669.9999999999999
1992,5,21.0,27.441320293398533,3365.0000000000005,3178.9999999999995
1992,5,22.0,28.406436542953543,3948.0,3758.0
1992,5,23.0,26.551643920595534,6559.0,6337.0
1992,5,24.0,27.679912443172253,3089.0000000000005,2849.9999999999995
1992,5,25.0,24.5906362545018,1692.9999999999998,1639.0000000000002
1992,5,26.0,26.066646191646193,3291.0000000000005,3220.9999999999995
1992,5,27.0,26.526760563380282,531.9999999999999,533.0000000000001
1992,5,28.0,27.006920415224915,1010.9999999999999,1012.0000000000001
1992,5,29.0,26.44084362139918,1008.0000000000001,935.9999999999999
1992,5,30.0,28.067232837933474,729.9999999999999,683.0000000000001
1992,5,31.0,28.28405155829165,5282.999999999999,5113.000000000001
1992,5,32.0,25.882304185661003,1229.0,1184.0
1992,5,33.0,27.835341527302035,12705.000000000002,12109.999999999998
1992,5,34.0,25.751838449865765,4478.0,4088.9999999999995
1992,5,35.0,26.983006535947712,395.99999999999994,369.00000000000006
1992,5,36.0,26.25162642764204,7024.000000000001,6809.999999999999
1992,5,37.0,25.200613340148223,1980.0,1933.0
1992,5,38.0,26.59280303030303,1890.0000000000005,1805.9999999999995
1992,5,39.0,27.18197195010219,7428.000000000002,6760.999999999998
1992,5,40.0,27.176375404530745,649.9999999999999,586.0000000000001
1992,5,41.0,25.60053262316911,2279.0000000000005,2226.9999999999995
1992,5,42.0,26.52676659528908,473.00000000000006,460.99999999999994
1992,5,43.0,25.22776607808197,3193.0000000000005,2979.9999999999995
1992,5,44.0,25.846771365106584,13024.999999999998,12636.000000000002
1992,5,45.0,26.367130750605327,1680.0,1624.0
1992,5,46.0,27.67471590909091,376.00000000000006,327.99999999999994
1992,5,47.0,26.92399421826066,4290.999999999999,4011.0000000000005
1992,5,48.0,27.18864069735767,3757.9999999999995,3584.0000000000005
1992,5,49.0,25.108974358974358,1000.0000000000002,871.9999999999998
1992,5,50.0,27.27498398462524,3188.000000000001,3055.999999999999
1992,5,51.0,25.789049919484704,336.0,285.0
1992,5,52.0,25.75,3.0,1.0
1992,5,53.0,31.75,2.0,2.0
1992,5,55.0,26.384615384615383,5.999999999999999,7.000000000000001
1992,5,56.0,36.0,0.0,1.0
1992,5,57.0,26.8474025974026,163.0,145.0
1992,5,59.0,29.29310344827586,29.0,29.0
1992,6,1.0,25.119099348212522,2617.0000000000005,2445.9999999999995
1992,6,2.0,27.237942122186496,467.00000000000006,465.99999999999994
1992,6,3.0,26.04063411078717,2813.0000000000005,2674.9999999999995
1992,6,4.0,24.574468085106382,1408.0,1459.0
1992,6,5.0,26.930295886847667,25180.000000000004,24027.999999999996
1992,6,6.0,27.06905316670197,2404.9999999999995,2316.0000000000005
1992,6,7.0,28.28239940755369,2111.0,1940.0
1992,6,8.0,26.792880258899675,461.00000000000006,465.99999999999994
1992,6,9.0,26.308012486992716,481.00000000000006,479.99999999999994
1992,6,10.0,26.369408461489375,8074.0,7597.0
1992,6,11.0,25.772074147197543,4687.999999999999,4429.000000000001
1992,6,12.0,27.65653298835705,815.9999999999999,730.0000000000001
1992,6,13.0,26.09873248832555,787.0,712.0
1992,6,14.0,26.809310430669655,8141.0,7927.0
1992,6,15.0,25.720525869380833,3609.0000000000005,3464.9999999999995
1992,6,16.0,26.791931385006354,1605.0,1543.0
1992,6,17.0,26.38313562039115,1593.0000000000002,1525.9999999999998
1992,6,18.0,25.300702469975075,2273.0,2140.0
1992,6,19.0,25.369049679764583,3002.0000000000005,2774.9999999999995
1992,6,20.0,26.69057665260197,675.9999999999999,746.0000000000001
1992,6,21.0,27.46927885348376,3461.0000000000005,3097.9999999999995
1992,6,22.0,28.328216469363863,3989.0,3698.0
1992,6,23.0,26.46675444371297,6312.000000000001,5839.999999999999
1992,6,24.0,27.673509814514677,2805.9999999999995,2747.0000000000005
1992,6,25.0,24.5759270158917,1742.0000000000002,1655.9999999999998
1992,6,26.0,26.137941675667335,3339.9999999999995,3141.0000000000005
1992,6,27.0,26.687250996015937,489.0,515.0
1992,6,28.0,26.865123301459487,1018.0000000000002,968.9999999999998
1992,6,29.0,26.377329192546583,991.0000000000002,940.9999999999998
1992,6,30.0,28.07676203768318,710.0,723.0
1992,6,31.0,28.22994963192561,5300.0,5024.0
1992,6,32.0,25.654040404040405,1184.0,1192.0
1992,6,33.0,27.764968465885822,12546.0,11872.0
1992,6,34.0,25.812156593406595,4545.999999999999,4190.000000000001
1992,6,35.0,26.953846153846154,346.99999999999994,368.00000000000006
1992,6,36.0,26.328679550297597,6982.0,6627.0
1992,6,37.0,24.92183152036428,2005.0000000000002,1947.9999999999998
1992,6,38.0,26.75649530127142,1802.0000000000002,1815.9999999999998
1992,6,39.0,27.162168013856814,7093.000000000001,6762.999999999999
1992,6,40.0,27.4,644.9999999999999,650.0000000000001
1992,6,41.0,25.61283185840708,2296.0,2224.0
1992,6,42.0,25.993456924754636,452.00000000000006,464.99999999999994
1992,6,43.0,25.271740917310538,3183.0000000000005,2899.9999999999995
1992,6,44.0,25.768861142640937,13384.0,13046.0
1992,6,45.0,26.521308523409363,1694.0,1638.0
1992,6,46.0,27.64922206506365,379.99999999999994,327.00000000000006
1992,6,47.0,26.902657034406758,4212.000000000001,3954.999999999999
1992,6,48.0,27.032447511378653,3465.0000000000005,3345.9999999999995
1992,6,49.0,24.971179989124526,946.9999999999999,892.0000000000001
1992,6,50.0,27.162206534230833,3172.9999999999995,2918.0000000000005
1992,6,51.0,26.231907894736842,337.0,271.0
1992,6,52.0,25.0,0.0,1.0
1992,6,53.0,30.8,3.0000000000000004,1.9999999999999996
1992,6,54.0,37.0,0.0,1.0
1992,6,55.0,24.857142857142858,8.0,6.0
1992,6,56.0,25.0,0.0,1.0
1992,6,57.0,26.506172839506174,168.00000000000003,155.99999999999997
1992,6,59.0,29.810344827586206,32.99999999999999,25.000000000000004
1992,7,1.0,25.087415771262066,2866.0000000000005,2624.9999999999995
1992,7,2.0,27.019848771266542,544.0,514.0
1992,7,3.0,26.087489504617967,3059.0000000000005,2895.9999999999995
1992,7,4.0,24.60451080050826,1647.9999999999998,1500.0000000000002
1992,7,5.0,26.859046841910978,26340.000000000007,25130.999999999993
1992,7,6.0,26.931506849315067,2412.9999999999995,2405.0000000000005
1992,7,7.0,28.25183085282306,2186.0,2047.0
1992,7,8.0,26.538546255506606,476.00000000000006,431.99999999999994
1992,7,9.0,26.368809272918863,480.00000000000006,468.99999999999994
1992,7,10.0,26.383727953611984,8353.0,8203.0
1992,7,11.0,25.634381338742394,5085.0,4775.0
1992,7,12.0,27.197432762836186,865.0000000000001,770.9999999999999
1992,7,13.0,26.03783102143758,838.0,748.0
1992,7,14.0,26.685742277547256,8780.0,8572.0
1992,7,15.0,25.837662337662337,3820.9999999999995,3725.0000000000005
1992,7,16.0,26.588836937463473,1772.0000000000002,1649.9999999999998
1992,7,17.0,26.359822747415066,1744.0,1641.0
1992,7,18.0,25.302536605485667,2526.9999999999995,2322.0000000000005
1992,7,19.0,25.194173150140706,3155.9999999999995,2885.0000000000005
1992,7,20.0,26.965156794425088,714.0,721.0
1992,7,21.0,27.445861719089724,3475.9999999999995,3423.0000000000005
1992,7,22.0,28.299299429164506,3955.0000000000005,3752.9999999999995
1992,7,23.0,26.36076437047311,6692.0,6286.0
1992,7,24.0,27.561337655690156,3043.0,2818.0
1992,7,25.0,24.464295056238555,1975.0,1848.0
1992,7,26.0,25.988209285187914,3579.0000000000005,3205.9999999999995
1992,7,27.0,26.56983805668016,512.9999999999999,475.00000000000006
1992,7,28.0,26.962834489593657,1047.0000000000002,970.9999999999999
1992,7,29.0,26.341589267285862,984.0000000000002,953.9999999999998
1992,7,30.0,28.06505700871898,742.9999999999999,748.0000000000001
1992,7,31.0,28.224628886191766,5548.000000000001,5162.999999999999
1992,7,32.0,25.693793670365803,1180.9999999999998,1252.0000000000002
1992,7,33.0,27.747689898198903,13035.000000000002,12504.999999999998
1992,7,34.0,25.634621737694086,4612.0,4469.0
1992,7,35.0,26.733590733590734,394.0,383.0
1992,7,36.0,26.321252059308073,7432.000000000001,7135.999999999999
1992,7,37.0,25.075458555839333,2237.9999999999995,2069.0000000000005
1992,7,38.0,26.688019297775394,1939.0,1792.0
1992,7,39.0,27.049854168079765,7569.000000000001,7173.999999999999
1992,7,40.0,27.327637444279347,686.0,660.0
1992,7,41.0,25.256517412935324,2611.0,2414.0
1992,7,42.0,26.51585623678647,468.99999999999994,477.00000000000006
1992,7,43.0,25.393339333933394,3390.999999999999,3275.000000000001
1992,7,44.0,25.71103714085494,14634.999999999998,13905.000000000002
1992,7,45.0,26.318915625951874,1716.0,1567.0
1992,7,46.0,27.595454545454544,357.00000000000006,302.99999999999994
1992,7,47.0,26.85222248080056,4389.0,4205.0
1992,7,48.0,27.04929072933085,3688.999999999999,3290.000000000001
1992,7,49.0,24.953023488255873,1067.0,934.0000000000001
1992,7,50.0,26.93666146645866,3302.0000000000005,3107.9999999999995
1992,7,51.0,25.596912521440824,290.0,293.0
1992,7,52.0,25.0,1.0,0.0
1992,7,53.0,28.857142857142858,0.9999999999999996,6.0
1992,7,54.0,20.0,1.0,0.0
1992,7,55.0,31.142857142857142,7.0,7.0
1992,7,56.0,27.0,1.0,0.0
1992,7,57.0,26.556603773584907,155.0,163.0
1992,7,59.0,30.209302325581394,17.0,26.0
1992,8,1.0,25.08571963316489,2812.0,2531.0
1992,8,2.0,26.99601990049751,533.9999999999999,471.00000000000006
1992,8,3.0,25.78445111778445,2986.0,3008.0
1992,8,4.0,24.52520593080725,1554.0,1481.0
1992,8,5.0,26.91777984280017,26268.0,25386.0
1992,8,6.0,26.897220996912218,2337.0,2197.0
1992,8,7.0,28.278051181102363,2066.0000000000005,1997.9999999999995
1992,8,8.0,26.554054054054053,502.00000000000006,459.99999999999994
1992,8,9.0,25.908379888268158,450.0,445.0
1992,8,10.0,26.35292691794934,8469.000000000002,8032.999999999999
1992,8,11.0,25.491392801251955,4808.000000000001,4776.999999999999
1992,8,12.0,26.95474006116208,841.0,794.0
1992,8,13.0,26.28129117259552,789.0000000000001,728.9999999999999
1992,8,14.0,26.81537618699781,8495.0,7933.0
1992,8,15.0,25.81047105953861,3716.9999999999995,3522.0000000000005
1992,8,16.0,26.736140563465618,1718.9999999999998,1582.0000000000002
1992,8,17.0,26.27034440719293,1657.0,1624.0
1992,8,18.0,25.124459809853068,2358.9999999999995,2269.0000000000005
1992,8,19.0,25.078347107438017,3106.9999999999995,2943.0000000000005
1992,8,20.0,26.81048097631012,711.9999999999999,681.0000000000001
1992,8,21.0,27.463473053892216,3389.0000000000005,3290.9999999999995
1992,8,22.0,28.232040426113084,3809.0000000000005,3512.9999999999995
1992,8,23.0,26.372960564073132,6264.0,5933.0
1992,8,24.0,27.688249823570924,2974.9999999999995,2693.0000000000005
1992,8,25.0,24.42898398529798,1939.9999999999998,1869.0000000000002
1992,8,26.0,25.950120554550935,3400.0,3236.0
1992,8,27.0,26.894568690095845,469.00000000000006,469.99999999999994
1992,8,28.0,26.9535,1047.0000000000002,952.9999999999999
1992,8,29.0,26.06361829025845,1006.0,1006.0
1992,8,30.0,28.000723589001446,706.0000000000001,675.9999999999999
1992,8,31.0,28.262555066079294,5224.999999999999,4990.000000000001
1992,8,32.0,25.640167364016737,1243.0000000000002,1146.9999999999998
1992,8,33.0,27.716672779883442,12443.000000000002,12093.999999999998
1992,8,34.0,25.558409372535767,4561.000000000001,4315.999999999999
1992,8,35.0,26.801068090787716,383.99999999999994,365.00000000000006
1992,8,36.0,26.27529632841862,7030.000000000001,6805.999999999999
1992,8,37.0,25.097578692493947,2122.0,2008.0
1992,8,38.0,26.534890186266335,1817.0000000000002,1779.9999999999998
1992,8,39.0,26.980951711534406,7307.999999999999,6919.000000000001
1992,8,40.0,27.437293729372936,615.9999999999999,596.0000000000001
1992,8,41.0,25.4582144313086,2495.0000000000005,2410.9999999999995
1992,8,42.0,26.2,497.0000000000001,457.9999999999999
1992,8,43.0,25.369810720534435,3139.0000000000005,3147.9999999999995
1992,8,44.0,25.780253291715997,14037.000000000004,13835.999999999996
1992,8,45.0,26.30423701815865,1574.0000000000005,1564.9999999999995
1992,8,46.0,27.68860353130016,296.0,327.0
1992,8,47.0,26.798023620149433,4229.000000000001,4068.999999999999
1992,8,48.0,26.948063380281692,3487.0000000000005,3328.9999999999995
1992,8,49.0,25.038282462493534,965.0000000000001,967.9999999999999
1992,8,50.0,27.075139756658995,3093.9999999999995,2988.0000000000005
1992,8,51.0,25.630208333333332,315.0,261.0
1992,8,52.0,29.333333333333332,4.0,1.9999999999999996
1992,8,53.0,30.0,3.0,0.0
1992,8,54.0,26.5,0.0,2.0
1992,8,55.0,28.285714285714285,11.000000000000002,2.9999999999999987
1992,8,56.0,29.5,1.0,1.0
1992,8,57.0,26.481927710843372,157.99999999999997,174.00000000000003
1992,8,59.0,30.224137931034484,29.999999999999996,28.000000000000004
1992,9,1.0,25.15225666122893,2832.0,2685.0
1992,9,2.0,26.8,492.0,508.0
1992,9,3.0,26.055867768595043,3086.0000000000005,2963.9999999999995
1992,9,4.0,24.66622821440316,1535.9999999999998,1505.0000000000002
1992,9,5.0,26.904307508801633,26648.0,25331.0
1992,9,6.0,27.046808510638296,2241.0,2224.0
1992,9,7.0,28.400050671396,1990.0000000000002,1956.9999999999998
1992,9,8.0,26.776688453159043,481.0,437.0
1992,9,9.0,26.664466446644663,498.99999999999994,410.00000000000006
1992,9,10.0,26.40206000359303,8544.0,8155.0
1992,9,11.0,25.563477895621126,4833.999999999999,4689.000000000001
1992,9,12.0,27.094231867504284,901.0,850.0
1992,9,13.0,25.894117647058824,791.9999999999999,738.0000000000001
1992,9,14.0,26.774892850487607,8270.0,7828.999999999999
1992,9,15.0,25.880178546519737,3699.9999999999995,3469.0000000000005
1992,9,16.0,26.604784978800726,1701.0000000000002,1600.9999999999998
1992,9,17.0,26.322208359326265,1626.9999999999998,1579.0000000000002
1992,9,18.0,25.448923011303048,2353.0000000000005,2335.9999999999995
1992,9,19.0,25.179203199507768,3363.0000000000005,3137.9999999999995
1992,9,20.0,26.56777691711851,679.0,612.0
1992,9,21.0,27.63622572815534,3337.0000000000005,3254.9999999999995
1992,9,22.0,28.26753246753247,3748.0,3567.0
1992,9,23.0,26.54645080946451,6268.000000000001,5776.999999999999
1992,9,24.0,27.69150442477876,2927.0,2723.0
1992,9,25.0,24.31860951385259,1928.0,1898.0
1992,9,26.0,26.0424802504099,3456.0000000000005,3252.9999999999995
1992,9,27.0,26.807377049180328,484.00000000000006,491.99999999999994
1992,9,28.0,26.94412229836584,976.9999999999999,920.0000000000001
1992,9,29.0,26.642151481888035,924.0000000000001,897.9999999999999
1992,9,30.0,28.122222222222224,654.0,696.0
1992,9,31.0,28.42964824120603,5165.000000000001,4784.999999999999
1992,9,32.0,25.896336386344714,1248.0000000000002,1153.9999999999998
1992,9,33.0,27.746329050558984,12257.0,11715.0
1992,9,34.0,25.656634746922023,4489.999999999999,4282.000000000001
1992,9,35.0,26.949935815147626,405.0,374.0
1992,9,36.0,26.259472038397206,7200.999999999999,6550.000000000001
1992,9,37.0,25.161258843620395,2088.0,2011.0000000000002
1992,9,38.0,26.732831063459866,1826.0,1625.0
1992,9,39.0,27.131998277347115,7221.0,6711.0
1992,9,40.0,27.248955722639934,640.0,557.0
1992,9,41.0,25.406776094276093,2432.9999999999995,2319.0000000000005
1992,9,42.0,26.59660297239915,469.9999999999999,472.0000000000001
1992,9,43.0,25.38090766823161,3258.0,3132.0
1992,9,44.0,25.812199604184336,14365.0,13931.0
1992,9,45.0,26.489670755326017,1587.0000000000002,1510.9999999999998
1992,9,46.0,27.196747967479673,306.0,309.0
1992,9,47.0,26.926601045084457,4293.0,3936.0
1992,9,48.0,27.075372348427862,3408.0,3239.0
1992,9,49.0,25.246120920278223,956.0000000000001,912.9999999999999
1992,9,50.0,27.04358593363051,3031.0,3026.0
1992,9,51.0,26.3419689119171,292.00000000000006,286.99999999999994
1992,9,52.0,24.5,0.0,2.0
1992,9,53.0,30.666666666666668,0.9999999999999998,2.0
1992,9,55.0,26.125,4.0,4.0
1992,9,56.0,24.0,0.0,1.0
1992,9,57.0,26.589285714285715,166.0,170.0
1992,9,59.0,28.224137931034484,29.0,29.0
1992,10,1.0,25.08605122535471,2817.0,2610.0
1992,10,2.0,26.505144032921812,528.0,444.00000000000006
1992,10,3.0,26.140936170212765,3040.0,2835.0
1992,10,4.0,24.69808743169399,1497.9999999999998,1430.0000000000002
1992,10,5.0,26.901030887578585,26241.0,24977.0
1992,10,6.0,26.920291455067343,2276.0000000000005,2252.9999999999995
1992,10,7.0,28.202061855670102,2006.9999999999998,1873.0000000000002
1992,10,8.0,26.569367369589344,460.99999999999994,440.00000000000006
1992,10,9.0,26.26067415730337,438.0,452.0
1992,10,10.0,26.533911299834866,8795.0,8161.0
1992,10,11.0,25.63143546188529,4941.000000000001,4595.999999999999
1992,10,12.0,27.1882966396292,870.0,856.0
1992,10,13.0,25.997155049786628,714.0000000000001,691.9999999999999
1992,10,14.0,26.800571880513477,8371.000000000002,8065.999999999998
1992,10,15.0,25.894057580485036,3663.0,3388.0
1992,10,16.0,26.520302171860244,1573.0,1604.0
1992,10,17.0,26.296038034865294,1587.9999999999998,1567.0000000000002
1992,10,18.0,25.169409699363616,2310.0,2247.0
1992,10,19.0,25.284788108791904,3197.9999999999995,3126.0000000000005
1992,10,20.0,26.64301717699776,679.0000000000001,659.9999999999999
1992,10,21.0,27.766343639440088,3338.0,3163.0
1992,10,22.0,28.34442896935933,3650.000000000001,3529.999999999999
1992,10,23.0,26.61625224301461,5939.000000000001,5763.999999999999
1992,10,24.0,27.709822263797943,2710.0000000000005,2634.9999999999995
1992,10,25.0,24.482959048877145,1903.9999999999998,1881.0000000000002
1992,10,26.0,26.18581869071684,3311.0000000000005,3119.9999999999995
1992,10,27.0,26.967157417893546,464.00000000000006,418.99999999999994
1992,10,28.0,27.05069839627522,988.0,945.0
1992,10,29.0,26.241282339707535,904.9999999999999,873.0000000000001
1992,10,30.0,28.078125,660.0,620.0
1992,10,31.0,28.307562858839834,5314.000000000001,4787.999999999999
1992,10,32.0,25.683131017161994,1210.0000000000002,1178.9999999999998
1992,10,33.0,27.792749345196025,12335.999999999998,11717.000000000002
1992,10,34.0,25.880036318238567,4540.0,4271.0
1992,10,35.0,26.827972027972027,373.99999999999994,341.00000000000006
1992,10,36.0,26.2951709966241,6955.0,6671.0
1992,10,37.0,25.31490324202061,2046.0,1933.0
1992,10,38.0,26.64504716981132,1787.9999999999998,1604.0000000000002
1992,10,39.0,27.13727060879697,6906.0,6826.0
1992,10,40.0,27.44359626802375,624.9999999999999,554.0000000000001
1992,10,41.0,25.42732194918784,2423.9999999999995,2378.0000000000005
1992,10,42.0,26.56140350877193,501.99999999999994,467.00000000000006
1992,10,43.0,25.33946297803092,3168.0,2977.0
1992,10,44.0,25.73773851590106,14358.999999999998,13941.000000000002
1992,10,45.0,26.44314108830238,1587.0,1482.0
1992,10,46.0,27.1426116838488,296.0,286.0
1992,10,47.0,26.996415770609318,4113.0,3978.0
1992,10,48.0,27.075424261470772,3282.0,3082.0
1992,10,49.0,25.003719447396385,940.0,942.0
1992,10,50.0,26.940900399791413,2953.0000000000005,2799.9999999999995
1992,10,51.0,26.023668639053255,265.0,242.0
1992,10,53.0,27.4,3.0000000000000004,1.9999999999999996
1992,10,54.0,22.5,2.0,0.0
1992,10,55.0,28.0,0.9999999999999996,6.0
1992,10,57.0,26.53932584269663,174.0,182.0
1992,10,59.0,28.223880597014926,36.0,31.0
1992,11,1.0,25.035268476322567,2627.0,2420.0
1992,11,2.0,26.832183908045977,467.0,403.0
1992,11,3.0,26.022016011644833,2887.0,2609.0
1992,11,4.0,24.756258692628652,1423.0,1453.0
1992,11,5.0,26.891708088097666,24687.999999999996,23395.000000000004
1992,11,6.0,26.945693779904307,2161.9999999999995,2018.0000000000005
1992,11,7.0,28.265417006248303,1830.9999999999998,1850.0000000000002
1992,11,8.0,26.823891625615765,408.00000000000006,403.99999999999994
1992,11,9.0,26.25175644028103,433.0,421.0
1992,11,10.0,26.479260054296358,8143.000000000001,7695.999999999999
1992,11,11.0,25.71140350877193,4617.000000000001,4502.999999999999
1992,11,12.0,27.240545567265965,828.0000000000002,784.9999999999998
1992,11,13.0,25.778544061302682,648.0000000000001,656.9999999999999
1992,11,14.0,26.71967583366547,7850.999999999999,7203.000000000001
1992,11,15.0,25.776211189440527,3473.9999999999995,3193.0000000000005
1992,11,16.0,26.513351134846463,1520.0000000000002,1475.9999999999998
1992,11,17.0,26.371389270976618,1535.0000000000002,1372.9999999999998
1992,11,18.0,25.320323325635105,2205.0000000000005,2124.9999999999995
1992,11,19.0,25.22328439740526,2974.0000000000005,2883.9999999999995
1992,11,20.0,26.69918699186992,623.0000000000001,606.9999999999999
1992,11,21.0,27.568802781917537,3023.9999999999995,3015.0000000000005
1992,11,22.0,28.426557863501483,3448.9999999999995,3291.0000000000005
1992,11,23.0,26.50149605585275,5659.999999999999,5369.000000000001
1992,11,24.0,27.78141751042287,2608.0000000000005,2428.9999999999995
1992,11,25.0,24.31557264487778,1870.9999999999998,1770.0000000000002
1992,11,26.0,26.03318250377074,3068.0,2899.0
1992,11,27.0,26.507075471698112,428.00000000000006,419.99999999999994
1992,11,28.0,26.643372157515252,935.0,868.0
1992,11,29.0,26.364197530864196,895.9999999999999,886.0000000000001
1992,11,30.0,27.906303236797275,624.0,550.0
1992,11,31.0,28.303082375684674,4726.000000000001,4584.999999999999
1992,11,32.0,25.8651376146789,1136.0,1044.0
1992,11,33.0,27.839123463388564,11466.000000000002,10985.999999999998
1992,11,34.0,25.64447086801427,4255.0,4155.0
1992,11,35.0,27.16784203102962,357.00000000000006,351.99999999999994
1992,11,36.0,26.21696206467662,6563.999999999999,6300.000000000001
1992,11,37.0,25.16425648021828,1860.9999999999998,1804.0000000000002
1992,11,38.0,26.561996280223187,1659.0,1567.0
1992,11,39.0,27.2129565284534,6626.000000000001,6324.999999999999
1992,11,40.0,27.466791393826007,533.0,536.0
1992,11,41.0,25.33809833225038,2289.0,2328.0
1992,11,42.0,26.436430317848412,429.0,389.0
1992,11,43.0,25.409673070441524,3020.0000000000005,2913.9999999999995
1992,11,44.0,25.710157685241885,13351.000000000002,12776.999999999998
1992,11,45.0,26.426855895196507,1406.9999999999998,1341.0000000000002
1992,11,46.0,27.41945773524721,329.0,298.0
1992,11,47.0,27.010233160621762,3901.000000000001,3818.999999999999
1992,11,48.0,27.010433918516064,3034.9999999999995,3003.0000000000005
1992,11,49.0,24.990373725934315,925.9999999999999,840.0000000000001
1992,11,50.0,27.04799548277809,2759.9999999999995,2553.0000000000005
1992,11,51.0,26.21814671814672,239.99999999999997,278.0
1992,11,52.0,21.5,1.0,1.0
1992,11,53.0,32.25,2.0,2.0
1992,11,55.0,28.818181818181817,6.0,5.0
1992,11,57.0,26.685121107266436,136.00000000000003,152.99999999999997
1992,11,59.0,29.547619047619047,26.999999999999996,15.000000000000004
1992,12,1.0,25.059194655780292,2760.0,2629.0
1992,12,2.0,26.666314677930306,506.00000000000006,440.99999999999994
1992,12,3.0,26.140484663616338,2960.0000000000005,2940.9999999999995
1992,12,4.0,24.44076770350761,1559.0,1463.0
1992,12,5.0,26.91176055343781,25554.0,24027.0
1992,12,6.0,26.951374687571008,2269.0000000000005,2131.9999999999995
1992,12,7.0,28.157922488795148,1931.9999999999998,1861.0000000000002
1992,12,8.0,26.530864197530864,449.00000000000006,441.99999999999994
1992,12,9.0,26.231096911608095,491.0000000000001,447.9999999999999
1992,12,10.0,26.45425792206242,8631.0,8126.0
1992,12,11.0,25.685102401497037,4946.999999999999,4672.000000000001
1992,12,12.0,27.06447898675878,893.9999999999999,843.0000000000001
1992,12,13.0,25.866807610993657,713.0000000000001,705.9999999999999
1992,12,14.0,26.627694440942896,8122.0,7744.0
1992,12,15.0,25.754075124025515,3632.999999999999,3422.000000000001
1992,12,16.0,26.62918509159823,1569.0000000000002,1596.9999999999998
1992,12,17.0,26.238636363636363,1610.0,1558.0
1992,12,18.0,25.212048716833404,2345.0,2253.0
1992,12,19.0,25.241568500887528,3112.9999999999995,3084.0000000000005
1992,12,20.0,26.38252267106348,629.0,584.0
1992,12,21.0,27.545511416953392,3297.0,3097.0
1992,12,22.0,28.46749674243521,3542.9999999999995,3364.0000000000005
1992,12,23.0,26.453873576210764,5899.000000000001,5601.999999999999
1992,12,24.0,27.68544143441824,2620.9999999999995,2510.0000000000005
1992,12,25.0,24.343995804929207,1968.0000000000002,1845.9999999999998
1992,12,26.0,25.89721730738298,3148.0,3069.0
1992,12,27.0,26.818181818181817,464.00000000000006,470.99999999999994
1992,12,28.0,26.71772085729221,979.0000000000001,933.9999999999999
1992,12,29.0,26.262419006479483,954.0,898.0
1992,12,30.0,27.84609375,631.9999999999999,648.0000000000001
1992,12,31.0,28.389495798319327,4885.0,4635.0
1992,12,32.0,25.566451612903226,1187.0,1138.0
1992,12,33.0,27.757357611687485,12160.0,11455.0
1992,12,34.0,25.666666666666668,4493.0,4348.0
1992,12,35.0,27.031884057971016,342.99999999999994,347.00000000000006
1992,12,36.0,26.27388003037206,6666.999999999999,6503.000000000001
1992,12,37.0,25.229668674698797,1992.0,1992.0
1992,12,38.0,26.76374926079243,1705.0000000000002,1676.9999999999998
1992,12,39.0,27.142591352236362,6862.999999999999,6574.000000000001
1992,12,40.0,27.328435609334484,584.0,573.0
1992,12,41.0,25.374766160881315,2427.0000000000005,2383.9999999999995
1992,12,42.0,26.385798816568048,423.99999999999994,421.00000000000006
1992,12,43.0,25.319073657124477,3207.0000000000005,3010.9999999999995
1992,12,44.0,25.73591247139588,14309.000000000002,13658.999999999998
1992,12,45.0,26.356275303643724,1507.0000000000002,1456.9999999999998
1992,12,46.0,27.55862068965517,308.99999999999994,271.00000000000006
1992,12,47.0,26.98185607453721,4211.0,3946.0000000000005
1992,12,48.0,27.129143214509067,3340.0,3056.0
1992,12,49.0,25.1957928802589,969.9999999999999,884.0000000000001
1992,12,50.0,27.136204481792717,2967.9999999999995,2744.0000000000005
1992,12,51.0,25.727634194831015,253.00000000000006,249.99999999999994
1992,12,52.0,32.333333333333336,2.0,0.9999999999999998
1992,12,53.0,26.666666666666668,0.9999999999999998,2.0
1992,12,55.0,27.88888888888889,2.000000000000001,6.999999999999999
1992,12,57.0,26.962585034013607,147.99999999999997,146.00000000000003
1992,12,59.0,29.854545454545455,33.00000000000001,21.999999999999996
1993,1,1.0,24.844249512670565,2646.0000000000005,2483.9999999999995
1993,1,2.0,26.76049943246311,480.0,401.0
1993,1,3.0,25.885535714285716,2840.0,2760.0
1993,1,4.0,24.691618911174785,1437.0000000000002,1354.9999999999998
1993,1,5.0,26.857043279893542,24298.000000000004,23044.999999999996
1993,1,6.0,26.99742207640028,2168.9999999999995,2098.0000000000005
1993,1,7.0,28.20235487404162,1837.0000000000002,1814.9999999999998
1993,1,8.0,26.605889014722536,435.00000000000006,447.99999999999994
1993,1,9.0,25.75406283856988,461.99999999999994,461.00000000000006
1993,1,10.0,26.485938480853736,8256.0,7674.000000000001
1993,1,11.0,25.510587468780543,4671.000000000001,4537.999999999999
1993,1,12.0,26.96282293635791,778.9999999999999,808.0000000000001
1993,1,13.0,25.856194690265486,683.0,673.0
1993,1,14.0,26.68346613545817,7705.0,7355.0
1993,1,15.0,25.70562832877501,3551.0000000000005,3395.9999999999995
1993,1,16.0,26.50101078167116,1522.0000000000002,1445.9999999999998
1993,1,17.0,26.309115832762167,1528.0000000000002,1389.9999999999998
1993,1,18.0,25.07240566037736,2161.0,2079.0
1993,1,19.0,25.254118471784086,2929.0,2777.0
1993,1,20.0,26.531766753698868,593.9999999999999,555.0000000000001
1993,1,21.0,27.4045312756526,3138.0000000000005,2952.9999999999995
1993,1,22.0,28.26823147328019,3515.0000000000005,3258.9999999999995
1993,1,23.0,26.38686324710868,5740.999999999999,5586.000000000001
1993,1,24.0,27.65941285157052,2520.0000000000005,2350.9999999999995
1993,1,25.0,24.300259590423998,1801.9999999999998,1665.0000000000002
1993,1,26.0,25.94013157894737,3113.0,2967.0
1993,1,27.0,26.78164924506388,449.99999999999994,411.00000000000006
1993,1,28.0,26.784994400895858,869.0000000000001,916.9999999999999
1993,1,29.0,26.13170441001192,848.0000000000001,829.9999999999999
1993,1,30.0,27.997418244406195,613.0,549.0
1993,1,31.0,28.1556681836988,4863.0,4805.0
1993,1,32.0,25.522648083623693,1174.9999999999998,1121.0000000000002
1993,1,33.0,27.754865334491747,11827.999999999998,11192.000000000002
1993,1,34.0,25.665687081227226,4398.0,4109.0
1993,1,35.0,26.200286123032903,370.99999999999994,328.00000000000006
1993,1,36.0,26.084395399440474,6545.000000000001,6322.999999999999
1993,1,37.0,25.01617608061522,1949.0000000000002,1821.9999999999998
1993,1,38.0,26.34027777777778,1744.9999999999998,1567.0000000000002
1993,1,39.0,26.996768375169097,6823.0,6483.0
1993,1,40.0,27.444734551784162,605.0,544.0
1993,1,41.0,25.295053003533567,2313.0000000000005,2214.9999999999995
1993,1,42.0,26.48048780487805,411.0,409.0
1993,1,43.0,25.22629272567923,3019.9999999999995,2685.0000000000005
1993,1,44.0,25.65969197261979,13109.999999999998,12602.000000000002
1993,1,45.0,26.162384011420414,1468.0,1334.0
1993,1,46.0,27.67097966728281,262.99999999999994,278.00000000000006
1993,1,47.0,26.82795143373805,4043.9999999999995,3698.0000000000005
1993,1,48.0,26.932497589199613,3198.9999999999995,3023.0000000000005
1993,1,49.0,24.930839002267575,876.0000000000002,887.9999999999998
1993,1,50.0,26.946822072482245,2836.0000000000005,2654.9999999999995
1993,1,51.0,26.23828125,270.0,242.0
1993,1,52.0,25.0,2.0,0.0
1993,1,53.0,35.0,1.0,0.0
1993,1,55.0,30.428571428571427,2.000000000000001,4.999999999999999
1993,1,57.0,27.26896551724138,162.99999999999997,127.00000000000003
1993,1,59.0,30.74468085106383,24.000000000000004,22.999999999999996
1993,2,1.0,25.035043276335234,2384.0000000000005,2352.9999999999995
1993,2,2.0,26.959558823529413,411.0,405.0
1993,2,3.0,25.903706609139046,2512.0,2587.0
1993,2,4.0,24.83710233806056,1351.0,1258.0
1993,2,5.0,26.973445239405613,22246.0,21362.0
1993,2,6.0,26.964711608663908,2111.0000000000005,1997.9999999999995
1993,2,7.0,28.302852348993287,1827.9999999999998,1748.0000000000002
1993,2,8.0,26.759445843828715,416.99999999999994,377.00000000000006
1993,2,9.0,26.32535885167464,427.00000000000006,408.99999999999994
1993,2,10.0,26.52612015949179,7701.0,7096.0
1993,2,11.0,25.782818192502056,4436.0,4072.9999999999995
1993,2,12.0,27.236204576043068,781.0000000000001,704.9999999999999
1993,2,13.0,26.050221565731167,692.0,662.0
1993,2,14.0,26.70434723357863,7581.999999999999,7094.000000000001
1993,2,15.0,25.873429648241206,3344.0,3024.0
1993,2,16.0,26.607776261937243,1536.0000000000002,1395.9999999999998
1993,2,17.0,26.35138841275283,1484.0000000000002,1432.9999999999998
1993,2,18.0,25.381532217148656,2060.0000000000005,1881.9999999999998
1993,2,19.0,25.17527709938005,2742.0000000000005,2580.9999999999995
1993,2,20.0,26.9153122326775,576.9999999999999,592.0000000000001
1993,2,21.0,27.473657201505304,3018.0000000000005,2827.9999999999995
1993,2,22.0,28.308039887815518,3341.9999999999995,3076.0000000000005
1993,2,23.0,26.552763353115726,5509.0,5275.0
1993,2,24.0,27.6652101539742,2478.9999999999995,2327.0000000000005
1993,2,25.0,24.492368742368743,1661.0,1615.0
1993,2,26.0,26.077488193108273,2859.0,2858.0
1993,2,27.0,26.093050647820967,446.99999999999994,402.00000000000006
1993,2,28.0,27.0999453850355,927.9999999999999,903.0000000000001
1993,2,29.0,26.204009433962263,892.0,804.0
1993,2,30.0,28.164930555555557,569.0,583.0
1993,2,31.0,28.28240017845193,4513.999999999999,4452.000000000001
1993,2,32.0,25.504836480884386,1123.0,1048.0
1993,2,33.0,27.71526289388481,11289.0,10640.0
1993,2,34.0,25.77133534136546,4083.9999999999995,3884.0000000000005
1993,2,35.0,27.011713030746705,368.99999999999994,314.00000000000006
1993,2,36.0,26.156170037144037,6120.000000000001,5994.999999999999
1993,2,37.0,25.33221288515406,1880.9999999999995,1689.0000000000005
1993,2,38.0,26.661367249602545,1579.9999999999998,1565.0000000000002
1993,2,39.0,27.063889784079922,6389.999999999999,6022.000000000001
1993,2,40.0,27.515122873345934,531.0,527.0
1993,2,41.0,25.469115191986646,2119.0,2074.0
1993,2,42.0,26.491965389369593,428.99999999999994,380.00000000000006
1993,2,43.0,25.2857654431513,2888.0000000000005,2696.9999999999995
1993,2,44.0,25.777475971583787,12233.000000000002,11696.999999999998
1993,2,45.0,26.478943611705926,1434.0000000000002,1367.9999999999998
1993,2,46.0,27.553763440860216,282.0,276.0
1993,2,47.0,27.029050736497545,3736.9999999999995,3595.0000000000005
1993,2,48.0,27.157489539748955,3050.0000000000005,2924.9999999999995
1993,2,49.0,24.67063020214031,899.0000000000001,782.9999999999999
1993,2,50.0,26.999620277197646,2696.0,2571.0
1993,2,51.0,25.827004219409282,253.00000000000003,220.99999999999997
1993,2,52.0,31.5,2.0,0.0
1993,2,53.0,38.0,1.0,0.0
1993,2,54.0,25.0,2.0,0.0
1993,2,55.0,29.75,2.0,6.0
1993,2,57.0,27.04310344827586,117.00000000000003,114.99999999999997
1993,2,59.0,29.456521739130434,26.999999999999996,19.000000000000004
1993,3,1.0,25.25442435775452,2733.0,2522.0
1993,3,2.0,27.063851699279095,503.00000000000006,467.99999999999994
1993,3,3.0,25.98890595664789,3014.9999999999995,2844.0000000000005
1993,3,4.0,24.883884588318086,1461.9999999999998,1380.0000000000002
1993,3,5.0,26.964831896465103,25259.000000000004,24501.999999999996
1993,3,6.0,27.015119697606046,2439.0000000000005,2322.9999999999995
1993,3,7.0,28.249564568300574,2063.0000000000005,1955.9999999999998
1993,3,8.0,26.52173913043478,458.0,439.0
1993,3,9.0,25.984478935698448,456.00000000000006,445.99999999999994
1993,3,10.0,26.595962129287102,8218.000000000002,7730.999999999998
1993,3,11.0,25.835879482283048,4864.0,4562.0
1993,3,12.0,27.14766355140187,823.0000000000001,781.9999999999999
1993,3,13.0,25.960027100271002,748.9999999999999,727.0000000000001
1993,3,14.0,26.829728430665707,8429.999999999998,8214.000000000002
1993,3,15.0,25.785872269836883,3702.0,3532.0
1993,3,16.0,26.704174228675136,1757.0000000000002,1548.9999999999998
1993,3,17.0,26.263597033374538,1658.0000000000002,1577.9999999999998
1993,3,18.0,25.279732739420936,2283.0,2207.0
1993,3,19.0,25.198431092886434,2935.0000000000005,2673.9999999999995
1993,3,20.0,27.019033674963396,727.9999999999999,638.0000000000001
1993,3,21.0,27.536002435682754,3316.0000000000005,3252.9999999999995
1993,3,22.0,28.53125,3859.0,3533.0
1993,3,23.0,26.50073051948052,6344.000000000001,5975.999999999999
1993,3,24.0,27.655069407836937,2862.0,2829.0
1993,3,25.0,24.593853820598007,1862.9999999999998,1749.0000000000002
1993,3,26.0,26.16928527418361,3357.9999999999995,3134.0000000000005
1993,3,27.0,26.561942517343905,551.9999999999999,457.00000000000006
1993,3,28.0,26.80646718146718,1040.0000000000002,1031.9999999999998
1993,3,29.0,26.788665254237287,999.9999999999999,888.0000000000001
1993,3,30.0,27.962989323843416,740.0000000000001,664.9999999999999
1993,3,31.0,28.313996859049862,5202.000000000001,4985.999999999999
1993,3,32.0,25.600254885301613,1235.9999999999998,1118.0000000000002
1993,3,33.0,27.827964442994617,12590.000000000002,11933.999999999998
1993,3,34.0,25.880473372781065,4289.0,4161.0
1993,3,35.0,26.7103825136612,411.99999999999994,320.00000000000006
1993,3,36.0,26.2332376166547,7162.0,6768.0
1993,3,37.0,25.174091141833078,1977.9999999999998,1928.0000000000002
1993,3,38.0,26.75287195292799,1829.0000000000002,1739.9999999999998
1993,3,39.0,27.197785606441872,7150.0,6759.0
1993,3,40.0,27.205042016806722,613.9999999999999,576.0000000000001
1993,3,41.0,25.55388961321165,2350.9999999999995,2251.0000000000005
1993,3,42.0,26.490625,473.9999999999999,486.0000000000001
1993,3,43.0,25.3473140829166,3176.0,3023.0
1993,3,44.0,25.82305139063752,13435.000000000004,12775.999999999996
1993,3,45.0,26.297398934503292,1626.9999999999998,1564.0000000000002
1993,3,46.0,27.718373493975903,350.99999999999994,313.00000000000006
1993,3,47.0,27.01248011745993,4197.999999999999,3975.000000000001
1993,3,48.0,27.101347393087288,3431.9999999999995,3396.0000000000005
1993,3,49.0,25.119612068965516,916.0000000000001,939.9999999999999
1993,3,50.0,26.974338018960445,3153.0000000000005,2964.9999999999995
1993,3,51.0,26.01219512195122,285.0,289.0
1993,3,52.0,29.5,1.0,1.0
1993,3,53.0,30.5,1.0,1.0
1993,3,54.0,25.0,1.0,0.0
1993,3,55.0,28.818181818181817,3.999999999999999,7.000000000000001
1993,3,57.0,27.134545454545453,146.00000000000003,128.99999999999997
1993,3,59.0,29.475,23.0,17.0
1993,4,1.0,25.361890999174236,2459.0,2385.0
1993,4,2.0,26.923566878980893,463.9999999999999,478.0000000000001
1993,4,3.0,26.070965417867434,2862.9999999999995,2689.0000000000005
1993,4,4.0,24.88771665410701,1349.0000000000002,1304.9999999999998
1993,4,5.0,26.964752868583986,24088.999999999996,23234.000000000004
1993,4,6.0,27.024316109422493,2332.9999999999995,2273.0000000000005
1993,4,7.0,28.612239841427154,2024.9999999999998,2011.0000000000002
1993,4,8.0,27.023681377825618,457.00000000000006,471.99999999999994
1993,4,9.0,26.286563614744352,455.9999999999999,385.0000000000001
1993,4,10.0,26.682129891085115,7593.000000000002,7280.999999999998
1993,4,11.0,25.932891370086068,4382.999999999999,4215.000000000001
1993,4,12.0,27.25896168108776,865.0,753.0
1993,4,13.0,25.91393442622951,759.0,705.0
1993,4,14.0,26.843371212121212,8038.000000000001,7801.999999999999
1993,4,15.0,25.908568057808584,3469.9999999999995,3311.0000000000005
1993,4,16.0,26.78339460784314,1650.0000000000002,1613.9999999999998
1993,4,17.0,26.332515337423313,1642.0,1618.0
1993,4,18.0,25.417700772652775,2209.0000000000005,2061.9999999999995
1993,4,19.0,25.373576756968983,2568.0,2526.0
1993,4,20.0,26.363293051359516,684.0,640.0
1993,4,21.0,27.74395260819483,3110.0000000000005,2966.9999999999995
1993,4,22.0,28.481920982828424,3648.9999999999995,3514.0000000000005
1993,4,23.0,26.665107733422417,6199.000000000001,5774.999999999999
1993,4,24.0,27.818001800180017,2859.0000000000005,2695.9999999999995
1993,4,25.0,24.601972637607382,1647.0000000000002,1495.9999999999998
1993,4,26.0,26.16275683546352,3134.0000000000005,3046.9999999999995
1993,4,27.0,26.33952528379773,511.0,458.0
1993,4,28.0,27.025925925925925,943.9999999999999,946.0000000000001
1993,4,29.0,26.31113662456946,894.9999999999999,847.0000000000001
1993,4,30.0,28.0150489089541,701.9999999999999,627.0000000000001
1993,4,31.0,28.561822341589576,5246.0,4807.0
1993,4,32.0,25.631761142362613,1193.9999999999998,1117.0000000000002
1993,4,33.0,27.82615371491939,12075.999999999998,11370.000000000002
1993,4,34.0,25.98983178508662,3998.0,3968.0
1993,4,35.0,27.057873485868104,369.99999999999994,373.00000000000006
1993,4,36.0,26.343187374972217,6927.999999999999,6569.000000000001
1993,4,37.0,25.23932312651088,1947.0000000000005,1775.9999999999995
1993,4,38.0,26.854357459379617,1743.0000000000002,1641.9999999999998
1993,4,39.0,27.21916185399082,7039.000000000001,6466.999999999999
1993,4,40.0,27.36041834271923,636.9999999999999,606.0000000000001
1993,4,41.0,25.655971896955503,2178.0,2092.0
1993,4,42.0,26.20417633410673,434.99999999999994,427.00000000000006
1993,4,43.0,25.343668803048676,2963.0,2810.0
1993,4,44.0,25.838728850497287,12930.0,12307.0
1993,4,45.0,26.5312404754648,1703.9999999999998,1577.0000000000002
1993,4,46.0,27.152857142857144,369.0,331.0
1993,4,47.0,27.11188630490956,3995.999999999999,3744.000000000001
1993,4,48.0,27.0407132243685,3466.9999999999995,3263.0000000000005
1993,4,49.0,25.108474576271185,873.9999999999999,896.0000000000001
1993,4,50.0,27.12128222075347,3074.0000000000005,2977.9999999999995
1993,4,51.0,26.073051948051948,331.99999999999994,284.00000000000006
1993,4,52.0,28.333333333333332,2.0,0.9999999999999998
1993,4,53.0,23.5,0.0,2.0
1993,4,55.0,28.0,2.0,6.0
1993,4,56.0,32.0,0.0,1.0
1993,4,57.0,27.054744525547445,143.00000000000003,130.99999999999997
1993,4,59.0,30.5,21.0,21.0
1993,5,1.0,25.368168168168168,2598.0000000000005,2396.9999999999995
1993,5,2.0,26.848913043478262,462.0000000000001,457.9999999999999
1993,5,3.0,26.076937167979484,2787.0000000000005,2671.9999999999995
1993,5,4.0,24.691761363636363,1379.0,1437.0
1993,5,5.0,27.040260200571275,24822.0,23141.0
1993,5,6.0,27.051991614255765,2468.0,2302.0
1993,5,7.0,28.426781326781327,2106.0,1964.0
1993,5,8.0,26.487122060470323,464.99999999999994,428.00000000000006
1993,5,9.0,26.347877358490567,419.0,429.0
1993,5,10.0,26.53994490358127,8009.999999999998,7599.000000000002
1993,5,11.0,25.884324203963484,4635.0,4347.0
1993,5,12.0,27.456429006703228,855.0,786.0
1993,5,13.0,26.171578258022265,774.0,753.0
1993,5,14.0,26.892415243751547,8309.000000000002,7854.999999999999
1993,5,15.0,25.941234084231144,3698.0,3449.0
1993,5,16.0,26.70983995257854,1717.0,1657.0
1993,5,17.0,26.381148841637575,1610.0000000000002,1540.9999999999998
1993,5,18.0,25.410262206148282,2344.9999999999995,2079.0000000000005
1993,5,19.0,25.277394775036285,2812.0,2700.0
1993,5,20.0,26.93925925925926,683.0,667.0
1993,5,21.0,27.734972244250596,3237.9999999999995,3067.0000000000005
1993,5,22.0,28.50719616204691,3864.0000000000005,3639.9999999999995
1993,5,23.0,26.69907930867388,6370.999999999999,6011.000000000001
1993,5,24.0,27.827473285074113,3006.0,2796.0
1993,5,25.0,24.726014760147603,1618.0,1634.0
1993,5,26.0,26.27114072663811,3299.0,3004.0
1993,5,27.0,26.633170731707317,528.0,497.0
1993,5,28.0,27.132301547678484,1059.0,944.0
1993,5,29.0,26.24312431243124,950.0000000000001,867.9999999999999
1993,5,30.0,28.065780265920225,719.0000000000001,709.9999999999999
1993,5,31.0,28.53300541072307,5208.999999999999,4956.000000000001
1993,5,32.0,25.564831261101244,1167.0,1085.0
1993,5,33.0,27.830058740125583,12641.999999999998,12043.000000000002
1993,5,34.0,26.078380706287682,4301.000000000001,3825.999999999999
1993,5,35.0,26.928571428571427,365.0,349.0
1993,5,36.0,26.39122832580504,7038.999999999999,6687.000000000001
1993,5,37.0,25.199317226890756,1939.0000000000002,1868.9999999999998
1993,5,38.0,26.62493268712978,1892.9999999999998,1821.0000000000002
1993,5,39.0,27.40277176266782,7100.000000000001,6753.999999999999
1993,5,40.0,27.475884244372992,625.0,619.0
1993,5,41.0,25.750749365921145,2204.0,2133.0
1993,5,42.0,26.412371134020617,500.99999999999994,469.00000000000006
1993,5,43.0,25.55474573463641,3099.0,2938.0
1993,5,44.0,25.885792581728357,13268.000000000002,12640.999999999998
1993,5,45.0,26.373138957816376,1694.9999999999998,1529.0000000000002
1993,5,46.0,27.858823529411765,347.0,333.0
1993,5,47.0,27.02747742017555,4027.0,3834.0
1993,5,48.0,27.225304564802585,3470.0000000000005,3342.9999999999995
1993,5,49.0,24.96123595505618,926.9999999999999,853.0000000000001
1993,5,50.0,27.227579397729144,3115.9999999999995,2961.0000000000005
1993,5,51.0,25.752613240418118,266.0,308.0
1993,5,53.0,29.666666666666668,1.9999999999999996,4.0
1993,5,55.0,29.0,2.0,2.0
1993,5,57.0,26.246056782334385,157.0,160.0
1993,5,59.0,29.78846153846154,23.999999999999996,28.000000000000004
1993,6,1.0,25.374925609998016,2629.9999999999995,2411.0000000000005
1993,6,2.0,26.79263157894737,472.00000000000006,477.99999999999994
1993,6,3.0,26.002826855123676,2841.0000000000005,2818.9999999999995
1993,6,4.0,24.73643410852713,1422.9999999999998,1415.0000000000002
1993,6,5.0,27.00535067500823,24969.999999999996,23622.000000000004
1993,6,6.0,27.025734505683037,2356.0000000000005,2306.9999999999995
1993,6,7.0,28.614790836653388,2067.0,1948.9999999999998
1993,6,8.0,27.0268156424581,463.9999999999999,431.0000000000001
1993,6,9.0,26.158450704225352,407.00000000000006,444.99999999999994
1993,6,10.0,26.569301110385368,7810.000000000001,7499.999999999999
1993,6,11.0,25.795785698273928,4539.0,4383.0
1993,6,12.0,27.326002587322122,795.0,751.0
1993,6,13.0,26.134603174603175,817.0,758.0
1993,6,14.0,26.958950201884253,8272.0,8073.999999999999
1993,6,15.0,25.980717804363124,3629.9999999999995,3475.0000000000005
1993,6,16.0,26.8236427883071,1625.0000000000002,1487.9999999999998
1993,6,17.0,26.398249452954047,1678.9999999999998,1520.0000000000002
1993,6,18.0,25.317045454545454,2306.0000000000005,2093.9999999999995
1993,6,19.0,25.42241529105126,2953.0,2802.0
1993,6,20.0,26.753488372093024,689.0,601.0
1993,6,21.0,27.744069711150555,3145.9999999999995,3051.0000000000005
1993,6,22.0,28.482978434829786,3759.9999999999995,3613.0000000000005
1993,6,23.0,26.721967213114755,6154.0,6046.0
1993,6,24.0,27.92443502824859,2963.0,2701.0
1993,6,25.0,24.77389486260454,1763.0000000000002,1584.9999999999998
1993,6,26.0,26.214408233276156,3279.0000000000005,3133.9999999999995
1993,6,27.0,26.741774675972085,534.0,469.0
1993,6,28.0,26.951923076923077,1040.0000000000002,935.9999999999999
1993,6,29.0,26.355154639175257,984.0,956.0
1993,6,30.0,28.061823802163833,678.0000000000001,615.9999999999999
1993,6,31.0,28.476063303659743,5208.0,4902.0
1993,6,32.0,25.469594594594593,1169.0,1199.0
1993,6,33.0,27.960047003525265,12177.999999999998,11650.000000000002
1993,6,34.0,25.957158286331453,4231.0,4102.0
1993,6,35.0,26.84923928077455,364.0,359.0
1993,6,36.0,26.489815712900096,6808.999999999999,6594.000000000001
1993,6,37.0,25.303771661569826,1996.0000000000002,1927.9999999999998
1993,6,38.0,26.80684664625661,1840.0000000000005,1752.9999999999995
1993,6,39.0,27.392919151506,6729.0,6518.0
1993,6,40.0,27.569514237855948,610.0,584.0
1993,6,41.0,25.800323924109207,2254.9999999999995,2067.0000000000005
1993,6,42.0,26.702105263157893,486.00000000000006,463.99999999999994
1993,6,43.0,25.496281926931783,3183.0,3003.0
1993,6,44.0,25.875619069222335,13599.999999999998,12851.000000000002
1993,6,45.0,26.40506329113924,1645.9999999999995,1514.0000000000005
1993,6,46.0,27.823617339312406,346.0,323.0
1993,6,47.0,27.077008378511582,4227.0,3888.9999999999995
1993,6,48.0,27.209682080924857,3507.0000000000005,3412.9999999999995
1993,6,49.0,24.904243743199128,952.0,886.0
1993,6,50.0,27.159461257066845,3077.9999999999995,2936.0000000000005
1993,6,51.0,26.16412213740458,268.00000000000006,255.99999999999997
1993,6,52.0,29.6,4.0,0.9999999999999998
1993,6,53.0,26.333333333333332,0.9999999999999998,2.0
1993,6,54.0,30.0,0.0,1.0
1993,6,55.0,27.88888888888889,5.0,4.0
1993,6,56.0,31.0,1.0,1.0
1993,6,57.0,26.786941580756015,171.99999999999997,119.00000000000003
1993,6,59.0,30.232558139534884,23.000000000000004,19.999999999999996
1993,7,1.0,25.119585001820166,2775.0,2719.0
1993,7,2.0,26.955440414507773,505.9999999999999,459.0000000000001
1993,7,3.0,25.933605026320258,2937.0000000000005,2951.9999999999995
1993,7,4.0,24.850589359668685,1592.9999999999998,1546.0000000000002
1993,7,5.0,26.92387162666457,26089.0,24825.0
1993,7,6.0,27.053044375644994,2510.9999999999995,2334.0000000000005
1993,7,7.0,28.428956393924548,2065.9999999999995,2016.0000000000005
1993,7,8.0,26.743641912512714,505.9999999999999,477.0000000000001
1993,7,9.0,26.664876476906553,468.99999999999994,462.00000000000006
1993,7,10.0,26.57768302204072,8661.999999999998,7989.000000000002
1993,7,11.0,25.718493932164712,4989.0,4652.0
1993,7,12.0,27.310555216595485,834.9999999999999,804.0000000000001
1993,7,13.0,26.130810092961486,788.0,718.0
1993,7,14.0,26.821528563769583,8593.999999999998,8193.000000000002
1993,7,15.0,25.857444561774024,3877.9999999999995,3698.0000000000005
1993,7,16.0,26.672502263809236,1730.9999999999998,1582.0000000000002
1993,7,17.0,26.217025257249766,1716.0000000000002,1490.9999999999998
1993,7,18.0,25.34602510460251,2441.0,2339.0
1993,7,19.0,25.14708246262659,3154.0,3067.0
1993,7,20.0,26.46288209606987,701.0000000000001,672.9999999999999
1993,7,21.0,27.623939393939395,3387.0,3213.0
1993,7,22.0,28.552486187845304,3866.999999999999,3554.000000000001
1993,7,23.0,26.61062091503268,6323.999999999999,5916.000000000001
1993,7,24.0,27.729489635951925,2924.0000000000005,2816.9999999999995
1993,7,25.0,24.36641830761043,1836.0,1922.0
1993,7,26.0,26.09340905694216,3419.9999999999995,3271.0000000000005
1993,7,27.0,26.34928716904277,497.99999999999994,484.00000000000006
1993,7,28.0,27.11874105865522,1063.0,1034.0
1993,7,29.0,26.27834008097166,1012.9999999999999,963.0000000000001
1993,7,30.0,28.16243654822335,718.0,661.0
1993,7,31.0,28.314070588235293,5442.0,5183.0
1993,7,32.0,25.709639032130106,1224.9999999999998,1296.0000000000002
1993,7,33.0,27.867088607594937,12972.0,12150.0
1993,7,34.0,25.831974438078447,4653.000000000001,4422.999999999999
1993,7,35.0,26.99346405228758,381.0,384.0
1993,7,36.0,26.348974231561012,7285.0,6802.0
1993,7,37.0,25.21151439299124,2022.9999999999998,1972.0000000000002
1993,7,38.0,26.891501416430597,1770.0000000000002,1759.9999999999998
1993,7,39.0,27.28574451576497,7272.000000000001,6904.999999999999
1993,7,40.0,27.428802588996763,635.0,601.0
1993,7,41.0,25.689698231009366,2483.0,2322.0
1993,7,42.0,26.536772777167947,459.00000000000006,451.99999999999994
1993,7,43.0,25.34298406862745,3340.9999999999995,3187.0000000000005
1993,7,44.0,25.803460404305966,14396.0,13751.0
1993,7,45.0,26.174366616989566,1723.0,1632.0
1993,7,46.0,27.86574074074074,332.99999999999994,315.00000000000006
1993,7,47.0,27.035457594633446,4336.999999999999,4011.000000000001
1993,7,48.0,27.16060778188015,3633.0,3409.0
1993,7,49.0,25.04214360041623,979.0000000000001,942.9999999999999
1993,7,50.0,27.18059085133418,3258.9999999999995,3037.0000000000005
1993,7,51.0,26.028523489932887,301.00000000000006,294.99999999999994
1993,7,53.0,26.333333333333332,1.9999999999999996,4.0
1993,7,54.0,33.0,1.0,0.0
1993,7,55.0,29.363636363636363,6.0,5.0
1993,7,57.0,26.565749235474005,142.0,185.0
1993,7,59.0,28.7,17.000000000000004,32.99999999999999
1993,8,1.0,25.391273119051895,2847.9999999999995,2721.0000000000005
1993,8,2.0,26.806830309498398,453.00000000000006,483.99999999999994
1993,8,3.0,25.981612903225805,3207.0000000000005,2992.9999999999995
1993,8,4.0,24.672205930270447,1618.0000000000002,1450.9999999999998
1993,8,5.0,26.914346977804392,26509.000000000004,25257.999999999996
1993,8,6.0,27.084298584298583,2354.9999999999995,2307.0000000000005
1993,8,7.0,28.261492087415224,2062.0,1919.0000000000002
1993,8,8.0,26.748329621380847,486.99999999999994,411.00000000000006
1993,8,9.0,26.632016632016633,482.0,480.0
1993,8,10.0,26.54195092758827,8526.0,8184.0
1993,8,11.0,25.74277280130293,4989.0,4835.0
1993,8,12.0,27.253731343283583,886.0,856.0
1993,8,13.0,25.837131367292226,760.9999999999999,731.0000000000001
1993,8,14.0,26.887797034125423,8574.999999999998,8216.000000000002
1993,8,15.0,25.819244359880404,3750.0,3608.0
1993,8,16.0,26.634586006721662,1656.0000000000002,1616.9999999999998
1993,8,17.0,26.347906976744188,1690.9999999999998,1534.0000000000002
1993,8,18.0,25.249032258064517,2351.0,2299.0
1993,8,19.0,25.11060948081264,3123.0000000000005,3078.9999999999995
1993,8,20.0,26.786897590361445,711.0000000000001,616.9999999999999
1993,8,21.0,27.825607393054106,3401.9999999999995,3307.0000000000005
1993,8,22.0,28.421657428687304,3736.999999999999,3660.000000000001
1993,8,23.0,26.658805945362452,6166.0,5877.0
1993,8,24.0,27.663726182074807,2971.0,2697.0
1993,8,25.0,24.513144058885384,1929.9999999999998,1874.0000000000002
1993,8,26.0,26.146348915368165,3278.0000000000005,3267.9999999999995
1993,8,27.0,26.471824259789877,515.9999999999999,531.0000000000001
1993,8,28.0,27.060545905707198,1002.0000000000001,1012.9999999999999
1993,8,29.0,26.222736625514404,970.9999999999999,973.0000000000001
1993,8,30.0,27.965242577842144,710.9999999999999,670.0000000000001
1993,8,31.0,28.479969034255856,5174.0,5160.0
1993,8,32.0,25.44738955823293,1229.9999999999998,1260.0000000000002
1993,8,33.0,27.897880778287274,12425.0,11782.0
1993,8,34.0,25.78652198743575,4499.000000000001,4255.999999999999
1993,8,35.0,26.851674641148325,427.9999999999999,408.0000000000001
1993,8,36.0,26.316669088795233,7040.999999999999,6721.000000000001
1993,8,37.0,25.05689063266307,2058.0000000000005,2019.9999999999995
1993,8,38.0,26.77462121212121,1865.0,1831.0
1993,8,39.0,27.308586506917703,7321.000000000001,6700.999999999999
1993,8,40.0,27.44110275689223,642.0000000000001,554.9999999999999
1993,8,41.0,25.58319362950545,2460.0,2312.0
1993,8,42.0,26.274530271398746,476.0,482.0
1993,8,43.0,25.354763022055373,3258.9999999999995,3134.0000000000005
1993,8,44.0,25.755478502080443,14737.0,14103.0
1993,8,45.0,26.27920410783055,1630.0000000000002,1485.9999999999998
1993,8,46.0,27.341463414634145,349.0,307.0
1993,8,47.0,27.03834209268992,4160.0,4212.0
1993,8,48.0,27.070795152231746,3473.0,3293.0
1993,8,49.0,25.215425531914892,976.0000000000001,903.9999999999999
1993,8,50.0,27.11781275890638,3068.0000000000005,2966.9999999999995
1993,8,51.0,25.860853432282003,301.00000000000006,237.99999999999997
1993,8,53.0,28.333333333333332,0.9999999999999998,2.0
1993,8,54.0,26.0,0.0,1.0
1993,8,55.0,28.0,4.0,5.0
1993,8,57.0,27.280701754385966,191.00000000000003,150.99999999999997
1993,8,59.0,29.41509433962264,29.000000000000007,23.999999999999993
1993,9,1.0,25.24690007293946,2865.0000000000005,2618.9999999999995
1993,9,2.0,26.825301204819276,520.0,475.99999999999994
1993,9,3.0,26.181176847843513,3183.0,3054.0
1993,9,4.0,24.838926174496645,1541.9999999999998,1438.0000000000002
1993,9,5.0,26.989447226539266,26593.000000000004,25525.999999999996
1993,9,6.0,27.222664015904574,2330.0,2197.0
1993,9,7.0,28.37709359605911,2060.9999999999995,1999.0000000000005
1993,9,8.0,27.21193666260658,437.99999999999994,383.00000000000006
1993,9,9.0,26.154802259887006,444.00000000000006,440.99999999999994
1993,9,10.0,26.581128595308087,8996.999999999998,8352.000000000002
1993,9,11.0,25.81744484350949,4975.0,4770.0
1993,9,12.0,27.341448569689593,841.0000000000001,801.9999999999999
1993,9,13.0,26.11319534282018,773.0,773.0
1993,9,14.0,26.913398490659407,8348.000000000002,7817.999999999998
1993,9,15.0,25.97755576844122,3768.9999999999995,3538.0000000000005
1993,9,16.0,26.68385922330097,1676.9999999999998,1619.0000000000002
1993,9,17.0,26.50308451573103,1637.9999999999995,1604.0000000000005
1993,9,18.0,25.256739130434784,2315.9999999999995,2284.0000000000005
1993,9,19.0,25.243238786279683,3085.9999999999995,2978.0000000000005
1993,9,20.0,26.78382706164932,666.0000000000001,582.9999999999999
1993,9,21.0,27.73071572113155,3286.0000000000005,3182.9999999999995
1993,9,22.0,28.54744827586207,3685.0000000000005,3564.9999999999995
1993,9,23.0,26.720251572327044,6105.000000000001,5819.999999999999
1993,9,24.0,27.70602189781022,2844.0,2636.0
1993,9,25.0,24.46550356859635,1949.9999999999998,1833.0000000000002
1993,9,26.0,26.06892288672539,3339.0,3132.0
1993,9,27.0,26.7668776371308,487.99999999999994,460.00000000000006
1993,9,28.0,26.93254376930999,969.0000000000002,972.9999999999998
1993,9,29.0,26.241173545499752,1022.9999999999999,988.0000000000001
1993,9,30.0,28.41903300076746,695.0,608.0
1993,9,31.0,28.498362607919024,5159.000000000001,4917.999999999999
1993,9,32.0,25.494057724957557,1223.0,1133.0
1993,9,33.0,27.922501983381352,12143.000000000002,11805.999999999998
1993,9,34.0,25.7982702459845,4525.0,4378.0
1993,9,35.0,27.03595206391478,383.0,368.0
1993,9,36.0,26.27124158840494,6991.000000000001,6531.999999999999
1993,9,37.0,25.071518827394492,2035.9999999999998,1921.0000000000002
1993,9,38.0,26.776127926898916,1819.9999999999995,1682.0000000000005
1993,9,39.0,27.22182133063934,7087.0,6771.0
1993,9,40.0,27.315300084530854,597.0000000000001,585.9999999999999
1993,9,41.0,25.65321375186846,2367.0000000000005,2315.9999999999995
1993,9,42.0,26.861668426610347,495.9999999999999,451.0000000000001
1993,9,43.0,25.625827304909958,3378.0,3119.0
1993,9,44.0,25.835454482231032,14622.0,14136.0
1993,9,45.0,26.306930693069308,1638.9999999999998,1593.0000000000002
1993,9,46.0,27.605105105105107,350.99999999999994,315.00000000000006
1993,9,47.0,27.09614221792236,4168.999999999999,4100.000000000001
1993,9,48.0,27.12273488655398,3335.0,3232.0
1993,9,49.0,24.99327470253492,995.0000000000001,937.9999999999999
1993,9,50.0,27.232323232323232,2985.0000000000005,2954.9999999999995
1993,9,51.0,26.086879432624112,274.0,290.0
1993,9,53.0,30.0,2.0,2.0
1993,9,54.0,32.5,2.0,0.0
1993,9,55.0,26.0,0.0,6.0
1993,9,57.0,27.782208588957054,179.99999999999997,146.00000000000003
1993,9,59.0,29.833333333333332,27.0,21.0
1993,10,1.0,25.27143421572501,2569.0000000000005,2492.9999999999995
1993,10,2.0,26.86339381003202,444.0,493.0
1993,10,3.0,26.061641541038526,3049.9999999999995,2920.0000000000005
1993,10,4.0,24.791770131252218,1474.0,1345.0
1993,10,5.0,26.98726497266775,25596.000000000004,24344.999999999996
1993,10,6.0,27.050599201065246,2357.0,2149.0
1993,10,7.0,28.637490317583268,1947.9999999999998,1925.0000000000002
1993,10,8.0,26.541573033707866,435.0,455.0
1993,10,9.0,26.44137931034483,428.0,442.0
1993,10,10.0,26.514679958665127,8522.0,7929.0
1993,10,11.0,25.759855847985147,4652.999999999999,4504.000000000001
1993,10,12.0,27.21534800713861,877.9999999999999,803.0000000000001
1993,10,13.0,26.223259152907396,714.0,679.0
1993,10,14.0,26.848429070136465,8082.000000000001,7672.999999999999
1993,10,15.0,25.867094141649666,3526.0,3336.0
1993,10,16.0,26.83014511873351,1554.0,1478.0
1993,10,17.0,26.40305952776854,1563.0,1444.0
1993,10,18.0,25.47187218721872,2362.0000000000005,2081.9999999999995
1993,10,19.0,25.277619923115495,3003.0000000000005,2979.9999999999995
1993,10,20.0,26.60621326616289,638.0,553.0
1993,10,21.0,27.66361049636421,3261.0,3065.0
1993,10,22.0,28.553105634817697,3614.0,3325.0
1993,10,23.0,26.698374633626432,5713.0,5546.0
1993,10,24.0,27.98296611738567,2721.0,2680.0
1993,10,25.0,24.632373497344144,1804.0000000000002,1772.9999999999998
1993,10,26.0,26.17110754414125,3213.0,3017.0
1993,10,27.0,26.694352159468437,478.99999999999994,424.00000000000006
1993,10,28.0,27.076482830385014,972.0,950.0
1993,10,29.0,26.143155694879834,1004.9999999999998,909.0000000000002
1993,10,30.0,28.185094185094187,622.0000000000001,598.9999999999999
1993,10,31.0,28.607986442114182,4782.999999999999,4658.000000000001
1993,10,32.0,25.54650170648464,1180.0000000000002,1163.9999999999998
1993,10,33.0,27.885405405405404,11783.999999999998,11341.000000000002
1993,10,34.0,25.826855537344883,4327.0,4215.0
1993,10,35.0,27.012693935119888,379.00000000000006,329.99999999999994
1993,10,36.0,26.491803278688526,6680.000000000001,6251.999999999999
1993,10,37.0,25.13438937148697,1971.9999999999998,1942.0000000000002
1993,10,38.0,26.814989672469753,1773.0,1616.0
1993,10,39.0,27.346515151515153,6699.000000000001,6500.999999999999
1993,10,40.0,27.077711357813833,588.0,583.0
1993,10,41.0,25.549933422103862,2276.0000000000005,2229.9999999999995
1993,10,42.0,26.624284077892327,477.00000000000006,395.99999999999994
1993,10,43.0,25.48348199537496,3076.0000000000005,2977.9999999999995
1993,10,44.0,25.86022880953251,13792.999999999998,13566.000000000002
1993,10,45.0,26.302232589136953,1532.0,1469.0
1993,10,46.0,27.36284722222222,294.00000000000006,281.99999999999994
1993,10,47.0,27.225178207739308,4102.0,3754.0
1993,10,48.0,27.074411302982732,3223.0000000000005,3146.9999999999995
1993,10,49.0,25.027868852459015,928.0,902.0
1993,10,50.0,27.27848101265823,2966.0000000000005,2721.9999999999995
1993,10,51.0,25.615526802218113,305.0,235.99999999999997
1993,10,52.0,29.666666666666668,2.0,0.9999999999999998
1993,10,53.0,31.0,1.0,0.0
1993,10,54.0,27.5,1.0,1.0
1993,10,55.0,31.142857142857142,3.0,4.0
1993,10,57.0,27.258566978193148,150.99999999999997,170.00000000000003
1993,10,59.0,29.642857142857142,24.0,18.0
1993,11,1.0,25.090383821708624,2466.9999999999995,2379.0000000000005
1993,11,2.0,27.007125890736344,415.0,427.0
1993,11,3.0,26.1220632397103,2844.9999999999995,2816.0000000000005
1993,11,4.0,24.59748427672956,1374.9999999999998,1328.0000000000002
1993,11,5.0,26.950556660881343,24173.0,23073.0
1993,11,6.0,26.92300024919013,2071.0,1942.0
1993,11,7.0,28.618236748146114,1793.0,1848.0
1993,11,8.0,26.79326923076923,407.0,425.0
1993,11,9.0,26.271648873072362,402.99999999999994,440.00000000000006
1993,11,10.0,26.62250952470177,8289.0,7722.0
1993,11,11.0,25.7115018479113,4654.000000000001,4274.999999999999
1993,11,12.0,27.444307692307692,790.0,835.0
1993,11,13.0,26.156363636363636,671.0,704.0
1993,11,14.0,26.940436796823295,7733.999999999998,7376.000000000002
1993,11,15.0,26.033916349809886,3435.9999999999995,3139.0000000000005
1993,11,16.0,26.56585200271555,1488.0,1458.0
1993,11,17.0,26.31345353675451,1503.0000000000002,1380.9999999999998
1993,11,18.0,25.331385837812572,2200.9999999999995,2078.0000000000005
1993,11,19.0,25.35894826123834,2953.0000000000005,2941.9999999999995
1993,11,20.0,26.882559158632777,597.9999999999999,543.0000000000001
1993,11,21.0,27.703264604810997,2938.0,2882.0
1993,11,22.0,28.566464079788062,3268.0,3149.0
1993,11,23.0,26.65882686313403,5381.0,5206.0
1993,11,24.0,27.82487257900102,2540.0,2365.0
1993,11,25.0,24.484108298999413,1760.0000000000002,1637.9999999999998
1993,11,26.0,26.212372881355932,3086.9999999999995,2813.0000000000005
1993,11,27.0,26.649941656942826,420.00000000000006,436.99999999999994
1993,11,28.0,27.045307443365697,952.0,902.0
1993,11,29.0,26.25558583106267,966.0,869.0
1993,11,30.0,27.98044217687075,579.0,597.0
1993,11,31.0,28.503925361247013,4411.0,4378.0
1993,11,32.0,25.76016445865692,1097.0,1092.0
1993,11,33.0,27.88234749177822,11160.000000000002,10428.999999999998
1993,11,34.0,25.79880552444942,4166.000000000001,3870.9999999999995
1993,11,35.0,26.78338762214984,318.0,296.0
1993,11,36.0,26.46172578943096,6267.000000000001,6051.999999999999
1993,11,37.0,25.295717748451388,1890.0,1823.0
1993,11,38.0,26.79574205492132,1703.0000000000002,1537.9999999999998
1993,11,39.0,27.39390027432629,6272.000000000001,6121.999999999999
1993,11,40.0,27.421153846153846,536.0,504.00000000000006
1993,11,41.0,25.66320999292953,2196.9999999999995,2046.0000000000002
1993,11,42.0,26.355889724310778,423.0,375.0
1993,11,43.0,25.542046431642305,2988.0000000000005,2826.9999999999995
1993,11,44.0,25.77854901236847,13771.0,13314.0
1993,11,45.0,26.38562091503268,1505.9999999999998,1401.0000000000002
1993,11,46.0,27.828413284132843,287.99999999999994,254.00000000000006
1993,11,47.0,27.037262049412718,3804.9999999999995,3602.0000000000005
1993,11,48.0,27.06058588548602,3099.0,2909.0
1993,11,49.0,25.007733491969066,872.0,809.0
1993,11,50.0,27.01716333459072,2689.0,2613.0
1993,11,51.0,25.621153846153845,263.0,257.0
1993,11,52.0,31.5,2.0,0.0
1993,11,53.0,37.5,2.0,0.0
1993,11,55.0,27.4,3.999999999999999,6.000000000000001
1993,11,57.0,27.485148514851485,162.0,141.0
1993,11,59.0,30.345454545454544,23.999999999999996,31.000000000000004
1993,12,1.0,25.09544675176224,2656.0,2593.0
1993,12,2.0,26.596069868995635,449.0,467.0
1993,12,3.0,25.968483816013627,2966.9999999999995,2903.0000000000005
1993,12,4.0,24.71895640686922,1581.0,1447.0
1993,12,5.0,26.8968757051716,24967.0,23780.0
1993,12,6.0,27.233690587138863,2177.9999999999995,2114.0000000000005
1993,12,7.0,28.307525717379534,1892.0,1802.0
1993,12,8.0,26.52989449003517,435.0000000000001,417.9999999999999
1993,12,9.0,26.26816239316239,459.00000000000006,476.99999999999994
1993,12,10.0,26.464015151515152,8641.0,8255.0
1993,12,11.0,25.87871900826446,4847.000000000001,4832.999999999999
1993,12,12.0,27.00056179775281,896.0,884.0
1993,12,13.0,26.086482558139537,705.0000000000001,670.9999999999999
1993,12,14.0,26.819664703217036,7919.999999999998,7529.000000000002
1993,12,15.0,25.9388548362984,3438.9999999999995,3250.0000000000005
1993,12,16.0,26.582585576603524,1533.0000000000002,1475.9999999999998
1993,12,17.0,26.23164556962025,1598.0,1562.0
1993,12,18.0,25.28080357142857,2327.9999999999995,2152.0000000000005
1993,12,19.0,25.116760516727393,3137.0,2901.0
1993,12,20.0,26.725749559082892,543.0,591.0
1993,12,21.0,27.68790767686904,3011.0,2968.0
1993,12,22.0,28.561631419939577,3408.0000000000005,3211.9999999999995
1993,12,23.0,26.496301091178104,5577.000000000001,5236.999999999999
1993,12,24.0,27.731240126382307,2575.0000000000005,2488.9999999999995
1993,12,25.0,24.567408201554542,1915.0000000000005,1815.9999999999995
1993,12,26.0,26.31818911542784,3204.9999999999995,3024.0000000000005
1993,12,27.0,26.86074561403509,468.99999999999994,443.00000000000006
1993,12,28.0,27.086601307189543,930.0,906.0
1993,12,29.0,26.22284548699643,996.9999999999998,964.0000000000002
1993,12,30.0,28.148547717842323,594.0,611.0
1993,12,31.0,28.466127292340886,4812.000000000001,4457.999999999999
1993,12,32.0,25.514545454545456,1100.0,1100.0
1993,12,33.0,27.825931731104145,11605.0,11363.0
1993,12,34.0,25.72920740825952,4440.0,4253.0
1993,12,35.0,27.08876560332871,367.0,354.0
1993,12,36.0,26.413506452379067,6370.000000000001,6260.999999999999
1993,12,37.0,25.206745623069,1974.9999999999998,1909.0000000000002
1993,12,38.0,26.669714285714285,1813.0,1687.0
1993,12,39.0,27.205715616991537,6646.0,6231.0
1993,12,40.0,27.523809523809526,528.0,543.0
1993,12,41.0,25.513336248360297,2346.9999999999995,2227.0000000000005
1993,12,42.0,26.932636469221833,433.00000000000006,427.99999999999994
1993,12,43.0,25.451561248999198,3177.0,3068.0
1993,12,44.0,25.77578081035453,14534.999999999998,13897.000000000002
1993,12,45.0,26.13547120418848,1603.0000000000002,1452.9999999999998
1993,12,46.0,27.662477558348293,282.00000000000006,274.99999999999994
1993,12,47.0,27.18335921325052,3905.9999999999995,3822.0000000000005
1993,12,48.0,27.045596502186132,3305.999999999999,3098.000000000001
1993,12,49.0,25.091056034482758,972.0000000000001,883.9999999999999
1993,12,50.0,26.978312374703844,2785.0000000000005,2701.9999999999995
1993,12,51.0,26.00383877159309,281.99999999999994,239.00000000000003
1993,12,52.0,30.666666666666668,2.0,0.9999999999999998
1993,12,53.0,35.0,1.0,0.0
1993,12,54.0,37.0,0.0,1.0
1993,12,55.0,27.0,0.9999999999999998,4.0
1993,12,56.0,22.5,2.0,0.0
1993,12,57.0,27.438931297709924,121.00000000000001,141.0
1993,12,59.0,29.4,20.999999999999996,19.000000000000004
1994,1,1.0,25.13541270445036,2694.0000000000005,2563.9999999999995
1994,1,2.0,26.699884125144845,436.99999999999994,426.00000000000006
1994,1,3.0,26.049391304347825,2939.0,2811.0
1994,1,4.0,24.49415515409139,1437.0,1386.0
1994,1,5.0,26.91915791268032,23846.999999999996,23084.000000000004
1994,1,6.0,26.83714353052086,2187.0000000000005,2055.9999999999995
1994,1,7.0,28.506902263942575,1868.0000000000005,1753.9999999999995
1994,1,8.0,26.100850546780073,431.99999999999994,391.00000000000006
1994,1,9.0,26.55070754716981,413.0,435.0
1994,1,10.0,26.5120511559272,8340.0,7924.000000000001
1994,1,11.0,25.750190818885617,4702.000000000001,4468.999999999999
1994,1,12.0,27.34994138335287,876.9999999999999,829.0000000000001
1994,1,13.0,26.028901734104046,699.0,685.0
1994,1,14.0,26.7947865407634,7647.999999999998,7390.000000000002
1994,1,15.0,25.868038740920095,3395.0,3213.0
1994,1,16.0,26.68639053254438,1481.9999999999998,1391.0000000000002
1994,1,17.0,26.222184300341297,1493.9999999999998,1436.0000000000002
1994,1,18.0,25.327230046948358,2217.9999999999995,2042.0000000000005
1994,1,19.0,25.276179124808447,2993.0,2880.0
1994,1,20.0,26.76857386848847,650.9999999999999,520.0000000000001
1994,1,21.0,27.59457152611813,3014.0000000000005,2843.9999999999995
1994,1,22.0,28.401876229384172,3385.9999999999995,3223.0000000000005
1994,1,23.0,26.52744152179849,5608.000000000001,5378.999999999999
1994,1,24.0,27.760292030014195,2537.0,2394.0
1994,1,25.0,24.46434683399886,1726.9999999999998,1779.0000000000002
1994,1,26.0,26.068078668683814,3050.0000000000005,2898.9999999999995
1994,1,27.0,26.408665105386415,415.0,439.0
1994,1,28.0,26.69630038652678,945.9999999999999,865.0000000000001
1994,1,29.0,26.35766806722689,961.0,943.0
1994,1,30.0,27.735865724381625,570.0,562.0
1994,1,31.0,28.30809205642168,4777.000000000001,4651.999999999999
1994,1,32.0,25.617501127649977,1098.9999999999998,1118.0000000000002
1994,1,33.0,27.70470452733233,11580.000000000002,10993.999999999998
1994,1,34.0,25.71770673587354,4338.000000000001,4138.999999999999
1994,1,35.0,27.18235294117647,352.99999999999994,327.00000000000006
1994,1,36.0,26.226741354115926,6231.999999999999,6086.000000000001
1994,1,37.0,25.189380068009417,1949.9999999999998,1873.0000000000002
1994,1,38.0,26.680469715698393,1678.0000000000002,1557.9999999999998
1994,1,39.0,27.132951604047378,6486.000000000001,6262.999999999999
1994,1,40.0,27.540564373897706,571.0000000000001,562.9999999999999
1994,1,41.0,25.554464703132304,2118.9999999999995,2159.0000000000005
1994,1,42.0,26.586206896551722,434.99999999999994,406.00000000000006
1994,1,43.0,25.255153299844103,2980.9999999999995,2792.0000000000005
1994,1,44.0,25.721352205993075,13661.999999999998,12902.000000000002
1994,1,45.0,26.203605514316013,1451.0,1378.0
1994,1,46.0,27.486206896551725,306.00000000000006,273.99999999999994
1994,1,47.0,26.991940811203595,3897.0000000000005,3671.9999999999995
1994,1,48.0,26.90550278414674,3081.0,3025.0
1994,1,49.0,24.79263220439691,900.9999999999998,782.0000000000002
1994,1,50.0,27.155332590115197,2725.0000000000005,2656.9999999999995
1994,1,51.0,25.525879917184266,236.99999999999997,246.00000000000003
1994,1,52.0,27.0,1.0,3.0
1994,1,53.0,38.0,1.0,0.0
1994,1,54.0,34.5,1.0,1.0
1994,1,55.0,30.333333333333332,4.0,1.9999999999999996
1994,1,57.0,26.93073593073593,122.00000000000003,108.99999999999997
1994,1,59.0,29.916666666666668,27.0,21.0
1994,2,1.0,25.16136507267748,2428.0,2319.0
1994,2,2.0,26.948255114320098,402.0,429.0
1994,2,3.0,25.92148371304839,2683.0000000000005,2627.9999999999995
1994,2,4.0,24.523171198774417,1364.0000000000002,1246.9999999999998
1994,2,5.0,27.011501391668393,22203.0,21270.0
1994,2,6.0,27.02893575282001,2125.0,1953.0
1994,2,7.0,28.304322599361765,1761.9999999999998,1685.0000000000002
1994,2,8.0,26.87135922330097,416.0,408.0
1994,2,9.0,25.985130111524164,413.00000000000006,393.99999999999994
1994,2,10.0,26.603433008650637,7408.999999999998,7272.000000000002
1994,2,11.0,25.83054003724395,4408.0,4184.0
1994,2,12.0,27.126565589980224,771.0,746.0
1994,2,13.0,26.01923076923077,632.0,616.0
1994,2,14.0,26.72161881701833,7455.999999999999,6999.000000000001
1994,2,15.0,25.90746934225195,3174.0,3105.0
1994,2,16.0,26.573431475639676,1479.0000000000002,1373.9999999999998
1994,2,17.0,26.556798322264942,1483.0000000000002,1377.9999999999998
1994,2,18.0,25.34761201378631,2048.0,2013.9999999999998
1994,2,19.0,25.11293795263261,2615.0000000000005,2493.9999999999995
1994,2,20.0,26.74867724867725,575.0,559.0
1994,2,21.0,27.68385847562049,2935.0000000000005,2745.9999999999995
1994,2,22.0,28.427397693158476,3311.0,3018.0
1994,2,23.0,26.433120411860045,5454.999999999999,5034.000000000001
1994,2,24.0,27.706542056074767,2465.0,2350.0
1994,2,25.0,24.28094362745098,1664.9999999999998,1599.0000000000002
1994,2,26.0,26.118938053097345,2884.0000000000005,2765.9999999999995
1994,2,27.0,26.35216346153846,440.99999999999994,391.00000000000006
1994,2,28.0,26.926785714285714,841.0,839.0
1994,2,29.0,25.96153846153846,927.9999999999999,892.0000000000001
1994,2,30.0,28.050632911392405,545.0000000000001,560.9999999999999
1994,2,31.0,28.435177909978673,4553.0,4356.0
1994,2,32.0,25.544167886774037,1042.9999999999998,1006.0000000000001
1994,2,33.0,27.765928750813877,11036.0,10466.0
1994,2,34.0,25.767850324551354,3931.000000000001,3925.999999999999
1994,2,35.0,26.896341463414632,341.0,315.0
1994,2,36.0,26.412884210526315,6039.999999999999,5835.000000000001
1994,2,37.0,25.236540664375717,1817.9999999999998,1674.0000000000002
1994,2,38.0,26.77541142303969,1541.0000000000002,1557.9999999999998
1994,2,39.0,27.203488372093023,6166.999999999999,6045.000000000001
1994,2,40.0,27.400801603206414,540.9999999999999,457.00000000000006
1994,2,41.0,25.664568118861748,2092.9999999999995,1878.0000000000005
1994,2,42.0,26.797709923664122,420.0,366.0
1994,2,43.0,25.37817396002161,2817.0,2736.0
1994,2,44.0,25.76902503238748,12258.0,11671.0
1994,2,45.0,26.26999650716032,1488.9999999999998,1374.0000000000002
1994,2,46.0,27.702544031311156,278.00000000000006,232.99999999999997
1994,2,47.0,27.005716619028174,3709.0,3638.0
1994,2,48.0,27.0247919556172,2906.9999999999995,2861.0000000000005
1994,2,49.0,25.096539162112933,827.9999999999998,819.0000000000002
1994,2,50.0,27.177227342549923,2640.9999999999995,2567.0000000000005
1994,2,51.0,26.01375245579568,258.0,251.0
1994,2,52.0,28.333333333333332,0.9999999999999998,2.0
1994,2,53.0,30.0,2.0,0.9999999999999998
1994,2,55.0,25.5,2.0,2.0
1994,2,57.0,27.412451361867703,128.0,129.0
1994,2,59.0,30.647058823529413,17.0,17.0
1994,3,1.0,25.150019817677368,2556.9999999999995,2489.0000000000005
1994,3,2.0,26.801486199575372,491.0,451.0
1994,3,3.0,26.16419169760378,3051.0000000000005,2874.9999999999995
1994,3,4.0,24.664981462756995,1508.9999999999998,1458.0000000000002
1994,3,5.0,27.01685866239553,24917.999999999996,23781.000000000004
1994,3,6.0,27.226075786769428,2423.0000000000005,2247.9999999999995
1994,3,7.0,28.4176072234763,2080.9999999999995,1906.0000000000002
1994,3,8.0,26.7449947312961,502.99999999999994,446.00000000000006
1994,3,9.0,25.949324324324323,470.00000000000006,417.99999999999994
1994,3,10.0,26.755487242545342,8281.0,7984.0
1994,3,11.0,25.9572685379137,4935.999999999999,4612.000000000001
1994,3,12.0,27.11551925320887,837.9999999999999,876.0000000000001
1994,3,13.0,26.108250825082507,727.0000000000001,787.9999999999999
1994,3,14.0,26.8952984938106,8311.0,8088.0
1994,3,15.0,25.980566117448248,3662.000000000001,3438.999999999999
1994,3,16.0,26.874457532548046,1667.0,1559.0
1994,3,17.0,26.535953978907,1628.0000000000002,1500.9999999999998
1994,3,18.0,25.38544961590601,2284.0,2142.0
1994,3,19.0,25.378935939196527,2817.0,2709.0
1994,3,20.0,26.99195494770716,615.0000000000001,627.9999999999999
1994,3,21.0,27.822816288467518,3353.0000000000005,3080.9999999999995
1994,3,22.0,28.562718500908964,3634.0,3517.0
1994,3,23.0,26.635002454590083,6318.999999999999,5903.000000000001
1994,3,24.0,28.051299947653114,2932.0,2799.0
1994,3,25.0,24.343437316068275,1751.9999999999998,1646.0000000000002
1994,3,26.0,26.10789889415482,3281.9999999999995,3048.0000000000005
1994,3,27.0,26.897669706180345,510.99999999999994,476.00000000000006
1994,3,28.0,26.758375634517765,1017.0,953.0
1994,3,29.0,26.179081632653062,967.0000000000002,992.9999999999998
1994,3,30.0,28.094753328112763,628.0,649.0
1994,3,31.0,28.58114874815906,5220.0,4965.0
1994,3,32.0,25.923429047024552,1238.0,1165.0
1994,3,33.0,27.822883238706492,12364.0,11942.0
1994,3,34.0,25.904460835967686,4414.0,4127.0
1994,3,35.0,26.73272490221643,380.99999999999994,386.00000000000006
1994,3,36.0,26.424631409080906,6988.0,6645.0
1994,3,37.0,25.14624808575804,1999.9999999999998,1918.0000000000002
1994,3,38.0,26.712112831858406,1852.0000000000005,1763.9999999999995
1994,3,39.0,27.26178203240059,6994.999999999999,6585.000000000001
1994,3,40.0,27.218430034129693,612.0,560.0
1994,3,41.0,25.78388775741118,2302.0,2117.0
1994,3,42.0,26.740064446831365,513.0,418.00000000000006
1994,3,43.0,25.54845296057798,3272.0,3095.0
1994,3,44.0,25.904809880965708,13685.999999999998,13113.000000000002
1994,3,45.0,26.297976701410178,1621.0000000000002,1640.9999999999998
1994,3,46.0,27.2291325695581,292.0,319.0
1994,3,47.0,27.14927518869055,4318.0,4029.0
1994,3,48.0,27.241071428571427,3495.9999999999995,3224.0000000000005
1994,3,49.0,25.266377910124525,947.0000000000001,899.9999999999999
1994,3,50.0,27.195025531213968,3097.0,2974.0
1994,3,51.0,26.019543973941367,324.0,290.0
1994,3,52.0,25.0,0.0,1.0
1994,3,53.0,30.0,2.0,0.9999999999999998
1994,3,54.0,23.0,1.0,0.0
1994,3,55.0,33.55555555555556,4.0,5.0
1994,3,57.0,26.78048780487805,156.0,131.0
1994,3,59.0,28.658536585365855,22.0,19.0
1994,4,1.0,25.35513209181464,2304.9999999999995,2313.0000000000005
1994,4,2.0,27.054117647058824,422.99999999999994,427.00000000000006
1994,4,3.0,26.210307414104882,2858.0,2672.0
1994,4,4.0,24.938022813688214,1343.0000000000002,1286.9999999999998
1994,4,5.0,27.06976388615862,23416.000000000004,22366.999999999996
1994,4,6.0,27.325667172922543,2383.0000000000005,2225.9999999999995
1994,4,7.0,28.68191377497371,1953.9999999999998,1850.0000000000002
1994,4,8.0,26.57405140758874,404.99999999999994,412.00000000000006
1994,4,9.0,26.32751677852349,353.99999999999994,391.00000000000006
1994,4,10.0,26.645248562732498,7601.999999999999,7183.000000000001
1994,4,11.0,26.062901905764058,4423.0,4130.0
1994,4,12.0,27.325367647058822,853.0,779.0
1994,4,13.0,26.066887417218542,781.0,729.0
1994,4,14.0,26.9904616811287,7717.0,7380.0
1994,4,15.0,26.032556750298685,3396.0000000000005,3299.9999999999995
1994,4,16.0,26.815262321144672,1611.0,1534.0
1994,4,17.0,26.527044854881268,1574.0,1458.0
1994,4,18.0,25.316521739130433,2034.0000000000002,1990.9999999999998
1994,4,19.0,25.59010600706714,2615.0,2479.0
1994,4,20.0,26.838259441707716,598.0,620.0
1994,4,21.0,27.89171974522293,3129.0,2994.0
1994,4,22.0,28.757171258165293,3631.0000000000005,3410.9999999999995
1994,4,23.0,26.68667529107374,5978.0,5617.0
1994,4,24.0,27.883605654488708,2757.9999999999995,2689.0000000000005
1994,4,25.0,24.736263736263737,1530.0000000000002,1472.9999999999998
1994,4,26.0,26.246831106543336,2978.0,2860.0
1994,4,27.0,27.155154091392134,466.0,475.0
1994,4,28.0,27.22409392547218,1064.9999999999998,894.0000000000001
1994,4,29.0,26.34423676012461,967.9999999999998,958.0000000000002
1994,4,30.0,28.37153846153846,704.0,596.0
1994,4,31.0,28.549523414836305,4955.999999999999,4696.000000000001
1994,4,32.0,25.776802218114604,1139.0000000000002,1024.9999999999998
1994,4,33.0,27.97138009554851,11338.000000000002,11058.999999999998
1994,4,34.0,26.02790404040404,4069.0,3851.0
1994,4,35.0,26.9590395480226,368.00000000000006,339.99999999999994
1994,4,36.0,26.57324790999297,6591.000000000002,6207.999999999998
1994,4,37.0,25.173486088379704,1925.9999999999995,1740.0000000000005
1994,4,38.0,26.78814298169137,1813.0,1628.0
1994,4,39.0,27.52997564233519,6618.999999999999,6108.000000000001
1994,4,40.0,27.44979253112033,643.0000000000001,561.9999999999999
1994,4,41.0,25.696507624200688,2158.9999999999995,1907.0000000000005
1994,4,42.0,26.635641316685586,449.0,432.0
1994,4,43.0,25.348377997179124,2901.0000000000005,2770.9999999999995
1994,4,44.0,25.922227654200277,12569.000000000002,11976.999999999998
1994,4,45.0,26.397905759162303,1690.9999999999998,1556.0000000000002
1994,4,46.0,27.971168437025796,311.99999999999994,347.00000000000006
1994,4,47.0,27.346633416458854,3850.9999999999995,3768.0000000000005
1994,4,48.0,27.097083021690352,3359.0,3326.0
1994,4,49.0,25.00298864315601,894.0000000000001,778.9999999999999
1994,4,50.0,27.315816947972856,2839.9999999999995,2907.0000000000005
1994,4,51.0,25.714535901926446,286.99999999999994,284.00000000000006
1994,4,52.0,22.333333333333332,5.0,1.0000000000000004
1994,4,53.0,31.0,5.0,1.0000000000000004
1994,4,55.0,32.833333333333336,4.0,1.9999999999999996
1994,4,57.0,27.058823529411764,121.0,151.0
1994,4,59.0,30.516129032258064,17.0,14.000000000000002
1994,5,1.0,25.401671082127574,2552.0000000000005,2354.9999999999995
1994,5,2.0,26.73784355179704,480.0,466.0
1994,5,3.0,26.336269156244494,2870.0,2807.0
1994,5,4.0,24.70814648729447,1348.0,1328.0
1994,5,5.0,27.145708330701698,24364.0,23135.0
1994,5,6.0,27.17490978560815,2386.0,2325.0
1994,5,7.0,28.686220668996505,2025.9999999999998,1980.0000000000002
1994,5,8.0,27.063134160090193,467.0,420.0
1994,5,9.0,26.37396449704142,428.0,417.0
1994,5,10.0,26.901286152640857,7761.0,7556.0
1994,5,11.0,26.160419959358773,4609.999999999999,4248.000000000001
1994,5,12.0,27.12439024390244,852.0,788.0
1994,5,13.0,26.46248382923674,780.0000000000001,765.9999999999999
1994,5,14.0,27.028802425467408,8296.0,7536.000000000001
1994,5,15.0,26.003763207410625,3550.0,3359.0
1994,5,16.0,26.798029556650246,1671.0000000000002,1576.9999999999998
1994,5,17.0,26.63765312701483,1545.0000000000002,1556.9999999999998
1994,5,18.0,25.430650295588904,2286.0,2112.0
1994,5,19.0,25.432505818463927,2729.0000000000005,2426.9999999999995
1994,5,20.0,26.966795366795367,664.0,631.0
1994,5,21.0,27.80667638956409,3127.0,3044.0
1994,5,22.0,28.801898305084745,3753.0,3622.0
1994,5,23.0,26.813727121464225,6273.999999999999,5746.000000000001
1994,5,24.0,28.019750889679717,2865.9999999999995,2754.0000000000005
1994,5,25.0,24.87090496269867,1608.0000000000002,1474.9999999999998
1994,5,26.0,26.417540356132466,3122.9999999999995,2886.0000000000005
1994,5,27.0,26.99703557312253,513.0000000000001,498.99999999999994
1994,5,28.0,26.834956432598666,1040.0000000000002,910.9999999999999
1994,5,29.0,26.569820971867006,970.9999999999999,984.0000000000001
1994,5,30.0,28.07074428887251,692.0000000000001,664.9999999999999
1994,5,31.0,28.693475871715457,5049.0,4960.0
1994,5,32.0,25.968497232865047,1203.0,1146.0
1994,5,33.0,28.040776375525844,12337.999999999998,11671.000000000002
1994,5,34.0,26.149878345498784,4250.999999999999,3969.0000000000005
1994,5,35.0,27.129526462395543,382.99999999999994,335.00000000000006
1994,5,36.0,26.572664491158836,6752.999999999998,6424.000000000002
1994,5,37.0,25.352488314544953,1859.0,1778.0
1994,5,38.0,26.86897671900379,1876.0,1818.0
1994,5,39.0,27.47399190526158,6914.0,6428.0
1994,5,40.0,27.29632945389436,601.0000000000001,515.9999999999999
1994,5,41.0,25.835792925743736,2173.9999999999995,2095.0000000000005
1994,5,42.0,26.83083511777302,486.99999999999994,447.00000000000006
1994,5,43.0,25.572105619498984,3093.9999999999995,2814.0000000000005
1994,5,44.0,25.961109377437978,13065.0,12571.0
1994,5,45.0,26.509117647058822,1766.0000000000005,1633.9999999999995
1994,5,46.0,27.6671875,333.0,307.0
1994,5,47.0,27.33180009945301,4140.999999999999,3903.0000000000005
1994,5,48.0,27.194871794871794,3539.0,3286.0
1994,5,49.0,25.28276631344116,949.0000000000001,843.9999999999999
1994,5,50.0,27.380644090305445,3067.0000000000005,2956.9999999999995
1994,5,51.0,25.89667896678967,290.00000000000006,251.99999999999994
1994,5,53.0,36.5,1.0,3.0
1994,5,54.0,29.666666666666668,0.9999999999999998,2.0
1994,5,55.0,27.6,3.999999999999999,6.000000000000001
1994,5,57.0,27.306772908366533,132.0,119.0
1994,5,59.0,29.756756756756758,19.000000000000004,17.999999999999996
1994,6,1.0,25.392009734333808,2520.0,2411.0
1994,6,2.0,27.061702127659576,480.00000000000006,459.99999999999994
1994,6,3.0,26.07323798035499,3008.9999999999995,2794.0000000000005
1994,6,4.0,24.842271293375394,1466.9999999999998,1386.0000000000002
1994,6,5.0,27.137749333333332,24154.999999999996,22720.000000000004
1994,6,6.0,27.23247311827957,2387.9999999999995,2262.0000000000005
1994,6,7.0,28.685276551545055,1995.0,1856.0
1994,6,8.0,26.892018779342724,418.00000000000006,433.99999999999994
1994,6,9.0,26.306122448979593,423.00000000000006,409.99999999999994
1994,6,10.0,26.767753431890178,7725.000000000001,7426.999999999999
1994,6,11.0,26.086714222024074,4584.000000000001,4387.999999999999
1994,6,12.0,27.602223594811612,824.0000000000001,794.9999999999999
1994,6,13.0,26.252190237797247,817.9999999999999,780.0000000000001
1994,6,14.0,26.985586263082034,8328.0,7629.0
1994,6,15.0,25.916547175222256,3552.9999999999995,3421.0000000000005
1994,6,16.0,26.849540078843628,1530.9999999999998,1513.0000000000002
1994,6,17.0,26.522748666457485,1653.0,1534.0
1994,6,18.0,25.42850553505535,2251.9999999999995,2084.0000000000005
1994,6,19.0,25.37644385533043,2689.0,2592.0
1994,6,20.0,27.181384248210023,636.0000000000001,620.9999999999999
1994,6,21.0,28.022193422971004,3151.0000000000005,3021.9999999999995
1994,6,22.0,28.711698008849556,3732.000000000001,3499.999999999999
1994,6,23.0,26.840854904632153,6040.0,5704.0
1994,6,24.0,28.02496483825598,2897.0000000000005,2790.9999999999995
1994,6,25.0,24.456924433990004,1730.9999999999995,1670.0000000000005
1994,6,26.0,26.23786177447414,3351.0000000000005,2971.9999999999995
1994,6,27.0,26.784353059177533,514.9999999999999,482.0000000000001
1994,6,28.0,26.954545454545453,1071.0,930.9999999999999
1994,6,29.0,26.651776649746193,1010.0000000000002,959.9999999999998
1994,6,30.0,28.14732824427481,670.0000000000001,639.9999999999999
1994,6,31.0,28.641981613891726,5029.999999999999,4760.000000000001
1994,6,32.0,25.82268303004655,1197.9999999999998,1165.0000000000002
1994,6,33.0,28.052367500105408,12023.999999999998,11693.000000000002
1994,6,34.0,26.091173265528514,4287.999999999999,3971.000000000001
1994,6,35.0,26.677111716621255,385.0,349.0
1994,6,36.0,26.473312883435582,6698.999999999999,6341.000000000001
1994,6,37.0,25.299264519401472,1982.0000000000002,1960.9999999999998
1994,6,38.0,26.69467155342543,1838.0000000000002,1708.9999999999998
1994,6,39.0,27.516517420422907,6754.999999999999,6534.000000000001
1994,6,40.0,27.860287891617272,603.0,578.0
1994,6,41.0,25.62558356676004,2196.0,2088.0
1994,6,42.0,26.688616071428573,456.0,440.0
1994,6,43.0,25.547154471544715,3126.0,3024.0
1994,6,44.0,25.873144399460188,13301.999999999998,12633.000000000002
1994,6,45.0,26.452026829979587,1786.9999999999998,1642.0000000000002
1994,6,46.0,27.895988112927192,347.99999999999994,325.00000000000006
1994,6,47.0,27.296783995948342,4056.0000000000005,3841.9999999999995
1994,6,48.0,27.335170564576195,3472.0000000000005,3240.9999999999995
1994,6,49.0,25.07029876977153,861.9999999999999,845.0000000000001
1994,6,50.0,27.441562873229824,3044.0,2817.0
1994,6,51.0,26.244741873804973,259.0,264.0
1994,6,52.0,24.5,2.0,2.0
1994,6,53.0,28.0,0.9999999999999998,2.0
1994,6,54.0,23.666666666666668,0.9999999999999998,2.0
1994,6,55.0,30.0,4.0,5.0
1994,6,57.0,26.962457337883958,151.99999999999997,141.00000000000003
1994,6,59.0,29.62162162162162,24.0,12.999999999999998
1994,7,1.0,25.102173509195616,2733.0000000000005,2649.9999999999995
1994,7,2.0,26.877641824249167,448.00000000000006,450.99999999999994
1994,7,3.0,25.974906912740813,3215.0,2962.0
1994,7,4.0,24.88457711442786,1566.0,1449.0
1994,7,5.0,27.02973885310746,24847.000000000004,23439.999999999996
1994,7,6.0,27.18357894736842,2442.0000000000005,2307.9999999999995
1994,7,7.0,28.550763266295128,2125.9999999999995,2001.0000000000005
1994,7,8.0,26.8125,463.99999999999994,432.00000000000006
1994,7,9.0,26.497200447928332,432.99999999999994,460.00000000000006
1994,7,10.0,26.707755359394703,8144.0,7716.0
1994,7,11.0,25.88775087937099,4986.000000000001,4679.999999999999
1994,7,12.0,27.363125,823.0,777.0
1994,7,13.0,26.18157720344599,774.0000000000001,734.9999999999999
1994,7,14.0,26.95777294884595,8669.999999999998,8357.000000000002
1994,7,15.0,25.88070752776635,3725.0000000000005,3567.9999999999995
1994,7,16.0,26.59435096153846,1704.9999999999998,1623.0000000000002
1994,7,17.0,26.58365993367501,1701.0000000000002,1615.9999999999998
1994,7,18.0,25.146714862853496,2452.0000000000005,2250.9999999999995
1994,7,19.0,25.13132509730919,2969.0000000000005,2939.9999999999995
1994,7,20.0,26.965881397238018,622.0,609.0
1994,7,21.0,27.74720628209,3416.0000000000005,3205.9999999999995
1994,7,22.0,28.60451384332765,3956.9999999999995,3664.0000000000005
1994,7,23.0,26.890135079819892,6265.999999999999,5949.000000000001
1994,7,24.0,27.8311345646438,2954.0000000000005,2730.9999999999995
1994,7,25.0,24.58679245283019,1913.0,1797.0
1994,7,26.0,26.108053795022414,3304.0,3165.0
1994,7,27.0,26.78902953586498,516.0,432.0
1994,7,28.0,26.955374280230327,1019.0000000000002,1064.9999999999998
1994,7,29.0,26.171836533727227,1038.0,993.0
1994,7,30.0,28.040714285714287,718.0000000000001,681.9999999999999
1994,7,31.0,28.549615421137595,5324.999999999999,5206.000000000001
1994,7,32.0,25.66832092638544,1237.0000000000002,1180.9999999999998
1994,7,33.0,28.01302576924628,12797.0,12000.0
1994,7,34.0,25.94236902050114,4493.0,4287.0
1994,7,35.0,26.76439790575916,367.0,397.0
1994,7,36.0,26.499964541521877,7112.000000000001,6988.999999999999
1994,7,37.0,25.148157625383828,1971.0,1937.0
1994,7,38.0,26.84039087947883,1902.0,1782.0
1994,7,39.0,27.503978402955386,7210.999999999999,6865.000000000001
1994,7,40.0,27.49142857142857,631.0,594.0
1994,7,41.0,25.577178138577636,2195.0000000000005,2177.9999999999995
1994,7,42.0,26.548206278026907,459.0000000000001,432.9999999999999
1994,7,43.0,25.39055927714597,3358.9999999999995,3060.0000000000005
1994,7,44.0,25.747218208092484,14278.000000000002,13401.999999999998
1994,7,45.0,26.335514574657942,1704.9999999999998,1657.0000000000002
1994,7,46.0,27.785515320334262,371.99999999999994,346.00000000000006
1994,7,47.0,27.169422962522308,4344.999999999999,4060.000000000001
1994,7,48.0,27.1626936829559,3453.0,3259.0
1994,7,49.0,25.132625994694962,976.0000000000001,908.9999999999999
1994,7,50.0,27.310069621327898,2982.9999999999995,2906.0000000000005
1994,7,51.0,26.022108843537413,284.99999999999994,303.00000000000006
1994,7,52.0,31.666666666666668,0.9999999999999998,2.0
1994,7,53.0,30.333333333333332,4.0,1.9999999999999996
1994,7,55.0,29.333333333333332,2.999999999999999,6.000000000000001
1994,7,57.0,27.655405405405407,143.99999999999997,152.00000000000003
1994,7,59.0,29.632653061224488,24.999999999999996,24.000000000000004
1994,8,1.0,25.128025820333512,2871.0,2706.0
1994,8,2.0,26.833161688980432,474.0,497.0
1994,8,3.0,26.149839129768655,3298.0000000000005,3228.9999999999995
1994,8,4.0,24.732589689478445,1722.9999999999995,1594.0000000000005
1994,8,5.0,27.09243545766384,25386.999999999996,24464.000000000004
1994,8,6.0,27.205502292621926,2511.0,2287.0
1994,8,7.0,28.626161369193156,2033.9999999999998,2056.0
1994,8,8.0,26.538049303322616,479.99999999999994,453.00000000000006
1994,8,9.0,26.66235167206041,454.0000000000001,472.9999999999999
1994,8,10.0,26.634347048300537,8522.000000000002,8247.999999999998
1994,8,11.0,25.926049233252623,4982.0,4930.0
1994,8,12.0,27.242480049109883,832.9999999999999,796.0000000000001
1994,8,13.0,26.401650618982117,750.9999999999999,703.0000000000001
1994,8,14.0,27.01275554778962,8836.0,8333.0
1994,8,15.0,25.981300921597434,3902.9999999999995,3584.0000000000005
1994,8,16.0,26.662985168822974,1621.0000000000002,1547.9999999999998
1994,8,17.0,26.57560975609756,1700.9999999999998,1579.0000000000002
1994,8,18.0,25.415042949926672,2420.0,2353.0
1994,8,19.0,25.31966813079551,3072.0,3075.0
1994,8,20.0,26.714285714285715,636.9999999999999,630.0000000000001
1994,8,21.0,27.8504828002414,3319.0,3309.0
1994,8,22.0,28.66396213657877,3737.0000000000005,3657.9999999999995
1994,8,23.0,26.838563917186985,6230.999999999999,5941.000000000001
1994,8,24.0,27.926226551226552,2839.9999999999995,2704.0000000000005
1994,8,25.0,24.55960764587525,2030.0000000000005,1945.9999999999995
1994,8,26.0,26.182282282282284,3337.0,3323.0
1994,8,27.0,26.98206751054852,473.00000000000006,474.99999999999994
1994,8,28.0,27.13806146572104,1092.0000000000002,1022.9999999999999
1994,8,29.0,26.312846580406653,1139.0000000000002,1024.9999999999998
1994,8,30.0,28.020532319391634,675.0000000000001,639.9999999999999
1994,8,31.0,28.498923679060667,5235.000000000001,4984.999999999999
1994,8,32.0,25.420840064620357,1235.0000000000002,1240.9999999999998
1994,8,33.0,27.996020676074828,12557.0,11819.0
1994,8,34.0,25.845439650464225,4698.0,4457.0
1994,8,35.0,26.917737789203084,395.99999999999994,382.00000000000006
1994,8,36.0,26.47113379826012,7165.999999999999,6743.000000000001
1994,8,37.0,25.289712918660285,2200.0000000000005,1979.9999999999995
1994,8,38.0,26.691466083150985,1924.0000000000002,1731.9999999999998
1994,8,39.0,27.38989376973873,7123.999999999999,6808.000000000001
1994,8,40.0,27.41358024691358,567.0,567.0
1994,8,41.0,25.63372216330859,2418.0,2297.0
1994,8,42.0,26.825466520307355,465.0000000000001,445.9999999999999
1994,8,43.0,25.388519637462235,3394.9999999999995,3225.0000000000005
1994,8,44.0,25.79627422266117,14953.0,14410.0
1994,8,45.0,26.334267912772585,1706.0000000000002,1503.9999999999998
1994,8,46.0,28.28328173374613,318.99999999999994,327.00000000000006
1994,8,47.0,27.154035375424623,4304.0,4233.0
1994,8,48.0,27.195409151885528,3430.0000000000005,3278.9999999999995
1994,8,49.0,24.951596292481977,1025.0,916.9999999999999
1994,8,50.0,27.082633957391867,3214.0000000000005,2981.9999999999995
1994,8,51.0,26.174953959484345,282.99999999999994,260.00000000000006
1994,8,53.0,27.5,3.0,3.0
1994,8,54.0,24.0,0.0,1.0
1994,8,55.0,30.294117647058822,11.999999999999998,5.000000000000001
1994,8,57.0,26.799418604651162,165.0,179.0
1994,8,59.0,29.512820512820515,20.0,19.0
1994,9,1.0,25.143178832801652,2756.0000000000005,2572.9999999999995
1994,9,2.0,26.90601092896175,464.9999999999999,450.0000000000001
1994,9,3.0,26.043948941670706,3179.0000000000005,3009.9999999999995
1994,9,4.0,24.802364864864863,1524.9999999999998,1435.0000000000002
1994,9,5.0,27.097626841243862,24984.000000000004,23895.999999999996
1994,9,6.0,27.288218327046817,2312.0000000000005,2194.9999999999995
1994,9,7.0,28.565749235474005,1960.9999999999998,1963.0000000000002
1994,9,8.0,27.14460511679644,457.99999999999994,441.00000000000006
1994,9,9.0,26.80295566502463,416.00000000000006,395.99999999999994
1994,9,10.0,26.702590550714326,8587.0,8282.0
1994,9,11.0,25.88105188054225,4880.0,4931.0
1994,9,12.0,27.360744297719087,855.0000000000001,810.9999999999999
1994,9,13.0,26.221621621621622,758.9999999999999,721.0000000000001
1994,9,14.0,26.96414618777568,8096.000000000002,7773.999999999998
1994,9,15.0,25.957041251778094,3633.9999999999995,3396.0000000000005
1994,9,16.0,26.70346802418072,1624.9999999999998,1518.0000000000002
1994,9,17.0,26.412465627864346,1654.0000000000002,1618.9999999999998
1994,9,18.0,25.53841131664853,2304.0000000000005,2290.9999999999995
1994,9,19.0,25.303228978855927,3166.0,2935.0
1994,9,20.0,27.05109489051095,643.0000000000001,589.9999999999999
1994,9,21.0,27.978544926601064,3195.9999999999995,3003.0000000000005
1994,9,22.0,28.601975096607987,3658.9999999999995,3328.0000000000005
1994,9,23.0,26.81850626740947,5939.000000000001,5548.999999999999
1994,9,24.0,27.90303478904515,2709.9999999999995,2694.0000000000005
1994,9,25.0,24.384191176470587,1939.0000000000002,1868.9999999999998
1994,9,26.0,26.31875968992248,3335.0,3115.0
1994,9,27.0,26.688183807439824,461.99999999999994,452.00000000000006
1994,9,28.0,27.053326810176124,1012.9999999999998,1031.0000000000002
1994,9,29.0,26.540950455005056,977.0,1001.0
1994,9,30.0,28.18574677786202,663.9999999999999,655.0000000000001
1994,9,31.0,28.589363817097414,5222.0,4838.0
1994,9,32.0,25.727196300966792,1206.0000000000002,1172.9999999999998
1994,9,33.0,27.941119365186562,12066.000000000002,11625.999999999998
1994,9,34.0,26.02324288256228,4554.000000000001,4437.999999999999
1994,9,35.0,27.02906976744186,350.0,338.0
1994,9,36.0,26.52326375711575,6723.0,6452.0
1994,9,37.0,25.43643216080402,1995.0,1985.0
1994,9,38.0,26.75815295815296,1738.9999999999998,1726.0000000000002
1994,9,39.0,27.39279549718574,6826.999999999999,6498.000000000001
1994,9,40.0,27.586821015138025,578.0000000000001,544.9999999999999
1994,9,41.0,25.648684210526316,2323.9999999999995,2236.0000000000005
1994,9,42.0,26.702272727272728,472.0,408.0
1994,9,43.0,25.58795637743006,3285.0000000000005,3041.9999999999995
1994,9,44.0,25.86398658771492,14358.000000000002,13675.999999999998
1994,9,45.0,26.33163913595934,1640.0000000000002,1507.9999999999998
1994,9,46.0,27.633333333333333,288.99999999999994,341.00000000000006
1994,9,47.0,27.255528554070473,4227.999999999999,4002.000000000001
1994,9,48.0,27.29416354556804,3271.9999999999995,3136.0000000000005
1994,9,49.0,24.979525862068964,956.0000000000002,899.9999999999998
1994,9,50.0,27.419052668787558,2895.9999999999995,2762.0000000000005
1994,9,51.0,25.361940298507463,263.00000000000006,272.99999999999994
1994,9,52.0,32.5,0.0,2.0
1994,9,53.0,30.0,3.0,5.0
1994,9,54.0,32.0,0.0,1.0
1994,9,55.0,25.4,3.0000000000000004,1.9999999999999996
1994,9,57.0,26.81948424068768,183.00000000000003,165.99999999999997
1994,9,59.0,30.5625,15.0,17.0
1994,10,1.0,25.21080446271286,2554.9999999999995,2554.0000000000005
1994,10,2.0,27.411971830985916,444.0,408.0
1994,10,3.0,26.177392464154718,3037.0,2961.0
1994,10,4.0,24.71958041958042,1409.0,1451.0
1994,10,5.0,27.072028189449682,24504.0,23741.0
1994,10,6.0,27.31121751025992,2289.0,2097.0
1994,10,7.0,28.65160273252759,1922.9999999999998,1883.0000000000002
1994,10,8.0,26.585421412300683,435.0,443.0
1994,10,9.0,26.484375,353.00000000000006,414.99999999999994
1994,10,10.0,26.71963574960801,8335.0,8247.0
1994,10,11.0,26.053984575835475,4760.999999999999,4575.000000000001
1994,10,12.0,27.375384615384615,801.9999999999999,823.0000000000001
1994,10,13.0,26.179611650485437,732.0,710.0
1994,10,14.0,26.971012642063595,7901.000000000002,7760.999999999998
1994,10,15.0,26.091420951252037,3430.000000000001,3318.999999999999
1994,10,16.0,27.08772504091653,1573.0,1482.0
1994,10,17.0,26.42955892034233,1565.0000000000002,1472.9999999999998
1994,10,18.0,25.442926399294844,2393.9999999999995,2144.0000000000005
1994,10,19.0,25.257500428595918,2973.0,2860.0
1994,10,20.0,26.813991769547325,588.9999999999999,626.0000000000001
1994,10,21.0,27.843521971785307,3173.9999999999995,2993.0000000000005
1994,10,22.0,28.702729458351012,3576.9999999999995,3494.0000000000005
1994,10,23.0,26.799356223175966,5659.999999999999,5524.000000000001
1994,10,24.0,27.915763453127973,2715.9999999999995,2543.0000000000005
1994,10,25.0,24.68382559774965,1798.0000000000002,1756.9999999999998
1994,10,26.0,26.200476514635806,3047.0,2829.0
1994,10,27.0,26.558139534883722,456.99999999999994,446.00000000000006
1994,10,28.0,26.88864509051015,939.0000000000002,883.9999999999998
1994,10,29.0,26.3961895456766,1041.0,1006.0000000000001
1994,10,30.0,28.280517380759903,631.0000000000001,605.9999999999999
1994,10,31.0,28.631663487601646,5178.000000000001,4782.999999999999
1994,10,32.0,25.84055459272097,1202.0,1106.0
1994,10,33.0,28.07671900143522,11628.0,11365.0
1994,10,34.0,26.015049970605528,4318.999999999999,4186.000000000001
1994,10,35.0,26.98079561042524,380.99999999999994,348.00000000000006
1994,10,36.0,26.472684824902725,6603.999999999999,6246.000000000001
1994,10,37.0,25.361628525811604,1916.9999999999995,1841.0000000000005
1994,10,38.0,26.69948776323278,1821.9999999999998,1692.0000000000002
1994,10,39.0,27.56780185758514,6536.0,6384.0
1994,10,40.0,27.568345323741006,537.0,575.0
1994,10,41.0,25.60398078242965,2278.0,2093.0
1994,10,42.0,27.050602409638554,427.0,403.0
1994,10,43.0,25.470301057770545,3092.0,3053.0
1994,10,44.0,25.827757981237728,14143.999999999996,13358.000000000004
1994,10,45.0,26.188725490196077,1691.0,1573.0
1994,10,46.0,27.554770318021202,301.0,265.0
1994,10,47.0,27.29746917585983,3907.0000000000005,3797.9999999999995
1994,10,48.0,27.24995983935743,3168.0,3057.0
1994,10,49.0,25.25319267073848,910.0,891.0
1994,10,50.0,27.23134328358209,2804.0,2690.0
1994,10,51.0,26.00769230769231,275.99999999999994,244.00000000000006
1994,10,52.0,32.5,1.0,1.0
1994,10,53.0,34.0,0.0,3.0
1994,10,54.0,27.0,1.0,0.0
1994,10,55.0,33.2,1.9999999999999996,3.0000000000000004
1994,10,57.0,26.955555555555556,158.0,157.0
1994,10,59.0,31.11627906976744,28.000000000000004,14.999999999999998
1994,11,1.0,25.218102734051367,2508.9999999999995,2319.0000000000005
1994,11,2.0,27.02113606340819,372.00000000000006,384.99999999999994
1994,11,3.0,26.18272650296359,2992.9999999999995,2912.0000000000005
1994,11,4.0,24.751611808618936,1470.0000000000002,1476.9999999999998
1994,11,5.0,27.097241979659866,23985.0,23114.0
1994,11,6.0,27.287906976744186,2211.0,2089.0
1994,11,7.0,28.516147803316848,1757.0,1680.0
1994,11,8.0,27.289111389236545,394.00000000000006,404.99999999999994
1994,11,9.0,26.79367088607595,404.00000000000006,385.99999999999994
1994,11,10.0,26.614986254075827,7969.000000000002,7671.999999999998
1994,11,11.0,25.819982490698184,4677.0,4461.0
1994,11,12.0,27.599628712871286,836.9999999999999,779.0000000000001
1994,11,13.0,26.258595988538683,724.9999999999999,671.0000000000001
1994,11,14.0,26.87429285620313,7726.999999999999,7475.000000000001
1994,11,15.0,26.058832425892316,3299.0,3313.0
1994,11,16.0,26.823306978343073,1543.9999999999998,1365.0000000000002
1994,11,17.0,26.579666666666668,1488.9999999999998,1511.0000000000002
1994,11,18.0,25.480507497116495,2240.0000000000005,2094.9999999999995
1994,11,19.0,25.37656116338751,2978.0000000000005,2866.9999999999995
1994,11,20.0,27.04922515952598,562.9999999999999,534.0000000000001
1994,11,21.0,27.873471467391305,3086.0,2802.0
1994,11,22.0,28.679665298389644,3218.0000000000005,3115.9999999999995
1994,11,23.0,26.802353595255745,5537.000000000001,5254.999999999999
1994,11,24.0,27.906344410876134,2586.0,2379.0
1994,11,25.0,24.544913573250213,1738.9999999999998,1790.0000000000002
1994,11,26.0,26.273657718120806,3084.9999999999995,2875.0000000000005
1994,11,27.0,26.86187214611872,471.00000000000006,404.99999999999994
1994,11,28.0,27.011536444677503,966.9999999999998,940.0000000000002
1994,11,29.0,26.348270823185583,1072.0,981.0
1994,11,30.0,28.449409780775717,612.9999999999999,573.0000000000001
1994,11,31.0,28.68337617823479,4732.999999999999,4603.000000000001
1994,11,32.0,25.384406165004535,1106.0,1100.0
1994,11,33.0,28.046410576434152,10952.000000000002,10680.999999999998
1994,11,34.0,26.14562630352104,4179.000000000001,3971.999999999999
1994,11,35.0,27.05654761904762,339.00000000000006,332.99999999999994
1994,11,36.0,26.47485399091499,6286.000000000001,6041.999999999999
1994,11,37.0,25.38259899609593,1848.9999999999998,1737.0000000000002
1994,11,38.0,26.729761554312628,1721.0,1676.0
1994,11,39.0,27.410858930146762,6387.0,6082.0
1994,11,40.0,27.79060665362035,504.0,518.0
1994,11,41.0,25.718057520037718,2210.0,2031.9999999999998
1994,11,42.0,26.840665873959573,435.99999999999994,405.00000000000006
1994,11,43.0,25.646744574290484,3054.9999999999995,2935.0000000000005
1994,11,44.0,25.869748052802866,13912.0,13435.0
1994,11,45.0,26.259980836793357,1618.0,1513.0
1994,11,46.0,27.6,294.0,291.0
1994,11,47.0,27.055642838439383,3935.0,3703.0
1994,11,48.0,27.224046354418157,3166.9999999999995,3046.0000000000005
1994,11,49.0,25.399640503295387,855.9999999999999,813.0000000000001
1994,11,50.0,27.32239819004525,2755.9999999999995,2548.0000000000005
1994,11,51.0,25.60728744939271,257.99999999999994,236.00000000000003
1994,11,52.0,27.0,0.0,2.0
1994,11,53.0,29.333333333333332,2.0,0.9999999999999998
1994,11,54.0,33.0,1.0,1.0
1994,11,55.0,29.857142857142858,3.0,4.0
1994,11,57.0,27.287539936102238,153.0,160.0
1994,11,59.0,29.738095238095237,23.000000000000004,18.999999999999996
1994,12,1.0,25.058586246638495,2653.9999999999995,2552.0000000000005
1994,12,2.0,26.730263157894736,479.00000000000006,432.99999999999994
1994,12,3.0,26.203865851643812,2998.0,3055.0
1994,12,4.0,24.46943445570448,1577.9999999999998,1481.0000000000002
1994,12,5.0,26.994234257579684,23529.0,22779.0
1994,12,6.0,27.080128205128204,2218.0,2150.0
1994,12,7.0,28.546989307822173,1813.0,1741.0
1994,12,8.0,27.070257611241217,447.99999999999994,406.00000000000006
1994,12,9.0,26.44315245478036,381.99999999999994,392.00000000000006
1994,12,10.0,26.649076997813943,8384.0,8084.0
1994,12,11.0,25.837317537550245,4836.000000000001,4617.999999999999
1994,12,12.0,27.132002575660014,795.0,758.0
1994,12,13.0,25.792936288088644,756.0000000000001,687.9999999999999
1994,12,14.0,26.891954466525178,7922.999999999999,7626.000000000001
1994,12,15.0,25.985416362840894,3543.0,3314.0
1994,12,16.0,26.98055735580039,1607.0000000000002,1478.9999999999998
1994,12,17.0,26.4,1622.0,1608.0
1994,12,18.0,25.440864960282436,2333.9999999999995,2198.0000000000005
1994,12,19.0,25.23590779067811,3036.0000000000005,2906.9999999999995
1994,12,20.0,26.68888888888889,553.0,527.0
1994,12,21.0,27.831259333001494,3098.0,2929.0
1994,12,22.0,28.617678060533052,3400.0,3241.0
1994,12,23.0,26.697571942446043,5575.999999999999,5544.000000000001
1994,12,24.0,27.97948619631902,2700.9999999999995,2515.0000000000005
1994,12,25.0,24.37006181134104,1890.0,1831.0
1994,12,26.0,26.27085752197711,3062.0000000000005,2966.9999999999995
1994,12,27.0,26.8046783625731,429.0,426.0
1994,12,28.0,27.126519337016575,920.0000000000001,889.9999999999999
1994,12,29.0,26.300523062291965,1059.9999999999998,1043.0000000000002
1994,12,30.0,28.24764353041988,625.0,542.0
1994,12,31.0,28.526276674806244,4772.0,4647.0
1994,12,32.0,25.712262062859672,1149.0,1110.0
1994,12,33.0,28.038087158421146,11463.000000000002,10932.999999999998
1994,12,34.0,25.946397290669157,4453.999999999999,4109.000000000001
1994,12,35.0,27.495652173913044,341.00000000000006,348.99999999999994
1994,12,36.0,26.385038072062173,6515.999999999999,6223.000000000001
1994,12,37.0,25.264690451206715,1915.9999999999998,1896.0000000000002
1994,12,38.0,26.595183486238533,1764.0000000000002,1723.9999999999998
1994,12,39.0,27.34562248995984,6337.0,6113.0
1994,12,40.0,27.755512943432407,526.0000000000001,516.9999999999999
1994,12,41.0,25.698553948832036,2328.0,2167.0
1994,12,42.0,26.59841628959276,457.99999999999994,426.00000000000006
1994,12,43.0,25.520982926440084,3244.0,3023.0
1994,12,44.0,25.810396342560928,14295.000000000004,13483.999999999996
1994,12,45.0,26.37970644543714,1604.0,1530.0
1994,12,46.0,27.594982078853047,276.0,282.0
1994,12,47.0,27.14766233766234,3946.999999999999,3753.000000000001
1994,12,48.0,27.00047816385081,3216.9999999999995,3057.0000000000005
1994,12,49.0,25.215811965811966,962.9999999999999,909.0000000000001
1994,12,50.0,27.429882525697504,2819.9999999999995,2628.0000000000005
1994,12,51.0,26.099009900990097,256.0,249.0
1994,12,52.0,23.8,3.0000000000000004,1.9999999999999996
1994,12,53.0,32.333333333333336,2.0,0.9999999999999998
1994,12,55.0,34.5,2.0,2.0
1994,12,57.0,27.29794520547945,146.0,146.0
1994,12,59.0,30.17948717948718,12.0,27.0
1995,1,1.0,25.09789368104313,2644.0000000000005,2340.9999999999995
1995,1,2.0,26.517879161528978,422.0,389.0
1995,1,3.0,26.11134235171696,3012.0,2754.0
1995,1,4.0,24.785415212840196,1435.9999999999998,1430.0000000000002
1995,1,5.0,27.06950395335483,23032.0,22246.0
1995,1,6.0,27.122827898119496,2133.0000000000005,2067.9999999999995
1995,1,7.0,28.45738880918221,1790.0000000000002,1694.9999999999998
1995,1,8.0,26.83905325443787,435.99999999999994,409.00000000000006
1995,1,9.0,26.227799227799228,386.0,391.0
1995,1,10.0,26.628722225842186,7893.000000000001,7453.999999999999
1995,1,11.0,25.804977037274377,4847.000000000001,4515.999999999999
1995,1,12.0,27.434782608695652,759.9999999999999,781.0000000000001
1995,1,13.0,25.923363095238095,649.9999999999999,694.0000000000001
1995,1,14.0,26.88167963895611,7838.0,7451.0
1995,1,15.0,25.862582781456954,3442.9999999999995,3201.0000000000005
1995,1,16.0,26.830548128342247,1488.0,1504.0
1995,1,17.0,26.292164674634794,1563.0,1449.0
1995,1,18.0,25.33968478005175,2177.0,2074.0
1995,1,19.0,25.209774848984075,2772.0,2691.0
1995,1,20.0,26.81226053639847,506.0000000000001,537.9999999999999
1995,1,21.0,27.707645155797717,3000.0000000000005,2872.9999999999995
1995,1,22.0,28.701401584399758,3372.9999999999995,3191.0000000000005
1995,1,23.0,26.6886277412788,5525.0,5282.0
1995,1,24.0,27.90630081300813,2451.0000000000005,2468.9999999999995
1995,1,25.0,24.424097065462753,1785.0000000000002,1758.9999999999998
1995,1,26.0,26.20191661062542,3099.0,2849.0
1995,1,27.0,26.890455531453362,477.9999999999999,444.0000000000001
1995,1,28.0,26.946965554948058,944.0,885.0
1995,1,29.0,26.440314136125654,977.0,933.0
1995,1,30.0,27.911028730305837,589.0000000000001,489.99999999999994
1995,1,31.0,28.302206761604523,4682.000000000001,4516.999999999999
1995,1,32.0,25.661016949152543,1092.0000000000002,1090.9999999999998
1995,1,33.0,27.94368423429526,11219.0,10924.0
1995,1,34.0,25.90958969465649,4271.0,4113.0
1995,1,35.0,26.726047904191617,333.0,335.0
1995,1,36.0,26.37793408031406,6330.000000000001,5896.999999999999
1995,1,37.0,25.316038978140636,2004.9999999999995,1792.0000000000005
1995,1,38.0,26.668311085316308,1786.0,1660.0
1995,1,39.0,27.33426024372291,6186.000000000001,6040.999999999999
1995,1,40.0,27.76559356136821,499.99999999999994,494.00000000000006
1995,1,41.0,25.22010119595216,2200.9999999999995,2147.0000000000005
1995,1,42.0,26.458227848101266,410.00000000000006,379.99999999999994
1995,1,43.0,25.394714974239655,3037.0,2980.0
1995,1,44.0,25.729452843220013,13302.0,12760.0
1995,1,45.0,26.16785252263907,1620.0000000000002,1471.9999999999998
1995,1,46.0,28.19747899159664,233.00000000000003,242.99999999999997
1995,1,47.0,27.20402561756633,3943.9999999999995,3707.0000000000005
1995,1,48.0,27.049886252843677,3145.0,3009.0
1995,1,49.0,24.994827586206895,928.0000000000002,811.9999999999998
1995,1,50.0,27.214326867678125,2687.9999999999995,2519.0000000000005
1995,1,51.0,26.20472440944882,255.0,253.0
1995,1,52.0,32.5,0.0,4.0
1995,1,53.0,28.75,3.0,1.0
1995,1,54.0,28.0,2.0,2.0
1995,1,55.0,30.5,2.0,0.0
1995,1,56.0,35.0,0.0,2.0
1995,1,57.0,27.65938864628821,108.0,121.0
1995,1,59.0,31.620689655172413,17.999999999999996,11.000000000000004
1995,2,1.0,25.278530826410144,2371.0,2203.0
1995,2,2.0,27.087719298245613,402.0,339.0
1995,2,3.0,26.01684673136788,2764.9999999999995,2696.0000000000005
1995,2,4.0,24.813368381524597,1340.0000000000002,1322.9999999999998
1995,2,5.0,27.09478287885668,21558.0,20285.0
1995,2,6.0,27.197047970479705,2072.0,1993.0
1995,2,7.0,28.46868444710818,1749.9999999999998,1587.0000000000002
1995,2,8.0,26.758793969849247,414.00000000000006,381.99999999999994
1995,2,9.0,26.746268656716417,342.99999999999994,327.00000000000006
1995,2,10.0,26.815096711123523,7348.000000000001,6972.999999999999
1995,2,11.0,25.906680560379762,4355.999999999999,4281.000000000001
1995,2,12.0,27.384180790960453,703.0000000000001,712.9999999999999
1995,2,13.0,26.02932098765432,657.9999999999999,638.0000000000001
1995,2,14.0,26.924038191519237,7298.999999999999,6945.000000000001
1995,2,15.0,26.019949335022165,3235.9999999999995,3080.0000000000005
1995,2,16.0,26.5818853974122,1359.9999999999998,1345.0000000000002
1995,2,17.0,26.394386469953222,1426.0,1353.0
1995,2,18.0,25.575311720698256,2097.0,1913.0
1995,2,19.0,25.31699815460324,2478.9999999999995,2398.0000000000005
1995,2,20.0,27.145893719806764,527.0,508.0
1995,2,21.0,27.948675189920326,2726.0,2671.0
1995,2,22.0,28.719946940805837,3008.9999999999995,3022.0000000000005
1995,2,23.0,26.709167143129406,5402.0,5092.0
1995,2,24.0,27.929483019684188,2420.9999999999995,2202.0000000000005
1995,2,25.0,24.37052838857893,1490.0,1557.0
1995,2,26.0,26.408953632972107,2904.0,2725.0
1995,2,27.0,26.306004618937646,436.0,430.0
1995,2,28.0,27.08246859639541,932.0000000000001,898.9999999999999
1995,2,29.0,26.201604278074868,954.0000000000001,915.9999999999999
1995,2,30.0,28.076717216770742,573.0,548.0
1995,2,31.0,28.531858812743526,4434.0,4292.0
1995,2,32.0,25.73067690830533,1044.0,1039.0
1995,2,33.0,27.960186670555636,10418.0,10153.0
1995,2,34.0,26.034389140271493,3947.9999999999995,3787.0000000000005
1995,2,35.0,26.355060034305318,287.99999999999994,295.00000000000006
1995,2,36.0,26.40619902120718,5835.999999999999,5811.000000000001
1995,2,37.0,25.16185804962493,1762.0000000000005,1703.9999999999995
1995,2,38.0,26.470362063441204,1615.9999999999998,1505.0000000000002
1995,2,39.0,27.3324227420181,6056.0,5658.0
1995,2,40.0,27.575604838709676,488.0,504.0
1995,2,41.0,25.644501278772378,2005.0000000000005,1904.9999999999995
1995,2,42.0,26.796610169491526,383.00000000000006,383.99999999999994
1995,2,43.0,25.423550724637682,2844.0,2676.0
1995,2,44.0,25.817167453717246,12210.999999999998,11718.000000000002
1995,2,45.0,26.185135135135134,1542.0000000000002,1417.9999999999998
1995,2,46.0,27.68630849220104,279.99999999999994,297.00000000000006
1995,2,47.0,27.125139043381534,3603.9999999999995,3588.0000000000005
1995,2,48.0,27.096500346500346,2947.0000000000005,2824.9999999999995
1995,2,49.0,25.0,805.9999999999999,754.0000000000001
1995,2,50.0,27.281280499707204,2638.0,2485.0
1995,2,51.0,25.312638580931264,236.99999999999994,214.00000000000006
1995,2,52.0,35.0,1.0,0.0
1995,2,53.0,34.0,0.0,3.0
1995,2,54.0,38.0,0.0,1.0
1995,2,55.0,26.0,4.0,1.9999999999999996
1995,2,57.0,27.253521126760564,113.00000000000003,99.99999999999997
1995,2,59.0,29.08695652173913,23.0,23.0
1995,3,1.0,25.408363846598572,2681.0,2508.0
1995,3,2.0,27.091208791208793,468.99999999999994,441.00000000000006
1995,3,3.0,26.258277054850932,3117.0,2954.0
1995,3,4.0,24.837092731829575,1424.9999999999998,1368.0000000000002
1995,3,5.0,27.121939726262127,23863.999999999996,22823.000000000004
1995,3,6.0,27.165239726027398,2349.9999999999995,2322.0000000000005
1995,3,7.0,28.67931488801054,1922.9999999999998,1872.0000000000002
1995,3,8.0,26.59767441860465,461.0,399.0
1995,3,9.0,26.662216288384514,383.99999999999994,365.00000000000006
1995,3,10.0,26.79926843354938,8071.0,7512.0
1995,3,11.0,26.092054263565892,4816.000000000001,4471.999999999999
1995,3,12.0,27.307407407407407,815.0,805.0
1995,3,13.0,26.08735332464146,795.0,739.0
1995,3,14.0,27.049053189426743,7924.0,7549.0
1995,3,15.0,26.018184421534936,3572.9999999999995,3411.0000000000005
1995,3,16.0,26.891813804173356,1570.9999999999998,1544.0000000000002
1995,3,17.0,26.596306908627824,1617.9999999999998,1523.0000000000002
1995,3,18.0,25.566900611274622,2266.0000000000005,2150.9999999999995
1995,3,19.0,25.43548387096774,2686.0,2646.0
1995,3,20.0,27.342395921835173,601.0,576.0
1995,3,21.0,27.883567166586033,3172.0,3029.0
1995,3,22.0,28.701253782965846,3512.0000000000005,3426.9999999999995
1995,3,23.0,26.80049198405293,6046.0,5743.0
1995,3,24.0,28.06201834862385,2823.0,2627.0
1995,3,25.0,24.607185990338163,1665.0000000000002,1646.9999999999998
1995,3,26.0,26.32835077229696,3163.0,2858.0
1995,3,27.0,26.729700854700855,463.0,473.0
1995,3,28.0,27.19835981547924,989.9999999999999,961.0000000000001
1995,3,29.0,26.208940719144803,1026.0,1032.0
1995,3,30.0,28.203761755485893,660.9999999999999,615.0000000000001
1995,3,31.0,28.660641754670998,5179.0,4669.0
1995,3,32.0,25.737540009144947,1107.0,1080.0
1995,3,33.0,28.00414937759336,11953.999999999998,11182.000000000002
1995,3,34.0,26.198996850577394,4444.999999999999,4128.000000000001
1995,3,35.0,26.782548476454295,350.99999999999994,371.00000000000006
1995,3,36.0,26.49303685465877,6586.999999999999,6410.000000000001
1995,3,37.0,25.284462151394422,1958.9999999999998,1806.0000000000002
1995,3,38.0,26.73515731874145,1875.0000000000002,1779.9999999999998
1995,3,39.0,27.474687404696553,6757.0,6359.0
1995,3,40.0,27.79193400549954,561.0000000000001,529.9999999999999
1995,3,41.0,25.73988711194732,2205.0,2046.9999999999998
1995,3,42.0,26.658458244111348,467.0,467.0
1995,3,43.0,25.594083812654066,3171.0000000000005,2913.9999999999995
1995,3,44.0,25.869801503179804,13217.0,12728.0
1995,3,45.0,26.393903521751998,1747.9999999999998,1631.0000000000002
1995,3,46.0,27.69747899159664,323.00000000000006,271.99999999999994
1995,3,47.0,27.301569222981524,4051.999999999999,3850.000000000001
1995,3,48.0,27.215628237383456,3392.9999999999995,3364.0000000000005
1995,3,49.0,25.234595816845676,929.0,840.0
1995,3,50.0,27.20304054054054,3060.0,2860.0
1995,3,51.0,26.190217391304348,271.00000000000006,280.99999999999994
1995,3,52.0,29.5,0.0,2.0
1995,3,53.0,35.25,1.0,3.0
1995,3,55.0,30.0,2.000000000000001,4.999999999999999
1995,3,56.0,20.0,1.0,0.0
1995,3,57.0,27.009302325581395,110.0,105.0
1995,3,59.0,29.38095238095238,21.999999999999996,20.000000000000004
1995,4,1.0,25.4867218110579,2383.0000000000005,2210.9999999999995
1995,4,2.0,26.919905771495877,432.00000000000006,416.99999999999994
1995,4,3.0,26.221066082511864,2807.0,2671.0
1995,4,4.0,24.86644591611479,1351.0000000000002,1366.9999999999998
1995,4,5.0,27.171608040201004,22511.999999999996,21268.000000000004
1995,4,6.0,27.181024837771314,2244.0000000000005,2224.9999999999995
1995,4,7.0,28.916172734970363,1793.0000000000002,1749.9999999999998
1995,4,8.0,26.938931297709924,365.0,421.0
1995,4,9.0,27.151079136690647,354.0,341.0
1995,4,10.0,26.89128647759967,7490.0,7108.0
1995,4,11.0,26.150943396226417,4521.0,4277.0
1995,4,12.0,27.197773411918796,816.9999999999999,710.0000000000001
1995,4,13.0,25.98235294117647,779.0,751.0
1995,4,14.0,27.070691892630286,7523.999999999999,7117.000000000001
1995,4,15.0,26.090370595382748,3445.0000000000005,3138.9999999999995
1995,4,16.0,26.88470357025876,1615.0,1438.0
1995,4,17.0,26.68756121449559,1515.0000000000002,1547.9999999999998
1995,4,18.0,25.33480825958702,2083.0,1984.9999999999998
1995,4,19.0,25.413335971507717,2640.0000000000005,2413.9999999999995
1995,4,20.0,26.715271786022434,577.0,582.0
1995,4,21.0,28.084070029467846,2989.9999999999995,2779.0000000000005
1995,4,22.0,28.995293045854844,3324.9999999999995,3261.0000000000005
1995,4,23.0,26.976327575175944,5568.0,5373.0
1995,4,24.0,28.084082397003744,2757.0,2583.0
1995,4,25.0,24.586007702182286,1549.0,1567.0
1995,4,26.0,26.426852329379404,2987.0,2830.0
1995,4,27.0,27.141843971631207,400.0,446.0
1995,4,28.0,27.024891774891774,919.9999999999998,928.0000000000002
1995,4,29.0,26.625380710659897,1005.9999999999999,964.0000000000001
1995,4,30.0,28.473769168684424,626.9999999999999,612.0000000000001
1995,4,31.0,28.83183216168717,4687.999999999999,4416.000000000001
1995,4,32.0,25.757749165474486,1057.0000000000002,1039.9999999999998
1995,4,33.0,28.079493087557605,11072.999999999998,10627.000000000002
1995,4,34.0,26.019809523809524,4070.0000000000005,3804.9999999999995
1995,4,35.0,27.452554744525546,357.99999999999994,327.00000000000006
1995,4,36.0,26.58807785888078,6317.0,6013.0
1995,4,37.0,25.319397993311036,1833.0000000000002,1754.9999999999998
1995,4,38.0,26.8077474892396,1774.9999999999998,1710.0000000000002
1995,4,39.0,27.623505323505324,6294.999999999999,5915.000000000001
1995,4,40.0,27.96764705882353,495.00000000000006,525.0
1995,4,41.0,25.865182911230495,2038.0000000000002,1870.9999999999998
1995,4,42.0,26.653132250580047,449.00000000000006,412.99999999999994
1995,4,43.0,25.807852675469075,2976.9999999999995,2779.0000000000005
1995,4,44.0,25.95609577625107,12599.000000000002,11999.999999999998
1995,4,45.0,26.570579494799407,1676.0,1689.0
1995,4,46.0,28.077490774907748,267.00000000000006,274.99999999999994
1995,4,47.0,27.357844474761254,3832.000000000001,3497.999999999999
1995,4,48.0,27.24759838859622,3302.9999999999995,3151.0000000000005
1995,4,49.0,25.426594464500603,828.0,834.0
1995,4,50.0,27.31348637015782,2756.9999999999995,2819.0000000000005
1995,4,51.0,26.285714285714285,260.99999999999994,250.00000000000006
1995,4,53.0,33.0,1.0,0.0
1995,4,54.0,34.0,1.0,0.0
1995,4,55.0,28.833333333333332,1.9999999999999996,4.0
1995,4,57.0,26.603960396039604,98.0,104.0
1995,4,59.0,30.71875,21.0,11.0
1995,5,1.0,25.627427665477605,2596.0,2450.0
1995,5,2.0,27.067106710671066,474.00000000000006,434.99999999999994
1995,5,3.0,26.512263002261264,2960.0,2789.0
1995,5,4.0,24.93078260869565,1467.9999999999998,1407.0000000000002
1995,5,5.0,27.221582454551335,23855.000000000004,22515.999999999996
1995,5,6.0,27.373443107451973,2463.9999999999995,2273.0000000000005
1995,5,7.0,28.94861358432969,2007.9999999999998,1923.0000000000002
1995,5,8.0,27.133333333333333,469.0,431.0
1995,5,9.0,27.192722371967655,372.00000000000006,369.99999999999994
1995,5,10.0,26.88449552006233,8009.000000000001,7392.999999999999
1995,5,11.0,26.122168545356953,4735.0,4580.0
1995,5,12.0,27.522044728434505,826.0,739.0
1995,5,13.0,26.45846958796599,759.9999999999999,769.0000000000001
1995,5,14.0,27.228552030613503,8392.0,7810.0
1995,5,15.0,26.221743361601558,3768.999999999999,3424.000000000001
1995,5,16.0,26.887081926971465,1666.9999999999998,1592.0000000000002
1995,5,17.0,26.59736277215578,1691.0000000000002,1569.9999999999998
1995,5,18.0,25.566528293642122,2325.0000000000005,2251.9999999999995
1995,5,19.0,25.50526114405969,2649.0000000000005,2577.9999999999995
1995,5,20.0,27.20763723150358,631.0000000000001,625.9999999999999
1995,5,21.0,28.04886452623336,3323.000000000001,3061.999999999999
1995,5,22.0,29.065417986503235,3816.9999999999995,3444.0000000000005
1995,5,23.0,27.019830028328613,6127.999999999999,5874.000000000001
1995,5,24.0,28.13777247956403,3035.0,2837.0
1995,5,25.0,24.686369119420988,1713.9999999999998,1602.0000000000002
1995,5,26.0,26.500563153660497,3133.9999999999995,3081.0000000000005
1995,5,27.0,26.83199195171026,509.00000000000006,484.99999999999994
1995,5,28.0,27.119757453259222,1023.9999999999999,955.0000000000001
1995,5,29.0,26.507192575406034,1105.0000000000002,1049.9999999999998
1995,5,30.0,28.41322314049587,686.0,645.0
1995,5,31.0,28.830731225296443,5154.999999999999,4965.000000000001
1995,5,32.0,25.768014059753956,1167.0,1109.0
1995,5,33.0,28.196941127173684,12299.999999999998,11565.000000000002
1995,5,34.0,26.319116257088847,4449.0,4015.0
1995,5,35.0,27.39470365699874,412.0,381.0
1995,5,36.0,26.64137214137214,6980.0,6488.0
1995,5,37.0,25.410057024364956,2002.0000000000005,1855.9999999999995
1995,5,38.0,26.773163768492083,1913.9999999999995,1939.0000000000005
1995,5,39.0,27.556645122947774,6904.999999999999,6556.000000000001
1995,5,40.0,28.164777680906713,594.0000000000001,552.9999999999999
1995,5,41.0,25.694597839135653,2128.0,2037.0000000000002
1995,5,42.0,26.778247096092926,489.0000000000001,457.9999999999999
1995,5,43.0,25.667893725992318,3224.9999999999995,3023.0000000000005
1995,5,44.0,25.949406433734037,13711.999999999998,12991.000000000002
1995,5,45.0,26.20814479638009,1810.9999999999998,1725.0000000000002
1995,5,46.0,27.765273311897108,314.00000000000006,307.99999999999994
1995,5,47.0,27.432204441136335,4066.0000000000005,3994.9999999999995
1995,5,48.0,27.27614331488494,3533.999999999999,3332.000000000001
1995,5,49.0,25.323513062812673,914.0,885.0
1995,5,50.0,27.497403440441413,3124.9999999999995,3037.0000000000005
1995,5,51.0,26.005244755244757,285.00000000000006,286.99999999999994
1995,5,54.0,20.0,0.0,1.0
1995,5,55.0,29.375,5.0,3.0
1995,5,56.0,35.0,0.0,1.0
1995,5,57.0,27.449799196787147,129.0,120.0
1995,5,59.0,28.705882352941178,25.0,8.999999999999998
1995,6,1.0,25.36766516208453,2437.9999999999995,2436.0000000000005
1995,6,2.0,27.028446389496718,445.99999999999994,468.00000000000006
1995,6,3.0,26.233172647741476,2923.0,2678.0
1995,6,4.0,24.878134934652067,1433.0,1398.0
1995,6,5.0,27.226226960763153,23632.000000000004,22701.999999999996
1995,6,6.0,27.420439844760672,2410.9999999999995,2227.0000000000005
1995,6,7.0,28.74048983845753,1949.0000000000002,1888.9999999999998
1995,6,8.0,27.086622807017545,464.0,448.0
1995,6,9.0,27.095238095238095,391.0,365.0
1995,6,10.0,26.862649821833497,8007.000000000001,7427.999999999999
1995,6,11.0,26.28735255570118,4772.000000000001,4383.999999999999
1995,6,12.0,27.81847968545216,814.9999999999999,711.0000000000001
1995,6,13.0,26.13612565445026,799.0,729.0
1995,6,14.0,27.157278620429228,8159.0,7730.0
1995,6,15.0,26.074116633151394,3621.0,3341.0
1995,6,16.0,26.808966861598442,1600.0,1478.0
1995,6,17.0,26.623335447051364,1593.9999999999998,1560.0000000000002
1995,6,18.0,25.350125370412584,2259.9999999999995,2127.0000000000005
1995,6,19.0,25.42777880525245,2780.0,2627.0
1995,6,20.0,27.42651515151515,681.0,639.0
1995,6,21.0,28.04922979196443,3212.0,3085.0
1995,6,22.0,29.041484118291347,3781.9999999999995,3522.0000000000005
1995,6,23.0,26.960496808694153,6051.000000000001,5542.999999999999
1995,6,24.0,27.977740678909292,2755.9999999999995,2635.0000000000005
1995,6,25.0,24.615591397849464,1703.0,1645.0
1995,6,26.0,26.40938828917239,3103.0000000000005,3010.9999999999995
1995,6,27.0,26.850730688935283,499.00000000000006,458.99999999999994
1995,6,28.0,27.15514592933948,1014.0000000000001,938.9999999999999
1995,6,29.0,26.444647758462946,1054.0,1132.0
1995,6,30.0,28.46093133385951,650.0,617.0
1995,6,31.0,28.71927401854409,5275.0,4863.0
1995,6,32.0,25.86734244160423,1143.0000000000002,1125.9999999999998
1995,6,33.0,28.17614094672044,12084.999999999998,11470.000000000002
1995,6,34.0,26.0018779342723,4418.0,4102.0
1995,6,35.0,26.932065217391305,381.00000000000006,354.99999999999994
1995,6,36.0,26.63353991441641,6945.999999999999,6608.000000000001
1995,6,37.0,25.546113989637306,2015.0000000000002,1844.9999999999998
1995,6,38.0,26.941176470588236,1870.9999999999995,1801.0000000000005
1995,6,39.0,27.57998606918969,6646.0,6275.0
1995,6,40.0,27.76252319109462,542.0,536.0
1995,6,41.0,25.90648348999759,2134.0000000000005,2014.9999999999995
1995,6,42.0,26.93103448275862,434.00000000000006,435.99999999999994
1995,6,43.0,25.662719013627516,3107.0,3057.0
1995,6,44.0,25.86532757649709,13694.999999999998,12940.000000000002
1995,6,45.0,26.50242372398061,1767.0000000000002,1739.9999999999998
1995,6,46.0,28.164781906300483,339.99999999999994,279.00000000000006
1995,6,47.0,27.478980726943476,4028.0000000000005,3702.9999999999995
1995,6,48.0,27.228740336516598,3349.0,3248.0
1995,6,49.0,25.18579818473038,1004.9999999999999,868.0000000000001
1995,6,50.0,27.446096019135485,2950.0,2903.0
1995,6,51.0,25.58514492753623,285.0,267.0
1995,6,52.0,26.0,1.0,1.0
1995,6,53.0,28.666666666666668,3.0,0.0
1995,6,54.0,11.0,1.0,0.0
1995,6,55.0,24.818181818181817,3.0,8.0
1995,6,56.0,25.0,1.0,0.0
1995,6,57.0,27.123222748815166,104.99999999999999,106.00000000000001
1995,6,59.0,30.54,28.000000000000004,21.999999999999996
1995,7,1.0,25.109591679506934,2627.0,2565.0
1995,7,2.0,27.196987253765933,420.0,443.0
1995,7,3.0,26.12911746426352,3272.0000000000005,3163.9999999999995
1995,7,4.0,24.882527147087856,1550.0,1489.0
1995,7,5.0,27.159616469261138,24427.0,23444.0
1995,7,6.0,27.408141962421713,2405.0,2385.0
1995,7,7.0,28.730098559514783,2028.0000000000002,1928.9999999999998
1995,7,8.0,27.08793686583991,466.0000000000001,420.9999999999999
1995,7,9.0,26.807317073170733,425.0,395.0
1995,7,10.0,26.81652757733576,8154.0,7783.0
1995,7,11.0,26.05449647741401,4872.0,4780.0
1995,7,12.0,27.102079395085067,805.9999999999998,781.0000000000002
1995,7,13.0,26.19730392156863,847.0000000000001,784.9999999999999
1995,7,14.0,27.007168239186374,8288.999999999998,8033.000000000002
1995,7,15.0,26.056037450089494,3704.9999999999995,3558.0000000000005
1995,7,16.0,26.745625,1675.9999999999998,1524.0000000000002
1995,7,17.0,26.365284178187405,1701.9999999999998,1553.0000000000002
1995,7,18.0,25.559606986899563,2399.9999999999995,2180.0000000000005
1995,7,19.0,25.527844209087803,2995.0,2859.0
1995,7,20.0,26.869135802469135,595.0000000000001,619.9999999999999
1995,7,21.0,27.94921630094044,3231.0,3149.0
1995,7,22.0,28.970421393841168,3774.000000000001,3629.999999999999
1995,7,23.0,26.91104868913858,6056.000000000001,5691.999999999999
1995,7,24.0,27.85296255906943,2809.0000000000005,2692.9999999999995
1995,7,25.0,24.52127955493741,1853.0000000000002,1741.9999999999998
1995,7,26.0,26.313777089783283,3269.0,3191.0
1995,7,27.0,26.69090909090909,520.0,469.99999999999994
1995,7,28.0,27.07375815353738,976.9999999999999,1016.0000000000001
1995,7,29.0,26.207630878438334,1104.9999999999998,1149.0000000000002
1995,7,30.0,28.337404580152672,696.9999999999999,613.0000000000001
1995,7,31.0,28.75064686152372,5324.000000000001,5110.999999999999
1995,7,32.0,25.66779374471682,1172.9999999999998,1193.0000000000002
1995,7,33.0,28.083078069376604,12188.0,11970.0
1995,7,34.0,26.027224659691754,4589.0,4300.0
1995,7,35.0,26.790568654646325,378.0,343.0
1995,7,36.0,26.46105247510034,6983.999999999998,6470.000000000002
1995,7,37.0,25.26002029426687,1990.0,1952.0
1995,7,38.0,26.704533042053523,1888.0000000000005,1773.9999999999995
1995,7,39.0,27.496934328137698,6971.0,6566.0
1995,7,40.0,27.766497461928935,603.9999999999999,578.0000000000001
1995,7,41.0,25.657443402698377,2275.0,2098.0
1995,7,42.0,26.854444444444443,473.99999999999994,426.00000000000006
1995,7,43.0,25.582757537688444,3256.9999999999995,3111.0000000000005
1995,7,44.0,25.764354024141266,14383.000000000004,13535.999999999996
1995,7,45.0,26.29457134381489,1705.0,1666.0
1995,7,46.0,27.975922953451043,305.0,318.0
1995,7,47.0,27.247594050743658,4119.0,3882.0000000000005
1995,7,48.0,27.256383610451305,3427.0,3309.0
1995,7,49.0,25.21745948771563,1004.0,909.0
1995,7,50.0,27.30732044198895,2944.0,2848.0
1995,7,51.0,25.88950276243094,270.00000000000006,272.99999999999994
1995,7,52.0,26.0,0.0,2.0
1995,7,53.0,36.5,1.0,1.0
1995,7,54.0,17.5,1.0,1.0
1995,7,55.0,27.933333333333334,6.999999999999998,8.000000000000002
1995,7,57.0,27.0990990990991,122.99999999999997,99.00000000000003
1995,7,59.0,29.328125,30.0,34.0
1995,8,1.0,25.22844904515438,2851.9999999999995,2751.0000000000005
1995,8,2.0,26.838638858397367,462.00000000000006,448.99999999999994
1995,8,3.0,26.125931445603577,3355.0,3355.0
1995,8,4.0,24.84927267099969,1657.0000000000002,1573.9999999999998
1995,8,5.0,27.133044442204977,25542.000000000004,24072.999999999996
1995,8,6.0,27.301756587202007,2501.9999999999995,2280.0000000000005
1995,8,7.0,28.80721724388472,2124.0,2005.0
1995,8,8.0,27.058695652173913,478.0,442.0
1995,8,9.0,26.629411764705882,433.99999999999994,416.00000000000006
1995,8,10.0,26.757246376811594,8632.0,8204.0
1995,8,11.0,26.03443865000492,5281.0,4882.0
1995,8,12.0,27.51912225705329,822.0,773.0
1995,8,13.0,25.663145539906104,889.0000000000001,814.9999999999999
1995,8,14.0,27.04759632589765,8560.0,8206.0
1995,8,15.0,26.00321629589922,3780.0000000000005,3681.9999999999995
1995,8,16.0,26.926836766062095,1653.0,1600.0
1995,8,17.0,26.686985675099056,1672.9999999999998,1608.0000000000002
1995,8,18.0,25.343054972723458,2522.0,2244.0
1995,8,19.0,25.21209596801066,3090.0000000000005,2911.9999999999995
1995,8,20.0,27.033546325878593,629.9999999999999,622.0000000000001
1995,8,21.0,27.986995104039167,3334.9999999999995,3201.0000000000005
1995,8,22.0,28.963268675196037,3772.0000000000005,3496.9999999999995
1995,8,23.0,26.749308060052,6081.0,5842.0
1995,8,24.0,27.934649659269613,2857.9999999999995,2865.0000000000005
1995,8,25.0,24.584340514976354,1975.9999999999995,1830.0000000000005
1995,8,26.0,26.361659157992854,3300.0,3137.0
1995,8,27.0,26.70317297850563,496.00000000000006,480.99999999999994
1995,8,28.0,27.1591796875,1063.0,985.0
1995,8,29.0,26.577551922227133,1156.9999999999998,1106.0000000000002
1995,8,30.0,28.114951164537942,697.9999999999999,633.0000000000001
1995,8,31.0,28.730230723723132,5166.0,4976.0
1995,8,32.0,25.805136567468406,1251.0,1202.0
1995,8,33.0,28.18024110555719,12221.0,11586.0
1995,8,34.0,26.080668205297286,4643.0,4456.0
1995,8,35.0,26.891632373113854,366.99999999999994,362.00000000000006
1995,8,36.0,26.547484028425814,7101.000000000002,6829.999999999998
1995,8,37.0,25.170382937469704,2126.0000000000005,1999.9999999999995
1995,8,38.0,26.75810669456067,1961.0000000000002,1862.9999999999998
1995,8,39.0,27.62631850704433,6993.0,6564.0
1995,8,40.0,27.863232682060392,593.9999999999999,532.0000000000001
1995,8,41.0,25.54012545965823,2356.0,2267.0
1995,8,42.0,26.68972533062055,474.00000000000006,508.99999999999994
1995,8,43.0,25.620529702229536,3428.0000000000005,3254.9999999999995
1995,8,44.0,25.841479835723423,15168.000000000004,14537.999999999996
1995,8,45.0,26.231872294372295,1820.0,1876.0
1995,8,46.0,27.5414551607445,307.99999999999994,283.00000000000006
1995,8,47.0,27.30587656749447,4209.000000000001,3924.9999999999995
1995,8,48.0,27.21692439862543,3530.0,3454.0
1995,8,49.0,25.06414899120538,1014.0000000000001,918.9999999999999
1995,8,50.0,27.440732034922767,3023.0,2933.0
1995,8,51.0,26.068627450980394,288.0,222.0
1995,8,52.0,24.0,0.0,1.0
1995,8,55.0,26.727272727272727,6.0,5.0
1995,8,57.0,27.09502262443439,113.99999999999999,107.00000000000001
1995,8,59.0,29.615384615384617,29.0,23.0
1995,9,1.0,25.22699271980586,2732.0,2625.0
1995,9,2.0,27.063053097345133,478.99999999999994,425.00000000000006
1995,9,3.0,26.098682240191675,3455.0000000000005,3222.9999999999995
1995,9,4.0,24.92167101827676,1536.0000000000002,1527.9999999999998
1995,9,5.0,27.207584995349798,24824.000000000004,23560.999999999996
1995,9,6.0,27.1582210818901,2474.0,2203.0
1995,9,7.0,28.845070422535212,1957.9999999999998,1876.0000000000002
1995,9,8.0,26.843822843822842,457.0,401.0
1995,9,9.0,27.118251928020566,410.0,368.0
1995,9,10.0,26.75157176216993,8511.000000000002,8189.999999999999
1995,9,11.0,25.956446700507612,5103.0,4747.0
1995,9,12.0,27.46654158849281,824.9999999999999,774.0000000000001
1995,9,13.0,26.137822529893015,831.0,758.0
1995,9,14.0,27.073219161082154,8230.0,7886.000000000001
1995,9,15.0,26.03209943996722,3724.9999999999995,3596.0000000000005
1995,9,16.0,26.697574455019957,1641.0,1616.0
1995,9,17.0,26.60012634238787,1646.0,1520.0
1995,9,18.0,25.394565217391303,2322.0,2278.0
1995,9,19.0,25.422979584950227,2989.9999999999995,2937.0000000000005
1995,9,20.0,27.038655462184874,614.9999999999999,575.0000000000001
1995,9,21.0,28.127310388782664,3286.0,2990.0
1995,9,22.0,28.989964664310953,3652.0000000000005,3422.9999999999995
1995,9,23.0,26.925909841049247,5882.0,5631.0
1995,9,24.0,27.919799032378116,2752.0000000000005,2621.9999999999995
1995,9,25.0,24.480978260869566,1899.9999999999998,1780.0000000000002
1995,9,26.0,26.48317801295214,3212.0,3119.0
1995,9,27.0,26.30668016194332,497.99999999999994,490.00000000000006
1995,9,28.0,27.089147286821706,1086.0,977.9999999999999
1995,9,29.0,26.499309074159374,1111.0,1060.0
1995,9,30.0,28.184271395528143,671.0,626.0
1995,9,31.0,28.782799877288067,5000.000000000001,4778.999999999999
1995,9,32.0,25.64264889629321,1208.0000000000002,1192.9999999999998
1995,9,33.0,28.12460147617592,11626.999999999998,11270.000000000002
1995,9,34.0,26.073497424155697,4425.0,4310.0
1995,9,35.0,26.735334242837652,363.0,370.0
1995,9,36.0,26.596945752925087,6726.000000000001,6435.999999999999
1995,9,37.0,25.4170892494929,2027.0000000000005,1916.9999999999995
1995,9,38.0,26.769332979006112,1962.0000000000002,1800.9999999999998
1995,9,39.0,27.562160905286003,6648.0,6254.0
1995,9,40.0,27.682142857142857,572.0,548.0
1995,9,41.0,25.93463017416874,2183.0,2238.0
1995,9,42.0,26.385106382978723,486.0,454.0
1995,9,43.0,25.823218997361476,3352.9999999999995,3090.0000000000005
1995,9,44.0,25.926605826605826,14566.999999999998,13923.000000000002
1995,9,45.0,26.2813630880579,1704.0000000000002,1611.9999999999998
1995,9,46.0,28.376068376068375,287.0,298.0
1995,9,47.0,27.203747363196428,4166.999999999999,3892.000000000001
1995,9,48.0,27.283726557773743,3333.0,3279.0
1995,9,49.0,25.326699834162522,903.9999999999999,905.0000000000001
1995,9,50.0,27.37941125839215,2972.0,2837.0
1995,9,51.0,25.715808170515096,273.00000000000006,289.99999999999994
1995,9,52.0,27.5,1.0,3.0
1995,9,53.0,21.0,1.0,0.0
1995,9,54.0,25.0,0.0,2.0
1995,9,55.0,31.75,2.0,2.0
1995,9,57.0,27.421296296296298,103.99999999999999,112.00000000000001
1995,9,59.0,29.896103896103895,37.00000000000001,39.99999999999999
1995,10,1.0,25.272942569567793,2506.0000000000005,2560.9999999999995
1995,10,2.0,26.814593301435405,411.0,425.0
1995,10,3.0,26.05601136005049,3255.9999999999995,3082.0000000000005
1995,10,4.0,24.832622251394813,1569.0000000000002,1477.9999999999998
1995,10,5.0,27.185931558935362,24307.000000000004,23032.999999999996
1995,10,6.0,27.1714033928178,2326.0000000000005,2212.9999999999995
1995,10,7.0,28.74312431243124,1842.9999999999998,1793.0000000000002
1995,10,8.0,27.011820330969268,419.0,427.0
1995,10,9.0,26.55584082156611,361.0,418.0
1995,10,10.0,26.90467647410597,8408.0,8314.0
1995,10,11.0,26.05220925385577,4878.000000000001,4717.999999999999
1995,10,12.0,27.662077596996244,798.0000000000001,799.9999999999999
1995,10,13.0,26.110358835477317,772.0000000000001,704.9999999999999
1995,10,14.0,27.074682647077775,7932.999999999999,7586.000000000001
1995,10,15.0,26.1352983465133,3503.0,3452.0
1995,10,16.0,26.882832898172325,1548.0,1516.0
1995,10,17.0,26.75634844101575,1586.0,1525.0
1995,10,18.0,25.588856436755787,2327.0000000000005,2123.9999999999995
1995,10,19.0,25.45387193508555,2873.9999999999995,2795.0000000000005
1995,10,20.0,27.031774051191526,632.9999999999999,500.0000000000001
1995,10,21.0,28.146419009370817,3066.9999999999995,2909.0000000000005
1995,10,22.0,28.938449962377728,3355.0000000000005,3289.9999999999995
1995,10,23.0,26.97187922487607,5655.0,5440.0
1995,10,24.0,28.026676829268293,2683.0,2565.0
1995,10,25.0,24.568441064638783,1875.0000000000002,1806.9999999999998
1995,10,26.0,26.33124799486686,3185.0000000000005,3048.9999999999995
1995,10,27.0,26.83769063180828,453.0,465.0
1995,10,28.0,27.193069306930692,1025.0,995.0
1995,10,29.0,26.386913229018493,1068.0000000000002,1040.9999999999998
1995,10,30.0,28.204673650282032,639.0000000000001,601.9999999999999
1995,10,31.0,28.944818016864126,4782.999999999999,4586.000000000001
1995,10,32.0,25.761736049601417,1128.0,1130.0
1995,10,33.0,28.230173139086922,11540.0,11043.0
1995,10,34.0,26.19448946515397,4439.999999999999,4198.000000000001
1995,10,35.0,26.783185840707965,325.0,353.0
1995,10,36.0,26.631053690236733,6591.0,6335.0
1995,10,37.0,25.430580414216312,2052.0,1859.0
1995,10,38.0,26.699599083619702,1796.9999999999998,1695.0000000000002
1995,10,39.0,27.665321942730582,6352.000000000002,6289.999999999998
1995,10,40.0,27.70232558139535,530.0000000000001,544.9999999999999
1995,10,41.0,25.864131694875958,2183.9999999999995,2129.0000000000005
1995,10,42.0,26.742724097788127,433.99999999999994,425.00000000000006
1995,10,43.0,25.751210849208913,3161.0000000000005,3032.9999999999995
1995,10,44.0,25.914881014598794,14637.000000000002,14063.999999999998
1995,10,45.0,26.25226067976302,1594.0,1613.0
1995,10,46.0,28.456521739130434,267.00000000000006,238.99999999999997
1995,10,47.0,27.390948107686306,3885.999999999999,3803.000000000001
1995,10,48.0,27.26777175645521,3132.9999999999995,3141.0000000000005
1995,10,49.0,25.365937859608746,893.0,845.0
1995,10,50.0,27.430972172027467,2887.0000000000005,2646.9999999999995
1995,10,51.0,25.797752808988765,262.00000000000006,271.99999999999994
1995,10,52.0,20.0,0.0,1.0
1995,10,53.0,40.0,0.0,1.0
1995,10,55.0,27.272727272727273,6.0,5.0
1995,10,57.0,27.683257918552037,126.99999999999999,94.00000000000001
1995,10,59.0,30.584615384615386,31.000000000000007,33.99999999999999
1995,11,1.0,25.28553820870994,2454.0000000000005,2413.9999999999995
1995,11,2.0,27.25099075297226,384.0,373.0
1995,11,3.0,26.19212232009307,3086.0000000000005,2930.9999999999995
1995,11,4.0,24.734931734931735,1536.0,1467.0
1995,11,5.0,27.23341833856153,22713.999999999996,21597.000000000004
1995,11,6.0,27.11975223675155,2263.0,2096.0
1995,11,7.0,28.76759941089838,1765.9999999999998,1629.0000000000002
1995,11,8.0,26.930261519302615,400.0,403.0
1995,11,9.0,26.6,359.0,361.0
1995,11,10.0,26.897602114670526,8079.0,7810.0
1995,11,11.0,26.154563405002193,4686.999999999999,4429.000000000001
1995,11,12.0,27.79560585885486,739.9999999999999,762.0000000000001
1995,11,13.0,26.011740331491712,743.9999999999999,704.0000000000001
1995,11,14.0,27.13290349417637,7358.0,7066.0
1995,11,15.0,26.113464213943423,3340.0,3129.0
1995,11,16.0,26.89166952348303,1506.0,1411.0
1995,11,17.0,26.697635135135137,1481.9999999999998,1478.0000000000002
1995,11,18.0,25.61590524534687,2104.0,2033.0
1995,11,19.0,25.384953322350356,2777.0,2686.0
1995,11,20.0,27.141074856046064,560.0,481.99999999999994
1995,11,21.0,28.234987414599065,2907.9999999999995,2654.0000000000005
1995,11,22.0,29.089681168525207,3275.0000000000005,3091.9999999999995
1995,11,23.0,27.03291613284715,5241.0,4906.0
1995,11,24.0,28.011484988917992,2510.0,2453.0
1995,11,25.0,24.78863703267589,1658.0,1739.0
1995,11,26.0,26.438454935622318,2902.0000000000005,2922.9999999999995
1995,11,27.0,27.163898117386488,461.00000000000006,441.99999999999994
1995,11,28.0,27.108166576527854,941.9999999999999,907.0000000000001
1995,11,29.0,26.78273958855996,1017.9999999999998,975.0000000000002
1995,11,30.0,28.360594795539033,531.9999999999999,544.0000000000001
1995,11,31.0,28.729108866940408,4635.999999999999,4375.000000000001
1995,11,32.0,25.792505854800936,1103.0,1032.0
1995,11,33.0,28.17704918032787,10940.0,10410.0
1995,11,34.0,26.15664267414908,4129.0,4067.9999999999995
1995,11,35.0,26.75400291120815,364.00000000000006,322.99999999999994
1995,11,36.0,26.615695326024234,6145.0,5986.0
1995,11,37.0,25.356686201385187,1953.0,1801.0
1995,11,38.0,26.73117960877297,1724.9999999999998,1649.0000000000002
1995,11,39.0,27.660398324643133,5967.0,5732.0
1995,11,40.0,27.774841437632134,466.0,480.0
1995,11,41.0,25.843772326744464,2179.0,2020.0
1995,11,42.0,26.68244084682441,399.0,404.0
1995,11,43.0,25.706917796162646,2915.0,2766.0
1995,11,44.0,25.916666666666668,13828.999999999998,13039.000000000002
1995,11,45.0,26.29435215946844,1564.9999999999998,1445.0000000000002
1995,11,46.0,27.958878504672896,301.00000000000006,233.99999999999994
1995,11,47.0,27.422548750343314,3721.0000000000005,3560.9999999999995
1995,11,48.0,27.302710843373493,3028.0000000000005,2947.9999999999995
1995,11,49.0,25.105600933488915,876.9999999999999,837.0000000000001
1995,11,50.0,27.432110438729197,2737.0000000000005,2550.9999999999995
1995,11,51.0,26.22222222222222,249.99999999999997,245.00000000000003
1995,11,52.0,25.5,1.0,1.0
1995,11,53.0,37.0,0.0,1.0
1995,11,54.0,24.5,1.0,1.0
1995,11,55.0,31.88888888888889,2.000000000000001,6.999999999999999
1995,11,57.0,26.90295358649789,124.00000000000001,112.99999999999999
1995,11,59.0,28.758064516129032,37.99999999999999,24.000000000000007
1995,12,1.0,25.175301204819277,2549.9999999999995,2430.0000000000005
1995,12,2.0,27.191895113230036,444.99999999999994,394.00000000000006
1995,12,3.0,26.149886326729458,3128.0000000000005,3029.9999999999995
1995,12,4.0,24.94679802955665,1564.9999999999998,1480.0000000000002
1995,12,5.0,27.16004973999548,22539.000000000004,21690.999999999996
1995,12,6.0,27.228480581421756,2247.0000000000005,2155.9999999999995
1995,12,7.0,28.597857556456283,1756.9999999999998,1697.0000000000002
1995,12,8.0,26.830011723329427,440.99999999999994,412.00000000000006
1995,12,9.0,26.90560471976401,328.99999999999994,349.00000000000006
1995,12,10.0,26.795386158475427,8113.0,7839.0
1995,12,11.0,25.99935815147625,4650.999999999999,4697.000000000001
1995,12,12.0,27.314680710994075,760.0000000000001,758.9999999999999
1995,12,13.0,26.01123595505618,727.0000000000001,696.9999999999999
1995,12,14.0,27.044483151336504,7633.000000000001,7293.999999999999
1995,12,15.0,25.910356180784195,3449.9999999999995,3232.0000000000005
1995,12,16.0,26.86013027082619,1468.0000000000002,1448.9999999999998
1995,12,17.0,26.415175612988733,1510.0000000000002,1507.9999999999998
1995,12,18.0,25.482942172755866,2130.9999999999995,2002.0000000000005
1995,12,19.0,25.438315318673126,2717.0000000000005,2648.9999999999995
1995,12,20.0,26.96641791044776,531.9999999999999,540.0000000000001
1995,12,21.0,27.954213091922007,2968.9999999999995,2775.0000000000005
1995,12,22.0,29.053038852168307,3170.0,3033.0
1995,12,23.0,26.874114647275473,5390.0,5199.0
1995,12,24.0,28.087296685196623,2466.0000000000005,2390.9999999999995
1995,12,25.0,24.601256783776066,1781.0000000000002,1719.9999999999998
1995,12,26.0,26.221277305319326,3087.0,2910.0
1995,12,27.0,26.60308056872038,445.0,399.0
1995,12,28.0,27.191693290734825,970.0,908.0
1995,12,29.0,26.594237128011336,1094.9999999999998,1022.0000000000001
1995,12,30.0,28.333637192342753,536.0,561.0
1995,12,31.0,28.797141900189796,4569.0,4388.0
1995,12,32.0,25.608951175406872,1127.9999999999998,1084.0000000000002
1995,12,33.0,28.109887057952232,11166.0,10438.0
1995,12,34.0,26.06342095956619,4389.000000000001,4093.999999999999
1995,12,35.0,26.909581646423753,355.0,386.0
1995,12,36.0,26.490806570237805,6290.000000000001,5946.999999999999
1995,12,37.0,25.27615405626878,1916.0000000000005,1744.9999999999995
1995,12,38.0,26.66541570438799,1726.0000000000005,1737.9999999999995
1995,12,39.0,27.54399865138233,6131.999999999999,5732.000000000001
1995,12,40.0,27.940298507462686,548.0,457.0
1995,12,41.0,25.810741088180112,2204.0,2060.0
1995,12,42.0,26.670731707317074,413.0,407.0
1995,12,43.0,25.62387761888926,3084.0,2930.0
1995,12,44.0,25.812693043094573,13901.000000000002,13294.999999999998
1995,12,45.0,25.945506692160613,1634.0000000000002,1503.9999999999998
1995,12,46.0,27.591796875,258.0,254.0
1995,12,47.0,27.313278558176517,3818.0000000000005,3727.9999999999995
1995,12,48.0,27.0345683096262,3136.0,2910.0
1995,12,49.0,25.338983050847457,823.0000000000001,828.9999999999999
1995,12,50.0,27.216581099068264,2632.0000000000005,2626.9999999999995
1995,12,51.0,25.836170212765957,246.0,224.0
1995,12,52.0,30.0,2.0,0.0
1995,12,53.0,30.714285714285715,2.000000000000001,4.999999999999999
1995,12,55.0,28.176470588235293,10.999999999999998,6.000000000000002
1995,12,57.0,27.15311004784689,116.0,93.0
1995,12,59.0,29.88235294117647,35.0,16.0
1996,1,1.0,25.300080289040547,2531.9999999999995,2450.0000000000005
1996,1,2.0,26.677027027027027,386.0,354.0
1996,1,3.0,26.21932786621643,3230.0,2989.0
1996,1,4.0,24.611857189649523,1542.0,1511.0
1996,1,5.0,27.145373649323528,22621.000000000004,21430.999999999996
1996,1,6.0,27.1625,2135.0000000000005,2104.9999999999995
1996,1,7.0,28.89605734767025,1866.0,1761.0
1996,1,8.0,26.76421800947867,419.99999999999994,424.00000000000006
1996,1,9.0,26.821428571428573,370.0,358.0
1996,1,10.0,26.775633528265107,7931.999999999999,7458.000000000001
1996,1,11.0,26.04783500701868,4732.000000000001,4528.999999999999
1996,1,12.0,27.48481091134532,855.0000000000001,757.9999999999999
1996,1,13.0,26.209187279151944,706.9999999999999,708.0000000000001
1996,1,14.0,26.959407347270144,7546.999999999998,7234.000000000002
1996,1,15.0,26.04319526627219,3377.0000000000005,3382.9999999999995
1996,1,16.0,26.915558749550843,1408.0,1375.0
1996,1,17.0,26.525095188646592,1504.0,1385.0
1996,1,18.0,25.237434614509894,2241.0,2156.0
1996,1,19.0,25.26924514200299,2730.0000000000005,2621.9999999999995
1996,1,20.0,27.25996376811594,540.9999999999999,563.0000000000001
1996,1,21.0,27.93932384341637,2849.0,2771.0
1996,1,22.0,28.97383535417996,3219.0,3049.0
1996,1,23.0,26.695562435500516,5430.0,5229.0
1996,1,24.0,27.92750101255569,2521.0000000000005,2416.9999999999995
1996,1,25.0,24.646040306556912,1808.0000000000005,1714.9999999999995
1996,1,26.0,26.1640520694259,3077.0,2915.0
1996,1,27.0,26.529345372460497,476.0,410.0
1996,1,28.0,26.756150902132312,944.9999999999998,884.0000000000002
1996,1,29.0,26.499029126213593,1094.0000000000002,965.9999999999999
1996,1,30.0,28.29491833030853,559.0,543.0
1996,1,31.0,28.723761090673015,4726.000000000001,4515.999999999999
1996,1,32.0,25.60137299771167,1134.0,1051.0
1996,1,33.0,28.04609042060404,11027.0,10561.0
1996,1,34.0,25.97554957379991,4528.000000000001,4387.999999999999
1996,1,35.0,26.885630498533725,360.0,322.0
1996,1,36.0,26.423147837747234,6079.0,5853.0
1996,1,37.0,25.036667565381503,1903.0,1806.0
1996,1,38.0,26.529747596153847,1701.0000000000002,1626.9999999999998
1996,1,39.0,27.491988376919885,6124.0,5921.0
1996,1,40.0,27.7265625,506.0,518.0
1996,1,41.0,25.809435707678077,2227.0000000000005,2096.9999999999995
1996,1,42.0,26.7459324155194,388.0,411.0
1996,1,43.0,25.68899443170652,3151.0,2955.0
1996,1,44.0,25.876736502215213,13636.0,12998.0
1996,1,45.0,26.108682073703935,1650.0,1552.0
1996,1,46.0,27.38403041825095,254.0,272.0
1996,1,47.0,27.225350233488992,3860.0,3635.0
1996,1,48.0,27.10069329811819,3159.0,2899.0
1996,1,49.0,25.399280575539567,866.0000000000002,801.9999999999998
1996,1,50.0,27.21455938697318,2675.0,2545.0
1996,1,51.0,25.61866125760649,256.0,237.0
1996,1,53.0,34.0,1.0,1.0
1996,1,54.0,33.5,2.0,0.0
1996,1,55.0,29.77777777777778,2.999999999999999,6.000000000000001
1996,1,57.0,27.544186046511626,97.99999999999999,117.00000000000001
1996,1,59.0,30.733333333333334,38.99999999999999,21.000000000000007
1996,2,1.0,25.28922495274102,2486.0,2275.0
1996,2,2.0,26.675224646983313,399.0,380.0
1996,2,3.0,26.267311345190812,2963.9999999999995,2827.0000000000005
1996,2,4.0,24.703136136849608,1427.9999999999998,1378.0000000000002
1996,2,5.0,27.251300954032956,21262.999999999996,20245.000000000004
1996,2,6.0,27.301605771468466,2236.0000000000005,2060.9999999999995
1996,2,7.0,28.732288037166086,1765.0000000000002,1678.9999999999998
1996,2,8.0,26.902439024390244,417.0,403.0
1996,2,9.0,26.501466275659823,333.0,349.0
1996,2,10.0,26.934676811296182,7447.0,7142.0
1996,2,11.0,26.20407254923779,4560.0,4427.0
1996,2,12.0,27.339882121807467,779.0,748.0
1996,2,13.0,26.21585279547063,676.0,737.0
1996,2,14.0,26.918528252299605,7438.000000000001,7020.999999999999
1996,2,15.0,25.998956158663884,3454.0,3252.0
1996,2,16.0,26.849075975359344,1491.0000000000002,1430.9999999999998
1996,2,17.0,26.558533145275035,1494.9999999999998,1341.0000000000002
1996,2,18.0,25.555501222493888,2150.9999999999995,1939.0000000000005
1996,2,19.0,25.419402356902356,2380.0,2372.0
1996,2,20.0,27.32336448598131,542.0000000000001,527.9999999999999
1996,2,21.0,28.01830785638109,2821.0000000000005,2804.9999999999995
1996,2,22.0,28.929973821989527,3198.0000000000005,2913.9999999999995
1996,2,23.0,26.8384630089849,5334.0,5128.0
1996,2,24.0,28.127075220332035,2566.9999999999995,2312.0000000000005
1996,2,25.0,24.602409638554217,1494.9999999999998,1576.0000000000002
1996,2,26.0,26.310193024043347,2951.0000000000005,2954.9999999999995
1996,2,27.0,26.53325554259043,470.99999999999994,386.00000000000006
1996,2,28.0,27.024485253199778,923.0000000000001,873.9999999999999
1996,2,29.0,26.52199703410776,1027.9999999999998,995.0000000000001
1996,2,30.0,27.828125,575.9999999999999,512.0000000000001
1996,2,31.0,28.77533878373838,4552.0,4377.0
1996,2,32.0,25.683968764354617,1077.9999999999998,1099.0000000000002
1996,2,33.0,28.09263726720062,10558.0,10168.0
1996,2,34.0,26.110160166279496,4193.0,3986.0
1996,2,35.0,26.828869047619047,337.00000000000006,334.99999999999994
1996,2,36.0,26.494461894528023,6285.000000000001,5812.999999999999
1996,2,37.0,25.351899457297915,1774.0000000000002,1726.9999999999998
1996,2,38.0,26.711373707533234,1708.0,1677.0
1996,2,39.0,27.53621960518512,6097.000000000001,5705.999999999999
1996,2,40.0,27.940573770491802,480.0000000000001,495.9999999999999
1996,2,41.0,25.828486939379005,2032.0,2026.0
1996,2,42.0,26.451162790697673,445.99999999999994,414.00000000000006
1996,2,43.0,25.616377785638488,2906.9999999999995,2747.0000000000005
1996,2,44.0,25.877893121137458,12658.999999999998,12098.000000000002
1996,2,45.0,26.306017925736235,1646.0000000000002,1477.9999999999998
1996,2,46.0,27.862212943632567,243.99999999999997,235.00000000000003
1996,2,47.0,27.34663271080928,3669.9999999999995,3398.0000000000005
1996,2,48.0,27.260611205432937,3040.0,2850.0
1996,2,49.0,25.27532628962088,816.0000000000001,792.9999999999999
1996,2,50.0,27.487689393939394,2717.0000000000005,2562.9999999999995
1996,2,51.0,26.15481171548117,237.00000000000003,240.99999999999997
1996,2,52.0,26.0,1.0,1.0
1996,2,53.0,24.0,0.0,1.0
1996,2,55.0,29.428571428571427,2.000000000000001,4.999999999999999
1996,2,57.0,26.497237569060772,105.0,76.0
1996,2,59.0,29.661538461538463,31.000000000000007,33.99999999999999
1996,3,1.0,25.401516704242674,2477.0,2402.0
1996,3,2.0,27.340961098398168,422.0000000000001,451.9999999999999
1996,3,3.0,26.2015047432123,3064.0,3050.0
1996,3,4.0,24.86008230452675,1489.0,1427.0
1996,3,5.0,27.25299618363202,22912.000000000004,21894.999999999996
1996,3,6.0,27.232274353040186,2422.0,2331.0
1996,3,7.0,28.734357848518112,1907.9999999999998,1736.0000000000002
1996,3,8.0,27.18909512761021,419.9999999999999,442.0000000000001
1996,3,9.0,26.777150916784205,378.00000000000006,330.99999999999994
1996,3,10.0,26.85286733615222,7691.0,7445.0
1996,3,11.0,26.249836921069797,4648.0,4550.0
1996,3,12.0,27.32335718932986,778.9999999999999,758.0000000000001
1996,3,13.0,25.86711409395973,790.0,700.0
1996,3,14.0,27.12539590201021,7903.0,7568.0
1996,3,15.0,26.109681029658645,3695.999999999999,3452.000000000001
1996,3,16.0,26.94631083202512,1658.9999999999998,1526.0000000000002
1996,3,17.0,26.694317439581972,1580.0,1482.0
1996,3,18.0,25.55153458543289,2286.9999999999995,2079.0000000000005
1996,3,19.0,25.438440756464686,2632.9999999999995,2549.0000000000005
1996,3,20.0,26.88362068965517,595.0000000000001,564.9999999999999
1996,3,21.0,28.01877619446773,3003.0,2962.0
1996,3,22.0,29.040728831725616,3386.0000000000005,3144.9999999999995
1996,3,23.0,26.92531556802244,5828.000000000001,5579.999999999999
1996,3,24.0,27.96181253425909,2846.0,2627.0
1996,3,25.0,24.648456790123458,1669.0000000000002,1570.9999999999998
1996,3,26.0,26.582101806239738,3091.0000000000005,2998.9999999999995
1996,3,27.0,26.92167381974249,450.99999999999994,481.00000000000006
1996,3,28.0,27.09627659574468,972.9999999999999,907.0000000000001
1996,3,29.0,26.76104513064133,1085.9999999999998,1019.0000000000002
1996,3,30.0,28.5,635.0000000000001,582.9999999999999
1996,3,31.0,28.897586568730325,4789.0,4741.0
1996,3,32.0,25.825591586327782,1162.9999999999998,1119.0000000000002
1996,3,33.0,28.213057799034427,11502.000000000002,10660.999999999998
1996,3,34.0,26.161532056619485,4331.000000000001,4075.9999999999995
1996,3,35.0,26.915902140672785,344.00000000000006,309.99999999999994
1996,3,36.0,26.631876208897484,6570.000000000002,6354.999999999998
1996,3,37.0,25.447143619861187,1895.9999999999998,1850.0000000000002
1996,3,38.0,26.53012379642366,1913.0000000000002,1721.9999999999998
1996,3,39.0,27.583922471999365,6406.999999999999,6182.000000000001
1996,3,40.0,28.017543859649123,563.9999999999999,519.0000000000001
1996,3,41.0,26.000975371860523,2112.0,1989.0
1996,3,42.0,26.62575210589651,407.0,424.0
1996,3,43.0,25.71575846833579,3163.9999999999995,2947.0000000000005
1996,3,44.0,25.860857868778957,13641.000000000004,13122.999999999996
1996,3,45.0,26.296327683615818,1833.0,1707.0
1996,3,46.0,27.51215277777778,299.99999999999994,276.00000000000006
1996,3,47.0,27.41044776119403,3929.9999999999995,3708.0000000000005
1996,3,48.0,27.121607115473086,3400.0000000000005,3120.9999999999995
1996,3,49.0,25.225770925110133,930.9999999999998,885.0000000000002
1996,3,50.0,27.385425660507686,2983.0,2808.0
1996,3,51.0,26.01473296500921,285.00000000000006,257.99999999999994
1996,3,52.0,21.0,0.0,1.0
1996,3,53.0,39.0,0.0,1.0
1996,3,54.0,21.0,0.0,1.0
1996,3,55.0,30.333333333333332,1.0000000000000004,5.0
1996,3,57.0,27.546341463414635,97.0,108.0
1996,3,59.0,30.76923076923077,26.999999999999996,25.000000000000004
1996,4,1.0,25.495074946466808,2354.0,2316.0
1996,4,2.0,27.093541202672604,495.99999999999994,402.00000000000006
1996,4,3.0,26.153040192373755,3019.0000000000005,2802.9999999999995
1996,4,4.0,24.936629526462397,1478.0,1394.0
1996,4,5.0,27.334564509799396,22055.000000000004,21263.999999999996
1996,4,6.0,27.470152505446624,2339.0,2251.0
1996,4,7.0,28.928571428571427,1906.9999999999998,1831.0000000000002
1996,4,8.0,26.901060070671377,426.0,423.0
1996,4,9.0,26.378125,334.00000000000006,305.99999999999994
1996,4,10.0,26.877644214626283,7692.0,7199.0
1996,4,11.0,26.15926862925483,4479.999999999999,4216.000000000001
1996,4,12.0,27.693062368605467,721.9999999999999,705.0000000000001
1996,4,13.0,26.181875,819.0000000000001,780.9999999999999
1996,4,14.0,27.19293820933165,7225.999999999999,7048.000000000001
1996,4,15.0,26.207749133122267,3297.0000000000005,3335.9999999999995
1996,4,16.0,27.054295532646048,1509.9999999999998,1400.0000000000002
1996,4,17.0,26.72813559322034,1544.0,1406.0
1996,4,18.0,25.501649387370406,2148.9999999999995,2095.0000000000005
1996,4,19.0,25.492563950029744,2611.9999999999995,2431.0000000000005
1996,4,20.0,27.244274809160306,614.0000000000001,564.9999999999999
1996,4,21.0,28.120600414078677,2919.9999999999995,2876.0000000000005
1996,4,22.0,29.182523113629586,3376.0000000000005,3329.9999999999995
1996,4,23.0,27.032885174418606,5715.000000000001,5292.999999999999
1996,4,24.0,28.149632975719932,2746.0,2567.0
1996,4,25.0,24.81743690593248,1598.0,1453.0
1996,4,26.0,26.609393887066137,3014.9999999999995,2776.0000000000005
1996,4,27.0,26.93551912568306,463.00000000000006,451.99999999999994
1996,4,28.0,27.09146653040368,964.0000000000002,992.9999999999998
1996,4,29.0,26.568646080760097,1084.9999999999998,1020.0000000000001
1996,4,30.0,28.283034257748778,625.0000000000001,600.9999999999999
1996,4,31.0,29.038428510090167,4696.0,4620.0
1996,4,32.0,25.68022440392707,1078.0,1061.0
1996,4,33.0,28.262714609653386,11004.000000000002,10604.999999999998
1996,4,34.0,26.14120256283884,4161.000000000001,3954.9999999999995
1996,4,35.0,27.409153952843273,365.0,356.0
1996,4,36.0,26.69417875989446,6266.0,5862.0
1996,4,37.0,25.4798927613941,1924.0000000000002,1805.9999999999998
1996,4,38.0,26.79147681586706,1906.9999999999998,1824.0000000000002
1996,4,39.0,27.79393741318735,6294.0,5945.0
1996,4,40.0,27.880622837370243,620.0,536.0
1996,4,41.0,25.9147465437788,2025.9999999999998,1880.0000000000002
1996,4,42.0,26.814302191464822,457.99999999999994,409.00000000000006
1996,4,43.0,25.81557945870923,2970.0,2794.0
1996,4,44.0,25.983200092689145,13315.999999999998,12577.000000000002
1996,4,45.0,26.253086419753085,1878.9999999999998,1685.0000000000002
1996,4,46.0,27.706953642384107,293.99999999999994,310.00000000000006
1996,4,47.0,27.547716743878226,3849.000000000001,3705.999999999999
1996,4,48.0,27.21968528232027,3340.0000000000005,3141.9999999999995
1996,4,49.0,25.52962085308057,860.0000000000001,827.9999999999999
1996,4,50.0,27.44452210379172,2927.0,2796.0
1996,4,51.0,26.219600725952812,291.0,260.0
1996,4,53.0,29.0,0.0,1.0
1996,4,55.0,30.0,1.9999999999999996,3.0000000000000004
1996,4,57.0,27.507537688442213,107.99999999999999,91.00000000000001
1996,4,59.0,30.6125,41.0,39.0
1996,5,1.0,25.61882400979992,2519.9999999999995,2378.0000000000005
1996,5,2.0,27.241770715096482,454.99999999999994,426.00000000000006
1996,5,3.0,26.166993784756297,3164.0,2950.0
1996,5,4.0,24.900990099009903,1522.0000000000002,1406.9999999999998
1996,5,5.0,27.350626039751337,23257.000000000004,22426.999999999996
1996,5,6.0,27.510726072607262,2556.0,2292.0
1996,5,7.0,29.11188630490956,1930.0000000000002,1939.9999999999998
1996,5,8.0,27.284172661870503,412.00000000000006,421.99999999999994
1996,5,9.0,26.62202380952381,322.00000000000006,349.99999999999994
1996,5,10.0,27.12306987699555,7885.000000000001,7398.999999999999
1996,5,11.0,26.396886741814278,4690.999999999999,4624.000000000001
1996,5,12.0,27.26565589980224,792.9999999999999,724.0000000000001
1996,5,13.0,26.07937462417318,838.0000000000001,824.9999999999999
1996,5,14.0,27.3449923674255,7714.999999999999,7352.000000000001
1996,5,15.0,26.272780803768587,3493.0000000000005,3299.9999999999995
1996,5,16.0,26.953712632594023,1624.0,1487.0
1996,5,17.0,26.54968636513701,1499.0,1530.0
1996,5,18.0,25.62063344201211,2239.0,2055.0
1996,5,19.0,25.539819537073363,2556.0000000000005,2541.9999999999995
1996,5,20.0,27.55536912751678,585.0,607.0
1996,5,21.0,28.35941689008043,3046.0,2922.0
1996,5,22.0,29.299971846846848,3636.0,3468.0
1996,5,23.0,27.186874401601532,5944.0,5545.0
1996,5,24.0,28.190254389107846,2822.9999999999995,2759.0000000000005
1996,5,25.0,24.746980292434838,1655.0,1491.0
1996,5,26.0,26.490008123476848,3073.0000000000005,3081.9999999999995
1996,5,27.0,26.811167512690357,499.99999999999994,485.00000000000006
1996,5,28.0,27.440320962888666,1011.9999999999998,982.0000000000002
1996,5,29.0,26.61362617660242,1122.0000000000002,1108.9999999999998
1996,5,30.0,28.511354737666405,653.0,624.0
1996,5,31.0,29.13479239108202,4968.999999999999,4809.000000000001
1996,5,32.0,25.847619047619048,1183.0000000000002,1126.9999999999998
1996,5,33.0,28.34260823184283,11536.0,10962.0
1996,5,34.0,26.345571095571096,4412.999999999999,4167.000000000001
1996,5,35.0,27.011019283746556,348.99999999999994,377.00000000000006
1996,5,36.0,26.8386551918282,6405.000000000001,6027.999999999999
1996,5,37.0,25.61999462510078,1910.0000000000002,1810.9999999999998
1996,5,38.0,26.763257099773814,2062.0,1917.0000000000002
1996,5,39.0,27.793432036541187,6626.0,6072.0
1996,5,40.0,27.81768953068592,559.0000000000001,548.9999999999999
1996,5,41.0,26.118217054263567,2117.0,2011.0000000000002
1996,5,42.0,26.72645739910314,458.00000000000006,433.99999999999994
1996,5,43.0,25.908461157842652,3064.0000000000005,2998.9999999999995
1996,5,44.0,26.060933642552556,13701.000000000002,13032.999999999998
1996,5,45.0,26.290493892724378,1994.0000000000002,1771.9999999999998
1996,5,46.0,27.917218543046356,308.99999999999994,295.00000000000006
1996,5,47.0,27.62886731391586,3949.9999999999995,3775.0000000000005
1996,5,48.0,27.263954997836436,3650.9999999999995,3282.0000000000005
1996,5,49.0,25.358535144713525,873.0,820.0
1996,5,50.0,27.546608695652175,2945.0000000000005,2804.9999999999995
1996,5,51.0,25.932743362831857,273.0,292.0
1996,5,52.0,13.0,1.0,0.0
1996,5,53.0,29.5,2.0,0.0
1996,5,54.0,24.0,1.0,0.0
1996,5,55.0,32.0,3.999999999999999,7.000000000000001
1996,5,57.0,27.54901960784314,110.00000000000001,93.99999999999999
1996,5,59.0,29.513157894736842,35.0,41.0
1996,6,1.0,25.431488107766786,2513.0000000000005,2237.9999999999995
1996,6,2.0,27.017283950617283,429.00000000000006,380.99999999999994
1996,6,3.0,26.141102200989593,2962.9999999999995,2898.0000000000005
1996,6,4.0,24.73298611111111,1437.0000000000002,1442.9999999999998
1996,6,5.0,27.240083365426003,22491.999999999996,21651.000000000004
1996,6,6.0,27.509974533106963,2397.0000000000005,2314.9999999999995
1996,6,7.0,29.04648705758056,1908.0000000000005,1877.9999999999995
1996,6,8.0,26.945255474452555,417.00000000000006,404.99999999999994
1996,6,9.0,26.30077519379845,320.99999999999994,324.00000000000006
1996,6,10.0,26.963137737655586,7575.0,7047.0
1996,6,11.0,26.20716909718357,4563.0,4420.0
1996,6,12.0,27.443472409152086,758.0,728.0
1996,6,13.0,25.869955156950674,800.0,761.0
1996,6,14.0,27.291837933059305,7874.0,7453.0
1996,6,15.0,26.15647268408551,3493.9999999999995,3242.0000000000005
1996,6,16.0,26.67301484828922,1591.0,1507.0
1996,6,17.0,26.637462235649547,1501.0000000000002,1477.9999999999998
1996,6,18.0,25.537302725968438,2115.9999999999995,2066.0000000000005
1996,6,19.0,25.68631661136053,2737.9999999999995,2385.0000000000005
1996,6,20.0,27.174457429048413,587.0,611.0
1996,6,21.0,28.04034005667611,3042.0000000000005,2956.9999999999995
1996,6,22.0,29.09543147208122,3520.9999999999995,3374.0000000000005
1996,6,23.0,27.023563933843143,5811.0,5435.0
1996,6,24.0,28.09196261682243,2763.0,2587.0
1996,6,25.0,24.951898734177217,1585.0,1575.0
1996,6,26.0,26.505849853753656,3164.0000000000005,2989.9999999999995
1996,6,27.0,26.924122310305776,443.0,440.0
1996,6,28.0,27.495018353434713,978.0,929.0
1996,6,29.0,26.493642143505905,1151.0,1051.0
1996,6,30.0,28.656394453004623,704.9999999999999,593.0000000000001
1996,6,31.0,29.034601714405184,4900.0,4666.0
1996,6,32.0,25.973009446693656,1131.0,1092.0
1996,6,33.0,28.27837825716464,11472.999999999998,10824.000000000002
1996,6,34.0,26.2264263547386,4348.000000000001,4029.999999999999
1996,6,35.0,27.228197674418606,328.0,360.0
1996,6,36.0,26.683505398376546,6480.0,6209.0
1996,6,37.0,25.25013638843426,1920.0000000000002,1745.9999999999998
1996,6,38.0,26.850027367268748,1829.9999999999998,1824.0000000000002
1996,6,39.0,27.776907084599394,6357.0,6149.0
1996,6,40.0,27.701236917221692,538.0,513.0
1996,6,41.0,25.957273400839714,2063.0,1985.9999999999998
1996,6,42.0,26.762691853600945,434.99999999999994,412.00000000000006
1996,6,43.0,25.66815697963239,3101.9999999999995,2937.0000000000005
1996,6,44.0,25.998497804483478,13272.000000000002,12689.999999999998
1996,6,45.0,26.27540255413659,1854.0,1748.0
1996,6,46.0,27.7858347386172,295.99999999999994,297.00000000000006
1996,6,47.0,27.478856382978723,3875.0,3645.0
1996,6,48.0,27.322654114788946,3326.0,3260.0
1996,6,49.0,25.240985576923077,811.9999999999999,852.0000000000001
1996,6,50.0,27.39623992837959,2880.9999999999995,2704.0000000000005
1996,6,51.0,25.80392156862745,289.0,272.0
1996,6,52.0,27.0,2.0,0.9999999999999998
1996,6,53.0,31.5,2.0,0.0
1996,6,54.0,26.428571428571427,4.0,3.0
1996,6,55.0,30.6,5.0,5.0
1996,6,57.0,27.327380952380953,88.99999999999999,79.00000000000001
1996,6,59.0,31.59259259259259,17.999999999999996,36.00000000000001
1996,7,1.0,25.307366482504605,2788.9999999999995,2641.0000000000005
1996,7,2.0,27.338217338217337,429.99999999999994,389.00000000000006
1996,7,3.0,26.047913213801415,3410.0000000000005,3226.9999999999995
1996,7,4.0,24.891304347826086,1748.0000000000002,1655.9999999999998
1996,7,5.0,27.269996016520956,24540.999999999996,23156.000000000004
1996,7,6.0,27.242111650485437,2579.0000000000005,2364.9999999999995
1996,7,7.0,29.122871946706145,2076.0000000000005,1976.9999999999998
1996,7,8.0,26.79615795090715,472.0,465.0
1996,7,9.0,27.09742895805142,390.99999999999994,348.00000000000006
1996,7,10.0,26.905354449472096,8247.999999999998,7664.000000000001
1996,7,11.0,26.140640741487005,5084.000000000001,4841.999999999999
1996,7,12.0,27.672555205047317,813.0000000000001,771.9999999999999
1996,7,13.0,26.073273273273273,839.9999999999999,825.0000000000001
1996,7,14.0,27.199502004129723,8397.999999999998,8068.000000000002
1996,7,15.0,26.082701768381863,3920.9999999999995,3600.0000000000005
1996,7,16.0,26.893779342723004,1705.0000000000002,1702.9999999999998
1996,7,17.0,26.450121654501217,1673.9999999999998,1614.0000000000002
1996,7,18.0,25.479662483773257,2367.0,2255.0
1996,7,19.0,25.424257845631892,2976.0000000000005,2918.9999999999995
1996,7,20.0,27.163009404388713,650.9999999999999,625.0000000000001
1996,7,21.0,28.074402406205476,3242.0000000000005,3074.9999999999995
1996,7,22.0,29.204672635702295,3673.0000000000005,3474.9999999999995
1996,7,23.0,27.024167156163465,6045.999999999999,5871.000000000001
1996,7,24.0,28.08648934296283,2897.0000000000005,2779.9999999999995
1996,7,25.0,24.62723154809486,1962.0000000000002,1790.9999999999998
1996,7,26.0,26.36191772534785,3350.0,3262.0
1996,7,27.0,26.810089020771514,499.9999999999999,511.0000000000001
1996,7,28.0,27.234709099950273,1039.9999999999998,971.0000000000001
1996,7,29.0,26.66391663048198,1150.0000000000002,1152.9999999999998
1996,7,30.0,28.697549770290966,669.0000000000001,636.9999999999999
1996,7,31.0,28.897585017249877,5164.0,4981.0
1996,7,32.0,25.722729248152977,1161.0,1140.0
1996,7,33.0,28.27136706594484,12015.000000000002,11443.999999999998
1996,7,34.0,26.115778916870962,4616.999999999999,4357.000000000001
1996,7,35.0,27.377308707124012,396.00000000000006,361.99999999999994
1996,7,36.0,26.596927415763695,6942.0,6532.0
1996,7,37.0,25.464822901504125,2104.9999999999995,2017.0000000000002
1996,7,38.0,26.68092364208869,1947.9999999999995,1863.0000000000005
1996,7,39.0,27.8137083933581,6779.0,6410.0
1996,7,40.0,27.82585751978892,596.0000000000001,540.9999999999999
1996,7,41.0,25.840836743974535,2237.9999999999995,2160.0000000000005
1996,7,42.0,27.013815090329437,473.00000000000006,467.99999999999994
1996,7,43.0,25.64695177434031,3363.0,3231.0
1996,7,44.0,25.89953231147373,14976.0,14317.0
1996,7,45.0,26.212836970474967,2055.9999999999995,1839.0000000000005
1996,7,46.0,28.3312,300.0,325.0
1996,7,47.0,27.51135673509049,4215.999999999999,4017.0000000000005
1996,7,48.0,27.366398191324006,3580.0,3497.0
1996,7,49.0,25.331836047164515,909.0000000000001,871.9999999999999
1996,7,50.0,27.538864342988056,3134.9999999999995,2976.0000000000005
1996,7,51.0,25.693805309734515,275.00000000000006,289.99999999999994
1996,7,52.0,27.5,1.0,3.0
1996,7,53.0,29.5,0.0,2.0
1996,7,54.0,42.0,1.0,0.0
1996,7,55.0,31.214285714285715,7.0,7.0
1996,7,57.0,27.46759259259259,112.00000000000001,103.99999999999999
1996,7,59.0,28.895522388059703,36.0,31.0
1996,8,1.0,25.29984951091046,2809.0000000000005,2506.9999999999995
1996,8,2.0,26.992,455.0,420.0
1996,8,3.0,26.195414201183432,3408.0000000000005,3351.9999999999995
1996,8,4.0,24.91441307578009,1721.9999999999998,1643.0000000000002
1996,8,5.0,27.288626857515187,24455.999999999996,23121.000000000004
1996,8,6.0,27.397630799605132,2592.9999999999995,2472.0000000000005
1996,8,7.0,28.973152578415736,1926.9999999999995,1835.0000000000005
1996,8,8.0,27.058419243986254,468.00000000000006,404.99999999999994
1996,8,9.0,26.8539176626826,377.0,376.0
1996,8,10.0,26.89326534200809,8662.0,8399.0
1996,8,11.0,26.16176041970271,5210.0,5083.0
1996,8,12.0,27.424124513618676,805.9999999999999,736.0000000000001
1996,8,13.0,25.910218546958063,880.9999999999999,812.0000000000001
1996,8,14.0,27.130434782608695,8369.0,8191.0
1996,8,15.0,26.01832530765115,3858.000000000001,3617.999999999999
1996,8,16.0,26.743504531722053,1685.9999999999998,1624.0000000000002
1996,8,17.0,26.41090342679128,1669.9999999999998,1540.0000000000002
1996,8,18.0,25.508822918829146,2518.0,2299.0
1996,8,19.0,25.30553275324249,3070.0000000000005,3020.9999999999995
1996,8,20.0,27.4075,648.0,552.0
1996,8,21.0,28.154162709718264,3130.0,3188.0
1996,8,22.0,29.123825789923142,3655.0000000000005,3370.9999999999995
1996,8,23.0,26.915718499789296,6010.999999999999,5854.000000000001
1996,8,24.0,28.09139026111503,2935.0000000000005,2732.9999999999995
1996,8,25.0,24.635562467599794,2023.0,1835.0
1996,8,26.0,26.45071482317532,3413.0,3232.0
1996,8,27.0,26.94940796555436,471.99999999999994,457.00000000000006
1996,8,28.0,26.748538011695906,1073.0,979.0
1996,8,29.0,26.426624261699228,1117.0000000000002,1083.9999999999998
1996,8,30.0,28.17145073700543,676.0000000000001,612.9999999999999
1996,8,31.0,28.843275324414044,5098.999999999999,4842.000000000001
1996,8,32.0,25.72297021623827,1230.0,1221.0
1996,8,33.0,28.26511769040704,12005.0,11064.0
1996,8,34.0,26.12894934133019,4799.000000000001,4537.999999999999
1996,8,35.0,27.106796116504853,388.0,333.0
1996,8,36.0,26.609722323445812,7057.999999999999,6663.000000000001
1996,8,37.0,25.489915572232647,2118.0,2146.0
1996,8,38.0,26.69800796812749,1888.9999999999998,1876.0000000000002
1996,8,39.0,27.633597883597883,6464.000000000001,6387.999999999999
1996,8,40.0,27.92769953051643,555.9999999999999,509.0000000000001
1996,8,41.0,25.81023137338145,2383.0,2328.0
1996,8,42.0,26.92233009708738,481.00000000000006,445.99999999999994
1996,8,43.0,25.571428571428573,3362.0000000000005,3224.9999999999995
1996,8,44.0,25.935628043492763,15241.999999999996,14740.000000000004
1996,8,45.0,26.121254162042174,1837.9999999999995,1766.0000000000005
1996,8,46.0,27.903169014084508,286.00000000000006,281.99999999999994
1996,8,47.0,27.517173939616185,4190.000000000001,3990.999999999999
1996,8,48.0,27.38457034109208,3482.0000000000005,3348.9999999999995
1996,8,49.0,25.18864950078823,969.9999999999999,933.0000000000001
1996,8,50.0,27.474845995893222,3018.0,2826.0
1996,8,51.0,25.913443830570902,272.99999999999994,270.00000000000006
1996,8,53.0,26.0,4.0,0.9999999999999998
1996,8,54.0,32.0,0.0,1.0
1996,8,55.0,29.833333333333332,1.9999999999999996,4.0
1996,8,57.0,26.72146118721461,118.00000000000001,100.99999999999999
1996,8,59.0,30.390243902439025,40.0,42.0
1996,9,1.0,25.39723926380368,2629.9999999999995,2586.0000000000005
1996,9,2.0,27.082285714285714,438.00000000000006,436.99999999999994
1996,9,3.0,26.280802292263612,3371.0,3260.0
1996,9,4.0,24.85855054036872,1586.0000000000002,1559.9999999999998
1996,9,5.0,27.29153489581077,23383.999999999996,22782.000000000004
1996,9,6.0,27.25870335626433,2399.0000000000005,2397.9999999999995
1996,9,7.0,28.985867573933525,1923.0000000000002,1897.9999999999998
1996,9,8.0,26.91762013729977,460.00000000000006,413.99999999999994
1996,9,9.0,26.885925925925925,354.00000000000006,320.99999999999994
1996,9,10.0,26.93579778081054,8514.000000000002,8338.999999999998
1996,9,11.0,26.22930439072521,5175.000000000001,4959.999999999999
1996,9,12.0,27.576302729528535,848.0000000000001,763.9999999999999
1996,9,13.0,26.158831003811944,798.0000000000001,775.9999999999999
1996,9,14.0,27.2603379848931,7924.000000000001,7697.999999999999
1996,9,15.0,26.16749038989566,3677.0,3607.0
1996,9,16.0,26.68717616580311,1579.0000000000002,1508.9999999999998
1996,9,17.0,26.56404769183736,1670.9999999999998,1600.0000000000002
1996,9,18.0,25.587755102040816,2346.9999999999995,2308.0000000000005
1996,9,19.0,25.436133287053106,2896.9999999999995,2865.0000000000005
1996,9,20.0,27.193418940609952,623.0,623.0
1996,9,21.0,28.13624107850912,3262.9999999999995,3042.0000000000005
1996,9,22.0,29.178913267560006,3473.0000000000005,3317.9999999999995
1996,9,23.0,27.014110591762943,5815.0,5524.0
1996,9,24.0,27.951336405529954,2760.0000000000005,2664.9999999999995
1996,9,25.0,24.609884041965763,1885.0000000000005,1736.9999999999995
1996,9,26.0,26.35699669447505,3252.0,3101.0
1996,9,27.0,26.98639455782313,473.99999999999994,408.00000000000006
1996,9,28.0,27.258817685047195,1041.0,972.0000000000001
1996,9,29.0,26.304774654172245,1148.0000000000002,1092.9999999999998
1996,9,30.0,28.502533783783782,632.9999999999999,551.0000000000001
1996,9,31.0,29.008312214901167,5066.0,4799.0
1996,9,32.0,25.790365744870652,1114.0,1128.0
1996,9,33.0,28.191668923188015,11332.0,10826.0
1996,9,34.0,26.16486252435592,4646.999999999999,4591.000000000001
1996,9,35.0,26.864864864864863,345.99999999999994,357.00000000000006
1996,9,36.0,26.67329780046543,6802.000000000001,6518.999999999999
1996,9,37.0,25.507688611244593,2101.9999999999995,2060.0000000000005
1996,9,38.0,26.815587266739847,1890.0000000000002,1753.9999999999998
1996,9,39.0,27.716857996540337,6484.0,6234.0
1996,9,40.0,28.01729106628242,532.0,509.0
1996,9,41.0,25.865905529438102,2260.0,2207.0
1996,9,42.0,26.465859030837006,468.0,440.0
1996,9,43.0,25.8601246105919,3319.0,3101.0
1996,9,44.0,25.90783724740579,14908.0,14388.0
1996,9,45.0,26.147315153219004,1785.9999999999998,1771.0000000000002
1996,9,46.0,28.183274021352315,285.0,277.0
1996,9,47.0,27.544392816777595,4006.000000000001,3956.999999999999
1996,9,48.0,27.30890999547716,3385.0,3248.0
1996,9,49.0,25.4952178533475,981.0,901.0
1996,9,50.0,27.426159587702152,2842.0000000000005,2784.9999999999995
1996,9,51.0,25.606625258799173,262.00000000000006,220.99999999999997
1996,9,52.0,27.0,0.0,1.0
1996,9,53.0,37.0,0.0,1.0
1996,9,54.0,22.0,1.0,0.0
1996,9,55.0,28.714285714285715,3.0,4.0
1996,9,57.0,27.125,100.00000000000001,107.99999999999999
1996,9,59.0,31.154929577464788,36.0,35.0
1996,10,1.0,25.46513813193009,2704.0000000000005,2616.9999999999995
1996,10,2.0,27.24620770128355,432.0,425.0
1996,10,3.0,26.174065598779556,3367.0000000000005,3187.9999999999995
1996,10,4.0,24.84894259818731,1500.0000000000002,1478.9999999999998
1996,10,5.0,27.38948608137045,23873.999999999996,22826.000000000004
1996,10,6.0,27.34130202774813,2401.0,2284.0
1996,10,7.0,29.147633744855966,2004.0000000000002,1883.9999999999998
1996,10,8.0,27.171693735498838,416.0,446.0
1996,10,9.0,26.86130374479889,357.0,364.0
1996,10,10.0,26.893243482887037,8636.000000000002,8280.999999999998
1996,10,11.0,26.210420841683366,5103.000000000001,4876.999999999999
1996,10,12.0,27.68411214953271,810.0000000000001,794.9999999999999
1996,10,13.0,25.72823383084577,811.0000000000001,796.9999999999999
1996,10,14.0,27.215610802624937,8124.000000000001,7723.999999999999
1996,10,15.0,26.23647407825964,3598.9999999999995,3480.0000000000005
1996,10,16.0,26.85310559006211,1649.0000000000002,1570.9999999999998
1996,10,17.0,26.708092485549134,1574.0,1540.0
1996,10,18.0,25.684823193498794,2372.0000000000005,2180.9999999999995
1996,10,19.0,25.55404005524862,2940.0000000000005,2851.9999999999995
1996,10,20.0,27.055253623188406,573.0,531.0
1996,10,21.0,28.30180693472245,3091.0000000000005,3051.9999999999995
1996,10,22.0,29.13290043290043,3559.0,3371.0
1996,10,23.0,27.06006464356258,5647.000000000001,5490.999999999999
1996,10,24.0,28.17851851851852,2760.0,2640.0
1996,10,25.0,24.88683010262258,1819.0000000000002,1688.9999999999998
1996,10,26.0,26.436485195797516,3238.0000000000005,3043.9999999999995
1996,10,27.0,26.75526932084309,455.00000000000006,398.99999999999994
1996,10,28.0,27.224843524313915,1023.0000000000002,1053.9999999999998
1996,10,29.0,26.432491289198605,1182.0,1114.0
1996,10,30.0,28.6246953696182,675.0000000000001,555.9999999999999
1996,10,31.0,29.106636989073248,5068.999999999999,4815.000000000001
1996,10,32.0,25.861839367457346,1213.0000000000002,1189.9999999999998
1996,10,33.0,28.415123524992264,11426.000000000002,11200.999999999998
1996,10,34.0,26.31444023796647,4786.999999999999,4458.000000000001
1996,10,35.0,26.63661971830986,333.00000000000006,376.99999999999994
1996,10,36.0,26.7139254050749,6650.0,6434.0
1996,10,37.0,25.292153996101366,2105.9999999999995,1998.0000000000002
1996,10,38.0,26.767416346681294,1827.9999999999998,1818.0000000000002
1996,10,39.0,27.722773837667454,6474.999999999999,6215.000000000001
1996,10,40.0,28.141666666666666,572.0,507.99999999999994
1996,10,41.0,26.00343485230135,2242.9999999999995,2124.0000000000005
1996,10,42.0,26.72480181200453,457.99999999999994,425.00000000000006
1996,10,43.0,25.7540412044374,3242.9999999999995,3067.0000000000005
1996,10,44.0,25.974935382941098,14992.000000000004,14411.999999999996
1996,10,45.0,26.216494845360824,1840.0,1749.0
1996,10,46.0,27.988429752066114,303.0,302.0
1996,10,47.0,27.621136590229312,3998.0000000000005,4025.9999999999995
1996,10,48.0,27.46805915535905,3263.0,3296.0
1996,10,49.0,25.37115707098938,925.9999999999998,863.0000000000002
1996,10,50.0,27.471020994078593,2867.0000000000005,2705.9999999999995
1996,10,51.0,26.107074569789674,264.99999999999994,258.00000000000006
1996,10,52.0,41.0,0.0,1.0
1996,10,53.0,30.666666666666668,0.0,3.0
1996,10,55.0,31.6,3.0000000000000004,1.9999999999999996
1996,10,57.0,27.184,134.0,115.99999999999999
1996,10,59.0,30.84313725490196,28.000000000000004,22.999999999999996
1996,11,1.0,25.33151183970856,2568.9999999999995,2372.0000000000005
1996,11,2.0,27.04920049200492,412.0,401.0
1996,11,3.0,26.344111586622287,3086.9999999999995,3222.0000000000005
1996,11,4.0,25.03713988198542,1485.9999999999998,1395.0000000000002
1996,11,5.0,27.38331954403383,22132.999999999996,21379.000000000004
1996,11,6.0,27.457441966317706,2194.9999999999995,2199.0000000000005
1996,11,7.0,29.011406844106464,1747.0,1672.0
1996,11,8.0,27.024324324324326,373.00000000000006,366.99999999999994
1996,11,9.0,26.678370786516854,334.0,378.0
1996,11,10.0,26.93261116009573,8196.000000000002,7681.999999999998
1996,11,11.0,26.264238831251323,4753.999999999999,4692.000000000001
1996,11,12.0,27.628671328671327,711.0000000000001,718.9999999999999
1996,11,13.0,26.155853314527505,742.0000000000001,675.9999999999999
1996,11,14.0,27.183075221238937,7348.000000000001,7115.999999999999
1996,11,15.0,26.11545566502463,3243.0,3253.0
1996,11,16.0,26.90942390942391,1527.0,1476.0
1996,11,17.0,26.85555180560243,1459.0000000000002,1503.9999999999998
1996,11,18.0,25.871365204534253,2068.0,1990.0
1996,11,19.0,25.424685800037516,2669.9999999999995,2661.0000000000005
1996,11,20.0,27.174586776859503,506.0,462.0
1996,11,21.0,28.19412929947776,2881.9999999999995,2671.0000000000005
1996,11,22.0,29.26540436456996,3234.000000000001,2997.999999999999
1996,11,23.0,27.021912738605376,5265.999999999999,5002.000000000001
1996,11,24.0,28.017290480065093,2523.0000000000005,2392.9999999999995
1996,11,25.0,24.79133510167993,1732.9999999999998,1660.0000000000002
1996,11,26.0,26.44961911357341,3010.0,2766.0
1996,11,27.0,26.965476190476192,415.0,425.0
1996,11,28.0,27.099186991869917,946.0000000000001,898.9999999999999
1996,11,29.0,26.458823529411763,1094.0,1031.0
1996,11,30.0,28.598322460391426,543.0,530.0
1996,11,31.0,28.986758651385333,4615.999999999999,4371.000000000001
1996,11,32.0,25.829787234042552,1179.9999999999998,1076.0000000000002
1996,11,33.0,28.320433436532507,10631.0,10041.0
1996,11,34.0,26.23417339925238,4216.0,4077.0000000000005
1996,11,35.0,27.09717868338558,322.00000000000006,315.99999999999994
1996,11,36.0,26.673966766084362,5945.0,5790.0
1996,11,37.0,25.57558632382029,1824.9999999999995,1714.0000000000005
1996,11,38.0,26.720529039677977,1752.0,1726.0
1996,11,39.0,27.746330315548914,5858.0,5519.0
1996,11,40.0,27.843783209351752,485.0000000000001,455.9999999999999
1996,11,41.0,25.931539754984385,2147.0,2016.0
1996,11,42.0,26.65859564164649,451.99999999999994,374.00000000000006
1996,11,43.0,25.901262320594846,2948.0,2835.0
1996,11,44.0,25.95369035739365,13844.000000000002,13212.999999999998
1996,11,45.0,26.343949044585987,1724.0000000000002,1572.9999999999998
1996,11,46.0,27.702544031311156,256.0,255.0
1996,11,47.0,27.51531879657742,3687.999999999999,3558.000000000001
1996,11,48.0,27.383969716919026,3111.0,2965.0
1996,11,49.0,25.41060025542784,803.0,763.0
1996,11,50.0,27.53285498489426,2675.9999999999995,2620.0000000000005
1996,11,51.0,25.9244060475162,232.99999999999997,230.00000000000003
1996,11,53.0,38.0,1.0,0.0
1996,11,54.0,27.5,1.0,1.0
1996,11,55.0,28.7,3.999999999999999,6.000000000000001
1996,11,57.0,27.014563106796118,102.0,104.0
1996,11,59.0,29.825396825396826,32.0,31.0
1996,12,1.0,25.250422693969565,2710.0,2613.0
1996,12,2.0,27.416666666666668,420.99999999999994,395.00000000000006
1996,12,3.0,26.35427869104317,3309.0,3200.0
1996,12,4.0,24.978980891719747,1634.0,1506.0
1996,12,5.0,27.354409505737777,22830.000000000004,21437.999999999996
1996,12,6.0,27.341142347166443,2282.9999999999995,2199.0000000000005
1996,12,7.0,28.725490196078432,1783.0,1634.0
1996,12,8.0,26.910501193317423,420.99999999999994,417.00000000000006
1996,12,9.0,26.676470588235293,357.0,357.0
1996,12,10.0,26.81001245625482,8715.000000000002,8143.999999999999
1996,12,11.0,26.133360480504937,5035.0,4788.0
1996,12,12.0,27.629605263157895,782.0000000000001,737.9999999999999
1996,12,13.0,26.027540983606556,725.9999999999999,799.0000000000001
1996,12,14.0,27.161646789299912,7645.999999999999,7195.000000000001
1996,12,15.0,26.067286731579713,3501.0000000000005,3379.9999999999995
1996,12,16.0,26.900677200902933,1610.0000000000002,1490.9999999999998
1996,12,17.0,26.68921568627451,1603.9999999999998,1456.0000000000002
1996,12,18.0,25.665311653116532,2289.0000000000005,2138.9999999999995
1996,12,19.0,25.38353795607816,2981.0000000000005,2801.9999999999995
1996,12,20.0,27.431754874651812,554.0000000000001,522.9999999999999
1996,12,21.0,28.15245652540942,2982.0000000000005,2940.9999999999995
1996,12,22.0,29.066278891780193,3335.0,3198.0
1996,12,23.0,27.105685681904042,5437.999999999999,5150.000000000001
1996,12,24.0,27.8883638511518,2579.0,2500.0
1996,12,25.0,24.672583287820864,1831.0,1831.0
1996,12,26.0,26.277649769585253,3197.0000000000005,2878.9999999999995
1996,12,27.0,26.72562358276644,441.0,441.0
1996,12,28.0,26.983367983367984,1012.9999999999999,911.0000000000001
1996,12,29.0,26.312136139722348,1116.0,1117.0
1996,12,30.0,28.570846905537458,616.9999999999999,611.0000000000001
1996,12,31.0,28.863312506850818,4718.0,4405.0
1996,12,32.0,25.84108012394865,1141.0000000000002,1117.9999999999998
1996,12,33.0,28.187514812532587,10749.000000000002,10347.999999999998
1996,12,34.0,26.1858748722607,4485.999999999999,4321.000000000001
1996,12,35.0,26.93026706231454,346.00000000000006,327.99999999999994
1996,12,36.0,26.712146148782093,6242.0,5910.0
1996,12,37.0,25.180198523797404,2012.0000000000002,1916.9999999999998
1996,12,38.0,26.61021654636313,1831.0,1771.0
1996,12,39.0,27.549260660247594,5827.0,5805.0
1996,12,40.0,27.441414141414143,512.9999999999999,477.0000000000001
1996,12,41.0,25.712035995500564,2249.9999999999995,2195.0000000000005
1996,12,42.0,26.734304932735427,440.00000000000006,451.99999999999994
1996,12,43.0,25.60319468606674,3206.999999999999,3116.000000000001
1996,12,44.0,25.97153335661893,14498.000000000004,14131.999999999996
1996,12,45.0,26.128772034657903,1720.0000000000002,1626.9999999999998
1996,12,46.0,27.791828793774318,265.99999999999994,248.00000000000003
1996,12,47.0,27.477290423046977,3920.999999999999,3785.000000000001
1996,12,48.0,27.174789649150657,3303.9999999999995,2995.0000000000005
1996,12,49.0,25.038438793613246,850.9999999999999,840.0000000000001
1996,12,50.0,27.473614775725594,2702.9999999999995,2603.0000000000005
1996,12,51.0,25.843629343629345,257.99999999999994,260.00000000000006
1996,12,53.0,31.0,1.0,3.0
1996,12,55.0,29.0,3.999999999999999,7.000000000000001
1996,12,57.0,26.591160220994475,101.0,80.0
1996,12,59.0,32.05769230769231,26.999999999999996,25.000000000000004
1997,1,1.0,25.131983648043605,2575.0,2562.0
1997,1,2.0,26.97539975399754,431.99999999999994,381.00000000000006
1997,1,3.0,26.12360801781737,3290.9999999999995,2995.0000000000005
1997,1,4.0,24.696901226597806,1617.9999999999998,1480.0000000000002
1997,1,5.0,27.327844690601754,21967.999999999996,21455.000000000004
1997,1,6.0,27.235691753041912,2247.0,2191.0
1997,1,7.0,28.770556654422155,1829.9999999999998,1709.0000000000002
1997,1,8.0,26.95483061480552,409.00000000000006,387.99999999999994
1997,1,9.0,26.95768688293371,376.00000000000006,332.99999999999994
1997,1,10.0,26.911653677545058,8483.0,7941.0
1997,1,11.0,26.08911800734994,5058.0,4738.0
1997,1,12.0,27.573621772505234,745.0,688.0
1997,1,13.0,26.153521126760563,753.0000000000001,666.9999999999999
1997,1,14.0,27.03202772963605,7388.000000000002,7036.999999999998
1997,1,15.0,26.04903889813834,3375.0000000000005,3231.9999999999995
1997,1,16.0,26.71937875044123,1454.0000000000002,1378.9999999999998
1997,1,17.0,26.626963350785342,1535.0,1521.0
1997,1,18.0,25.29351939451277,2152.0,2076.0
1997,1,19.0,25.31659192825112,2811.0,2764.0
1997,1,20.0,27.16358595194085,552.9999999999999,529.0000000000001
1997,1,21.0,28.032373487817345,2953.9999999999995,2915.0000000000005
1997,1,22.0,29.034618410700237,3263.0,3092.0
1997,1,23.0,26.923641151025013,5450.0,5184.0
1997,1,24.0,27.80577376276512,2587.9999999999995,2504.0000000000005
1997,1,25.0,24.79216695254431,1780.0,1718.0
1997,1,26.0,26.448654037886342,3025.0,2993.0
1997,1,27.0,26.68577981651376,440.00000000000006,431.99999999999994
1997,1,28.0,27.09516041326808,930.0,909.0
1997,1,29.0,26.60241523455643,1101.9999999999998,1051.0000000000002
1997,1,30.0,28.43888888888889,575.0,504.99999999999994
1997,1,31.0,28.85949797915337,4813.999999999999,4588.000000000001
1997,1,32.0,25.722147045557058,1125.0000000000002,1091.9999999999998
1997,1,33.0,28.30568876351669,10840.999999999998,10429.000000000002
1997,1,34.0,26.150945532782245,4539.999999999999,4291.000000000001
1997,1,35.0,27.093610698365527,361.00000000000006,311.99999999999994
1997,1,36.0,26.49302673086502,6231.000000000001,5814.999999999999
1997,1,37.0,25.22608695652174,1965.9999999999998,1944.0000000000002
1997,1,38.0,26.651858060910868,1824.0,1755.0
1997,1,39.0,27.628998609179416,5789.0,5715.0
1997,1,40.0,27.922090729783037,524.0,490.0
1997,1,41.0,25.98620055197792,2243.0,2105.0
1997,1,42.0,26.717980295566502,415.0,397.0
1997,1,43.0,25.68944407677035,3068.0000000000005,2975.9999999999995
1997,1,44.0,25.903658668201604,14043.999999999998,13753.000000000002
1997,1,45.0,26.081710914454277,1734.9999999999998,1655.0000000000002
1997,1,46.0,27.87818181818182,315.99999999999994,234.00000000000003
1997,1,47.0,27.4223150518798,3791.000000000001,3629.999999999999
1997,1,48.0,27.205617800220924,3295.0,3042.0
1997,1,49.0,25.28043854587421,870.0000000000001,862.9999999999999
1997,1,50.0,27.461552994521064,2732.0000000000005,2560.9999999999995
1997,1,51.0,25.761252446183953,254.00000000000006,256.99999999999994
1997,1,52.0,27.0,1.0,0.0
1997,1,53.0,24.5,2.0,0.0
1997,1,54.0,39.0,1.0,0.0
1997,1,55.0,30.3125,8.0,8.0
1997,1,57.0,27.297560975609755,104.0,101.0
1997,1,59.0,30.61904761904762,36.99999999999999,26.000000000000007
1997,2,1.0,25.55286151157711,2336.0,2242.0
1997,2,2.0,27.180156657963447,380.0,386.0
1997,2,3.0,26.308301090397467,2909.0000000000005,2776.9999999999995
1997,2,4.0,24.83529845246868,1439.0000000000002,1274.9999999999998
1997,2,5.0,27.363100979844646,20186.999999999996,19207.000000000004
1997,2,6.0,27.077246207701283,2221.0,2064.0
1997,2,7.0,28.8377153218495,1711.0000000000002,1597.9999999999998
1997,2,8.0,27.14448669201521,382.00000000000006,406.99999999999994
1997,2,9.0,26.899068322981368,332.99999999999994,311.00000000000006
1997,2,10.0,26.856570402100317,7474.000000000002,6999.999999999998
1997,2,11.0,26.093976171918495,4540.000000000001,4440.999999999999
1997,2,12.0,27.590351594439902,635.0000000000001,587.9999999999999
1997,2,13.0,26.347955390334572,719.9999999999999,625.0000000000001
1997,2,14.0,27.132957705253915,7007.0,6659.0
1997,2,15.0,26.223747980613894,3145.0000000000005,3044.9999999999995
1997,2,16.0,26.766355140186917,1439.0,1343.0
1997,2,17.0,26.62270803949224,1505.0,1331.0
1997,2,18.0,25.603025043392016,2081.9999999999995,1951.0000000000002
1997,2,19.0,25.382671480144403,2523.0,2463.0
1997,2,20.0,27.260623229461757,528.9999999999999,530.0000000000001
1997,2,21.0,28.233244478293983,2702.0,2550.0
1997,2,22.0,29.286774628879893,2998.0,2930.0
1997,2,23.0,27.010775652849237,5288.999999999999,5012.000000000001
1997,2,24.0,28.002675998353233,2460.0000000000005,2397.9999999999995
1997,2,25.0,24.801453584407003,1531.0,1496.0
1997,2,26.0,26.48453420669578,2799.9999999999995,2696.0000000000005
1997,2,27.0,26.774274905422445,410.99999999999994,382.00000000000006
1997,2,28.0,27.16867469879518,901.0,842.0
1997,2,29.0,26.857425742574257,1019.0,1001.0
1997,2,30.0,28.404966571155683,499.0000000000001,547.9999999999999
1997,2,31.0,28.98981343710656,4477.0,4260.0
1997,2,32.0,25.810836961780357,1043.0000000000002,1023.9999999999999
1997,2,33.0,28.24270035203976,9867.999999999998,9448.000000000002
1997,2,34.0,26.22444302991725,4090.0,3765.0
1997,2,35.0,27.111975116640746,319.0,324.0
1997,2,36.0,26.686308948801265,5838.999999999999,5548.000000000001
1997,2,37.0,25.448028673835125,1808.9999999999998,1818.0000000000002
1997,2,38.0,26.80727272727273,1725.0,1575.0
1997,2,39.0,27.6702337369755,5454.000000000001,5198.999999999999
1997,2,40.0,27.944086021505377,470.0,460.0
1997,2,41.0,25.872913992297818,2009.0000000000002,1885.9999999999998
1997,2,42.0,26.674807197943444,415.99999999999994,362.00000000000006
1997,2,43.0,25.82721767011044,2870.0,2744.0
1997,2,44.0,25.956245250569932,12758.999999999998,12244.000000000002
1997,2,45.0,26.232066217044757,1671.0000000000002,1590.9999999999998
1997,2,46.0,27.961098398169337,219.00000000000003,217.99999999999997
1997,2,47.0,27.38826815642458,3731.0000000000005,3428.9999999999995
1997,2,48.0,27.17262530669471,2891.9999999999995,2814.0000000000005
1997,2,49.0,25.27731629392971,815.9999999999999,749.0000000000001
1997,2,50.0,27.31291827215575,2559.0000000000005,2371.9999999999995
1997,2,51.0,25.77659574468085,252.99999999999997,217.00000000000003
1997,2,52.0,34.0,1.0,0.0
1997,2,53.0,32.0,0.9999999999999998,2.0
1997,2,54.0,24.0,1.0,0.0
1997,2,55.0,29.11111111111111,8.0,10.0
1997,2,57.0,27.295081967213115,98.99999999999999,84.00000000000001
1997,2,59.0,30.5,30.0,18.0
1997,3,1.0,25.535397316821467,2474.9999999999995,2370.0000000000005
1997,3,2.0,26.87712895377129,425.99999999999994,396.00000000000006
1997,3,3.0,26.413657899036107,3125.0,2996.0
1997,3,4.0,25.14501199862873,1460.9999999999998,1456.0000000000002
1997,3,5.0,27.407561496839904,22573.000000000004,21412.999999999996
1997,3,6.0,27.36790439607341,2370.0000000000005,2315.9999999999995
1997,3,7.0,28.927666760484097,1844.9999999999998,1708.0000000000002
1997,3,8.0,27.24203069657615,441.99999999999994,405.00000000000006
1997,3,9.0,26.642750373692078,329.0,340.0
1997,3,10.0,26.95350754788786,8051.0,7715.0
1997,3,11.0,26.363879736408567,4944.0,4768.0
1997,3,12.0,27.675675675675677,766.0,677.0
1997,3,13.0,26.28987341772152,817.0000000000001,762.9999999999999
1997,3,14.0,27.20184149950674,7716.999999999998,7488.000000000002
1997,3,15.0,26.1111268403171,3558.0000000000005,3505.9999999999995
1997,3,16.0,26.95715249662618,1525.0000000000002,1438.9999999999998
1997,3,17.0,26.58352706741946,1566.0,1445.0
1997,3,18.0,25.726540938362465,2230.9999999999995,2117.0000000000005
1997,3,19.0,25.49537037037037,2594.0000000000005,2589.9999999999995
1997,3,20.0,27.23539668700959,616.9999999999999,530.0000000000001
1997,3,21.0,28.178011373427537,2977.0,2826.0
1997,3,22.0,29.25770266227939,3448.0,3238.0
1997,3,23.0,26.905690339655933,5663.0,5672.0
1997,3,24.0,28.073209832561453,2939.0,2675.0
1997,3,25.0,24.858613381774145,1666.0,1637.0
1997,3,26.0,26.569416832339297,3074.9999999999995,2961.0000000000005
1997,3,27.0,27.215746421267895,489.0,489.0
1997,3,28.0,27.294758692267774,952.0,975.0
1997,3,29.0,26.39007737824306,1104.9999999999998,1092.0000000000002
1997,3,30.0,28.486156351791532,652.9999999999999,575.0000000000001
1997,3,31.0,28.919400086318515,4786.000000000001,4481.999999999999
1997,3,32.0,25.645420207743154,1062.0000000000002,1055.9999999999998
1997,3,33.0,28.326196067596815,11029.0,10688.0
1997,3,34.0,26.401961902589257,4453.0,4314.0
1997,3,35.0,27.044412607449857,363.0,335.0
1997,3,36.0,26.66521502449646,6574.000000000001,6284.999999999999
1997,3,37.0,25.498339719029374,2003.0000000000002,1911.9999999999998
1997,3,38.0,26.89115092290988,1870.9999999999995,1813.0000000000005
1997,3,39.0,27.701268551529726,6142.0,5919.0
1997,3,40.0,27.916892502258357,566.0,541.0
1997,3,41.0,25.868607954545453,2171.0,2053.0
1997,3,42.0,26.741022850924917,444.99999999999994,474.00000000000006
1997,3,43.0,25.84443709704083,3116.9999999999995,2932.0000000000005
1997,3,44.0,25.912219920918847,13604.000000000002,12950.999999999998
1997,3,45.0,26.311713726586525,1843.9999999999998,1733.0000000000002
1997,3,46.0,28.334500875656744,279.99999999999994,291.00000000000006
1997,3,47.0,27.515047063502585,3841.0000000000005,3701.9999999999995
1997,3,48.0,27.310675182481752,3358.9999999999995,3217.0000000000005
1997,3,49.0,25.528690807799443,915.0000000000001,879.9999999999999
1997,3,50.0,27.63966971187632,2893.0000000000005,2798.9999999999995
1997,3,51.0,26.07037037037037,286.0,253.99999999999997
1997,3,53.0,37.5,3.0,1.0
1997,3,55.0,30.58823529411765,8.000000000000002,8.999999999999998
1997,3,57.0,26.888297872340427,100.0,88.0
1997,3,59.0,29.983870967741936,34.0,28.000000000000004
1997,4,1.0,25.58204269568857,2421.9999999999995,2356.0000000000005
1997,4,2.0,27.135287485907554,477.9999999999999,409.0000000000001
1997,4,3.0,26.441547375596457,3073.0,2795.0
1997,4,4.0,25.030689655172413,1485.0000000000002,1414.9999999999998
1997,4,5.0,27.411119551799448,21551.000000000004,20572.999999999996
1997,4,6.0,27.492401857323767,2403.9999999999995,2334.0000000000005
1997,4,7.0,28.973424657534245,1881.9999999999998,1768.0000000000002
1997,4,8.0,27.115560640732266,447.99999999999994,426.00000000000006
1997,4,9.0,27.014018691588785,341.0,301.0
1997,4,10.0,26.9698943310959,7675.999999999998,7371.000000000002
1997,4,11.0,26.360025693180603,4869.0,4472.0
1997,4,12.0,27.859375,748.9999999999999,723.0000000000001
1997,4,13.0,25.971141781681304,846.0000000000002,747.9999999999998
1997,4,14.0,27.2508014961261,7693.0,7279.0
1997,4,15.0,26.14296285333728,3338.9999999999995,3418.0000000000005
1997,4,16.0,26.868764646802813,1502.0000000000002,1484.9999999999998
1997,4,17.0,26.828800557880054,1441.0000000000002,1426.9999999999998
1997,4,18.0,25.597426900584797,2242.0,2032.9999999999998
1997,4,19.0,25.47198710197501,2565.9999999999995,2396.0000000000005
1997,4,20.0,27.630125523012552,610.0000000000001,584.9999999999999
1997,4,21.0,28.26810450640014,2942.0,2761.0
1997,4,22.0,29.353580467470596,3383.0,3334.0
1997,4,23.0,27.138279932546375,5773.999999999999,5493.000000000001
1997,4,24.0,27.97167877771567,2758.0,2609.0
1997,4,25.0,24.891353262616523,1624.0,1487.0
1997,4,26.0,26.54248366013072,3146.9999999999995,2973.0000000000005
1997,4,27.0,27.011173184357542,447.99999999999994,447.00000000000006
1997,4,28.0,27.08480749219563,1004.9999999999998,917.0000000000002
1997,4,29.0,26.733644859813083,1069.0000000000002,1070.9999999999998
1997,4,30.0,28.561969439728355,597.0000000000001,580.9999999999999
1997,4,31.0,29.01587996933523,4640.0,4491.0
1997,4,32.0,25.698623635500713,1095.0,1012.0000000000001
1997,4,33.0,28.34567549606,10801.000000000002,10264.999999999998
1997,4,34.0,26.38575598365441,4379.0,4186.0
1997,4,35.0,26.898470097357443,374.0,345.0
1997,4,36.0,26.71588667034962,6470.000000000001,6200.999999999999
1997,4,37.0,25.436219262295083,1996.0,1908.0
1997,4,38.0,26.874168514412418,1858.9999999999995,1749.0000000000005
1997,4,39.0,27.79555997349238,6071.0,6001.0
1997,4,40.0,27.8112676056338,534.9999999999999,530.0000000000001
1997,4,41.0,26.21003134796238,2146.0,2001.0
1997,4,42.0,26.568840579710145,414.0,414.0
1997,4,43.0,25.83233830845771,3071.0000000000005,2958.9999999999995
1997,4,44.0,26.10495547812621,13222.0,12608.0
1997,4,45.0,26.3458075407991,1798.9999999999998,1755.0000000000002
1997,4,46.0,27.89661319073084,289.0,272.0
1997,4,47.0,27.754145449797623,3915.9999999999995,3743.0000000000005
1997,4,48.0,27.38825699354442,3325.9999999999995,3180.0000000000005
1997,4,49.0,25.48306595365419,865.0,818.0
1997,4,50.0,27.56078431372549,2883.0,2727.0
1997,4,51.0,25.982238010657195,298.00000000000006,264.99999999999994
1997,4,52.0,19.5,1.0,1.0
1997,4,53.0,26.0,2.0,0.0
1997,4,55.0,29.375,9.0,7.0
1997,4,57.0,27.043478260869566,85.0,76.0
1997,4,59.0,28.25,24.999999999999996,23.000000000000004
1997,5,1.0,25.665141265419816,2621.0,2405.0
1997,5,2.0,27.05938242280285,420.0000000000001,421.9999999999999
1997,5,3.0,26.41523902757383,3170.9999999999995,2958.0000000000005
1997,5,4.0,25.008420343550018,1540.0,1429.0
1997,5,5.0,27.47346178315005,22517.0,21495.0
1997,5,6.0,27.532329317269078,2502.0000000000005,2477.9999999999995
1997,5,7.0,29.10699039487727,1958.0000000000002,1789.9999999999998
1997,5,8.0,27.39219934994583,478.99999999999994,444.00000000000006
1997,5,9.0,27.248153618906944,321.00000000000006,355.99999999999994
1997,5,10.0,26.997354497354497,8083.000000000001,7792.999999999999
1997,5,11.0,26.45097636176773,4956.0,4774.0
1997,5,12.0,27.658884565499353,779.0,763.0
1997,5,13.0,26.41801242236025,856.0000000000001,753.9999999999999
1997,5,14.0,27.414643496038845,8003.999999999998,7648.000000000002
1997,5,15.0,26.24387151310228,3646.0000000000005,3451.9999999999995
1997,5,16.0,27.171015403961018,1589.0,1592.0
1997,5,17.0,26.89549889833176,1617.9999999999998,1559.0000000000002
1997,5,18.0,25.760604693140795,2255.9999999999995,2176.0000000000005
1997,5,19.0,25.563532763532763,2711.0000000000005,2553.9999999999995
1997,5,20.0,27.56291390728477,638.0000000000001,569.9999999999999
1997,5,21.0,28.397208538587847,3158.0,2932.0
1997,5,22.0,29.464734982332157,3625.0000000000005,3449.9999999999995
1997,5,23.0,27.201722961446606,6004.0,5720.0
1997,5,24.0,28.096094552929085,2988.0,2850.0
1997,5,25.0,24.944461305007586,1670.0000000000002,1624.9999999999998
1997,5,26.0,26.537339743589744,3181.0000000000005,3058.9999999999995
1997,5,27.0,27.02110552763819,504.00000000000006,490.99999999999994
1997,5,28.0,27.15159045725646,1051.9999999999998,960.0000000000002
1997,5,29.0,26.797913950456323,1172.0000000000002,1128.9999999999998
1997,5,30.0,28.388318863456984,644.9999999999999,622.0000000000001
1997,5,31.0,29.18496705929327,5192.0,4826.0
1997,5,32.0,25.75,1229.9999999999998,1142.0000000000002
1997,5,33.0,28.489646610207068,11560.000000000002,10992.999999999998
1997,5,34.0,26.411136624569462,4508.0,4202.0
1997,5,35.0,27.033738191632928,402.0,339.0
1997,5,36.0,26.849046650086667,6801.0,6468.0
1997,5,37.0,25.478636826042727,2001.9999999999995,1930.0000000000005
1997,5,38.0,27.083311637594377,2001.0,1840.0
1997,5,39.0,27.80380452085323,6418.0,6146.0
1997,5,40.0,28.096860986547085,545.9999999999999,569.0000000000001
1997,5,41.0,25.998577187574107,2218.0,1999.0
1997,5,42.0,26.94527896995708,487.00000000000006,444.99999999999994
1997,5,43.0,25.94197450147107,3131.9999999999995,2986.0000000000005
1997,5,44.0,26.048129504219027,14089.999999999998,13523.000000000002
1997,5,45.0,26.498160798738834,1928.0000000000002,1877.9999999999998
1997,5,46.0,28.213008130081302,297.0,318.0
1997,5,47.0,27.703072521457894,4042.0,3997.0
1997,5,48.0,27.566848065892042,3465.999999999999,3333.000000000001
1997,5,49.0,25.54503990877993,937.0,817.0
1997,5,50.0,27.547933459097926,2929.9999999999995,2901.0000000000005
1997,5,51.0,26.250865051903116,292.0,286.0
1997,5,52.0,24.0,0.9999999999999998,2.0
1997,5,53.0,29.5,2.0,0.0
1997,5,55.0,31.09090909090909,9.0,2.000000000000001
1997,5,57.0,27.01058201058201,110.00000000000001,78.99999999999999
1997,5,59.0,29.890625,31.0,33.0
1997,6,1.0,25.528096800656275,2494.0,2382.0
1997,6,2.0,27.027946537059538,400.99999999999994,422.00000000000006
1997,6,3.0,26.290992316495014,3128.0000000000005,2988.9999999999995
1997,6,4.0,24.869168026101143,1571.0000000000002,1493.9999999999998
1997,6,5.0,27.425673940949935,22096.999999999996,20748.000000000004
1997,6,6.0,27.202523789822095,2558.9999999999995,2275.0000000000005
1997,6,7.0,29.114364640883977,1830.0000000000005,1789.9999999999995
1997,6,8.0,27.29078014184397,404.0,442.0
1997,6,9.0,26.80616740088106,370.0,311.0
1997,6,10.0,27.010071090047393,7754.0,7438.0
1997,6,11.0,26.46058178752108,4827.0,4661.0
1997,6,12.0,27.42078853046595,739.9999999999999,655.0000000000001
1997,6,13.0,26.28975487115022,827.0,764.0
1997,6,14.0,27.411195760185493,7705.0,7390.0
1997,6,15.0,26.30590747330961,3601.9999999999995,3423.0000000000005
1997,6,16.0,26.907020872865274,1621.0000000000002,1540.9999999999998
1997,6,17.0,26.46190627988524,1606.9999999999998,1530.0000000000002
1997,6,18.0,25.699709756642108,2326.9999999999995,2152.0000000000005
1997,6,19.0,25.561453576864537,2672.0000000000005,2583.9999999999995
1997,6,20.0,27.544511668107173,597.0,560.0
1997,6,21.0,28.162010221465078,3037.0000000000005,2832.9999999999995
1997,6,22.0,29.455980306979438,3556.0000000000005,3349.9999999999995
1997,6,23.0,27.2534121533513,5915.000000000001,5587.999999999999
1997,6,24.0,28.208437166251336,2899.0000000000005,2718.9999999999995
1997,6,25.0,24.84670020716188,1688.0000000000002,1690.9999999999998
1997,6,26.0,26.622031981909224,3239.0,2952.0
1997,6,27.0,26.881320949432403,506.0000000000001,462.9999999999999
1997,6,28.0,27.192521475492672,988.9999999999999,990.0000000000001
1997,6,29.0,26.49241379310345,1109.9999999999998,1065.0000000000002
1997,6,30.0,28.509697439875872,652.0,637.0
1997,6,31.0,29.005847342591625,4914.0,4663.0
1997,6,32.0,25.604578096947936,1124.0000000000002,1103.9999999999998
1997,6,33.0,28.481313861801894,10986.999999999998,10446.000000000002
1997,6,34.0,26.418101992570076,4570.0,4313.0
1997,6,35.0,26.920895522388058,344.0,326.0
1997,6,36.0,26.675989404799004,6635.000000000001,6200.999999999999
1997,6,37.0,25.44507042253521,2045.9999999999998,1859.0000000000002
1997,6,38.0,26.84284937466014,1842.9999999999998,1835.0000000000002
1997,6,39.0,27.8416849995926,6340.000000000001,5932.999999999999
1997,6,40.0,27.908912830558275,524.0,496.99999999999994
1997,6,41.0,26.0429418742586,2186.0,2029.0
1997,6,42.0,26.54513888888889,423.99999999999994,440.00000000000006
1997,6,43.0,25.785888473418957,3123.0,3028.0
1997,6,44.0,25.990464222353637,13892.999999999998,13163.000000000002
1997,6,45.0,26.49271844660194,1909.9999999999995,1798.0000000000005
1997,6,46.0,28.155482815057283,315.99999999999994,295.00000000000006
1997,6,47.0,27.510485797717017,3871.0000000000005,3662.9999999999995
1997,6,48.0,27.298591549295775,3462.9999999999995,3282.0000000000005
1997,6,49.0,25.295724465558195,901.0000000000001,782.9999999999999
1997,6,50.0,27.703196347031962,2884.9999999999995,2809.0000000000005
1997,6,51.0,25.972118959107807,252.99999999999994,285.00000000000006
1997,6,52.0,29.0,1.0,1.0
1997,6,53.0,34.0,2.0,0.0
1997,6,55.0,30.736842105263158,7.000000000000001,12.0
1997,6,57.0,27.17156862745098,113.0,91.0
1997,6,59.0,30.266666666666666,36.0,39.0
1997,7,1.0,25.4728002920774,2788.9999999999995,2689.0000000000005
1997,7,2.0,27.223044397463003,504.99999999999994,441.00000000000006
1997,7,3.0,26.178345864661654,3476.000000000001,3173.999999999999
1997,7,4.0,24.985718626557276,1715.9999999999998,1575.0000000000002
1997,7,5.0,27.448621877691647,23575.999999999996,22864.000000000004
1997,7,6.0,27.48107549120993,2456.9999999999995,2378.0000000000005
1997,7,7.0,29.105356240525516,2015.9999999999998,1942.0000000000002
1997,7,8.0,26.993485342019543,485.0,436.0
1997,7,9.0,27.21005917159763,349.0,327.0
1997,7,10.0,27.015109154720125,8549.999999999998,8261.000000000002
1997,7,11.0,26.27153214113098,5353.0,4992.0
1997,7,12.0,27.642049234863606,769.0,734.0
1997,7,13.0,26.16419679905157,865.9999999999999,821.0000000000001
1997,7,14.0,27.28421442687747,8191.000000000001,8000.999999999999
1997,7,15.0,26.265699208443273,3871.0000000000005,3708.9999999999995
1997,7,16.0,26.859375,1729.0,1599.0
1997,7,17.0,26.605578884223156,1776.0000000000002,1557.9999999999998
1997,7,18.0,25.508833922261484,2491.0,2320.0
1997,7,19.0,25.49719721420078,2981.0000000000005,2905.9999999999995
1997,7,20.0,27.232315112540192,629.9999999999999,614.0000000000001
1997,7,21.0,28.220658019614046,3227.9999999999995,3094.0000000000005
1997,7,22.0,29.24972497249725,3712.000000000001,3559.999999999999
1997,7,23.0,27.1944819439757,6022.000000000001,5829.999999999999
1997,7,24.0,28.04695652173913,2970.0000000000005,2779.9999999999995
1997,7,25.0,24.97431906614786,1968.9999999999998,1886.0000000000002
1997,7,26.0,26.369565217391305,3406.9999999999995,3217.0000000000005
1997,7,27.0,26.847373637264617,528.0000000000001,480.9999999999999
1997,7,28.0,27.07487922705314,1055.0,1014.9999999999999
1997,7,29.0,26.6925,1231.0,1169.0
1997,7,30.0,28.333333333333332,683.0,685.0
1997,7,31.0,29.13947190250508,5270.000000000001,5068.999999999999
1997,7,32.0,25.636963696369637,1209.0000000000002,1214.9999999999998
1997,7,33.0,28.453453846825603,11828.999999999998,11073.000000000002
1997,7,34.0,26.381526939879343,4987.0,4627.0
1997,7,35.0,26.802597402597403,418.99999999999994,351.00000000000006
1997,7,36.0,26.6256150400235,6901.999999999999,6715.000000000001
1997,7,37.0,25.318304779080254,2242.0,2194.0
1997,7,38.0,26.846538365408648,2011.9999999999998,1989.0000000000002
1997,7,39.0,27.743093491493678,6562.0,6252.0
1997,7,40.0,27.963096309630963,589.0,522.0
1997,7,41.0,25.97315578101881,2498.9999999999995,2232.0000000000005
1997,7,42.0,27.107262569832404,455.99999999999994,439.00000000000006
1997,7,43.0,25.770573190913193,3354.0000000000005,3292.9999999999995
1997,7,44.0,25.968717378859818,15191.000000000002,14505.999999999998
1997,7,45.0,26.053893759669933,2021.9999999999998,1856.0000000000002
1997,7,46.0,28.0926517571885,320.99999999999994,305.00000000000006
1997,7,47.0,27.522866808670592,4090.9999999999995,3890.0000000000005
1997,7,48.0,27.23236688040145,3655.000000000001,3518.999999999999
1997,7,49.0,25.425054704595187,958.0000000000001,869.9999999999999
1997,7,50.0,27.451612903225808,2993.9999999999995,2958.0000000000005
1997,7,51.0,26.185714285714287,313.0,317.0
1997,7,52.0,24.333333333333332,2.0,0.9999999999999998
1997,7,53.0,32.0,0.9999999999999998,2.0
1997,7,55.0,28.05263157894737,11.0,8.0
1997,7,57.0,27.236607142857142,121.0,103.0
1997,7,59.0,31.305084745762713,32.00000000000001,26.999999999999993
1997,8,1.0,25.452552054542103,2737.0,2690.0
1997,8,2.0,26.93548387096774,419.0,387.0
1997,8,3.0,26.247251114413075,3468.9999999999995,3261.0000000000005
1997,8,4.0,24.944884383908775,1645.9999999999998,1511.0000000000002
1997,8,5.0,27.425607842294216,23747.0,22770.0
1997,8,6.0,27.517297517297518,2528.0,2386.0
1997,8,7.0,29.019499341238472,1954.0000000000002,1840.9999999999998
1997,8,8.0,27.18936877076412,455.0,448.0
1997,8,9.0,27.39912917271408,361.99999999999994,327.00000000000006
1997,8,10.0,26.89684422825958,8677.0,8181.000000000001
1997,8,11.0,26.34796716930712,5326.0,5152.0
1997,8,12.0,27.727826675693976,755.9999999999999,721.0000000000001
1997,8,13.0,26.287266143633072,831.0,826.0
1997,8,14.0,27.322315104332844,8028.0,7643.0
1997,8,15.0,26.243589743589745,3671.0000000000005,3582.9999999999995
1997,8,16.0,26.974789915966387,1643.9999999999998,1569.0000000000002
1997,8,17.0,26.39439195367266,1686.9999999999998,1594.0000000000002
1997,8,18.0,25.611312700106723,2422.0000000000005,2262.9999999999995
1997,8,19.0,25.41314713896458,2951.9999999999995,2920.0000000000005
1997,8,20.0,27.03381234150465,587.0,596.0
1997,8,21.0,28.13282417399967,3033.0000000000005,2989.9999999999995
1997,8,22.0,29.214073339940533,3576.0,3487.0
1997,8,23.0,27.19698268472484,5837.999999999999,5828.000000000001
1997,8,24.0,27.96707229778096,2896.0000000000005,2691.9999999999995
1997,8,25.0,24.712204507971414,1902.0,1736.0
1997,8,26.0,26.287793427230046,3283.9999999999995,3106.0000000000005
1997,8,27.0,26.77980665950591,506.99999999999994,424.00000000000006
1997,8,28.0,27.313047711781888,1019.0000000000001,1035.0
1997,8,29.0,26.4743031358885,1198.0,1098.0
1997,8,30.0,28.328618968386024,615.0,587.0
1997,8,31.0,29.00386180983196,4891.999999999999,4689.000000000001
1997,8,32.0,25.827406764960973,1201.0,1105.0
1997,8,33.0,28.474752944361718,11268.0,10893.0
1997,8,34.0,26.206720233747262,4876.000000000001,4706.999999999999
1997,8,35.0,26.9671682626539,391.00000000000006,339.99999999999994
1997,8,36.0,26.646142377935146,6826.999999999998,6588.000000000002
1997,8,37.0,25.20897649014486,2181.0,2029.9999999999998
1997,8,38.0,26.854933333333335,1902.0000000000005,1847.9999999999995
1997,8,39.0,27.76871774513696,6415.000000000001,6179.999999999999
1997,8,40.0,28.094569288389515,535.9999999999999,532.0000000000001
1997,8,41.0,26.019445051343673,2356.0000000000005,2220.9999999999995
1997,8,42.0,26.33941605839416,411.0,411.0
1997,8,43.0,25.67827963619547,3327.0000000000005,3159.9999999999995
1997,8,44.0,25.96868666396433,15217.0,14387.0
1997,8,45.0,26.37286736378646,1852.0,1782.0
1997,8,46.0,28.120068610634647,303.00000000000006,279.99999999999994
1997,8,47.0,27.584615384615386,4064.9999999999995,3800.0000000000005
1997,8,48.0,27.211515689757253,3485.9999999999995,3270.0000000000005
1997,8,49.0,25.307471264367816,896.0,844.0
1997,8,50.0,27.403391027905332,2910.0000000000005,2751.9999999999995
1997,8,51.0,25.380453752181502,282.0,291.0
1997,8,52.0,30.333333333333332,3.0,0.0
1997,8,53.0,31.0,1.0,0.0
1997,8,55.0,30.666666666666668,13.000000000000002,4.999999999999998
1997,8,57.0,26.82572614107884,115.00000000000001,125.99999999999999
1997,8,59.0,30.112676056338028,36.0,35.0
1997,9,1.0,25.3018154311649,2721.0,2567.0
1997,9,2.0,27.147368421052633,432.0,423.0
1997,9,3.0,26.35994687131051,3544.9999999999995,3231.0000000000005
1997,9,4.0,24.899194847020933,1615.0000000000002,1489.9999999999998
1997,9,5.0,27.459500528541227,23089.000000000004,22318.999999999996
1997,9,6.0,27.49906073888541,2485.0,2306.0
1997,9,7.0,29.03346238938053,1826.0,1790.0
1997,9,8.0,27.51605231866825,429.99999999999994,411.00000000000006
1997,9,9.0,26.96904024767802,319.99999999999994,326.00000000000006
1997,9,10.0,26.97978180955769,8709.999999999998,8156.000000000001
1997,9,11.0,26.235632744658016,5216.999999999999,5032.000000000001
1997,9,12.0,27.497091144149966,794.9999999999999,752.0000000000001
1997,9,13.0,26.07649253731343,836.9999999999999,771.0000000000001
1997,9,14.0,27.340016708437762,7974.0,7587.0
1997,9,15.0,26.27125956854558,3709.9999999999995,3475.0000000000005
1997,9,16.0,26.939774983454665,1591.0000000000002,1430.9999999999998
1997,9,17.0,26.467992541951524,1633.9999999999998,1584.0000000000002
1997,9,18.0,25.701528384279477,2335.0,2245.0
1997,9,19.0,25.532919046019483,3042.9999999999995,2911.0000000000005
1997,9,20.0,27.364428945074106,600.9999999999999,546.0000000000001
1997,9,21.0,28.282842051456807,2993.0,2876.0
1997,9,22.0,29.1806097384771,3572.0,3349.0
1997,9,23.0,27.196636249776347,5727.999999999999,5450.000000000001
1997,9,24.0,28.083302819480043,2771.0,2691.0
1997,9,25.0,24.823783783783785,1889.9999999999995,1810.0000000000005
1997,9,26.0,26.541007194244603,3215.0,3040.0
1997,9,27.0,26.90415704387991,442.99999999999994,423.00000000000006
1997,9,28.0,26.98217014773306,999.9999999999999,963.0000000000001
1997,9,29.0,26.601480836236934,1193.9999999999998,1102.0000000000002
1997,9,30.0,28.158870967741937,642.0000000000001,597.9999999999999
1997,9,31.0,29.08350929054054,4820.0,4652.0
1997,9,32.0,25.898904802021903,1183.0,1191.0
1997,9,33.0,28.366354797284902,11210.0,10594.0
1997,9,34.0,26.368168952754193,4679.999999999999,4506.000000000001
1997,9,35.0,27.196353436185134,356.00000000000006,356.99999999999994
1997,9,36.0,26.669934640522875,6536.000000000001,6315.999999999999
1997,9,37.0,25.425041976493162,2123.9999999999995,2045.0000000000005
1997,9,38.0,26.617623062279034,1862.0,1815.0
1997,9,39.0,27.713787227136248,6357.999999999999,5965.000000000001
1997,9,40.0,27.55209347614411,533.0000000000001,493.9999999999999
1997,9,41.0,26.13496796995803,2361.9999999999995,2165.0000000000005
1997,9,42.0,26.913308913308914,389.00000000000006,429.99999999999994
1997,9,43.0,25.812470477090223,3280.0,3071.0
1997,9,44.0,26.04057971014493,15221.999999999998,14448.000000000002
1997,9,45.0,26.232715008431704,1844.0,1714.0
1997,9,46.0,27.784832451499117,292.0,275.0
1997,9,47.0,27.501583681743316,4019.0000000000005,3873.9999999999995
1997,9,48.0,27.40302343159486,3350.0,3265.0
1997,9,49.0,25.418333333333333,911.0000000000001,888.9999999999999
1997,9,50.0,27.5776364599894,2828.0000000000005,2832.9999999999995
1997,9,51.0,26.020793950850663,261.0,268.0
1997,9,52.0,26.0,0.9999999999999998,2.0
1997,9,53.0,25.6,0.9999999999999998,4.0
1997,9,54.0,25.0,1.0,0.0
1997,9,55.0,28.125,6.0,2.0
1997,9,57.0,27.021459227467812,118.0,115.0
1997,9,59.0,29.274193548387096,32.0,30.0
1997,10,1.0,25.47447906709998,2626.9999999999995,2604.0000000000005
1997,10,2.0,26.957972805933252,389.0,420.0
1997,10,3.0,26.22520564954214,3399.999999999999,3043.000000000001
1997,10,4.0,25.140098199672668,1556.9999999999998,1498.0000000000002
1997,10,5.0,27.553430183804366,22418.000000000004,21704.999999999996
1997,10,6.0,27.351657401688286,2511.0000000000005,2345.9999999999995
1997,10,7.0,28.915742793791573,1821.9999999999995,1786.0000000000005
1997,10,8.0,26.902923976608186,435.0,420.0
1997,10,9.0,27.20061255742726,335.99999999999994,317.00000000000006
1997,10,10.0,26.983068971662806,8622.0,8211.0
1997,10,11.0,26.39935717155484,5115.0,4841.0
1997,10,12.0,27.682582380632144,770.0000000000001,716.9999999999999
1997,10,13.0,26.42979002624672,789.0,735.0
1997,10,14.0,27.299529534762154,7886.000000000001,7417.999999999999
1997,10,15.0,26.286867828304292,3595.0,3464.0
1997,10,16.0,27.085342639593907,1646.0000000000005,1505.9999999999995
1997,10,17.0,26.67907413199875,1644.9999999999998,1552.0000000000002
1997,10,18.0,25.704216073781293,2323.0000000000005,2230.9999999999995
1997,10,19.0,25.361353331008022,2900.9999999999995,2833.0000000000005
1997,10,20.0,27.09375,579.0000000000001,572.9999999999999
1997,10,21.0,28.40224604389995,2984.9999999999995,2892.0000000000005
1997,10,22.0,29.375756680939023,3450.0000000000005,3322.9999999999995
1997,10,23.0,27.226882400795443,5614.0,5449.0
1997,10,24.0,28.121251629726206,2767.9999999999995,2601.0000000000005
1997,10,25.0,24.898806139852187,1856.0000000000002,1661.9999999999998
1997,10,26.0,26.487812549142948,3269.9999999999995,3089.0000000000005
1997,10,27.0,26.982876712328768,450.00000000000006,425.99999999999994
1997,10,28.0,27.222851260936697,1027.9999999999998,915.0000000000002
1997,10,29.0,26.363865546218488,1247.9999999999998,1132.0000000000002
1997,10,30.0,28.160504201680673,606.0,584.0
1997,10,31.0,29.045478197523156,4907.0,4702.0
1997,10,32.0,25.929558626839054,1137.0,1106.0
1997,10,33.0,28.391897555296858,10895.000000000002,10579.999999999998
1997,10,34.0,26.37593984962406,4758.0,4419.0
1997,10,35.0,27.327217125382262,321.00000000000006,332.99999999999994
1997,10,36.0,26.71297875639634,6564.0,6334.0
1997,10,37.0,25.35442092154421,2042.0,1973.0
1997,10,38.0,26.643356643356643,1793.9999999999995,1781.0000000000005
1997,10,39.0,27.882941224690548,6218.000000000001,5980.999999999999
1997,10,40.0,27.40929401251117,552.0000000000001,566.9999999999999
1997,10,41.0,26.009238395673727,2319.9999999999995,2118.0000000000005
1997,10,42.0,26.499429874572407,447.00000000000006,429.99999999999994
1997,10,43.0,25.870805104773908,3296.0,3051.0
1997,10,44.0,26.08806976097832,14814.999999999998,13969.000000000002
1997,10,45.0,26.284466284466284,1845.0,1818.0
1997,10,46.0,28.276507276507278,248.0,233.0
1997,10,47.0,27.54402475183705,3932.0000000000005,3824.9999999999995
1997,10,48.0,27.32952641997868,3364.9999999999995,3202.0000000000005
1997,10,49.0,25.454072790294628,865.9999999999999,865.0000000000001
1997,10,50.0,27.61846098910909,2925.0000000000005,2675.9999999999995
1997,10,51.0,26.5458089668616,262.99999999999994,250.00000000000006
1997,10,52.0,29.666666666666668,0.9999999999999998,2.0
1997,10,54.0,25.0,1.0,1.0
1997,10,55.0,28.833333333333332,10.0,8.0
1997,10,57.0,26.761467889908257,120.99999999999997,97.00000000000003
1997,10,59.0,28.660377358490567,21.999999999999996,31.000000000000004
1997,11,1.0,25.38063063063063,2431.9999999999995,2452.0000000000005
1997,11,2.0,27.164520743919887,359.0,340.0
1997,11,3.0,26.108311938382542,3169.0,3063.0
1997,11,4.0,24.893507385778083,1494.0,1417.0
1997,11,5.0,27.3802014787873,21369.000000000004,20421.999999999996
1997,11,6.0,27.248148979133948,2289.0,2168.0
1997,11,7.0,29.00306091215182,1698.0,1569.0
1997,11,8.0,27.448060075093867,428.99999999999994,370.00000000000006
1997,11,9.0,27.320272572402043,310.0,277.0
1997,11,10.0,26.93024453024453,7922.999999999999,7617.000000000001
1997,11,11.0,26.242343541944074,5020.999999999999,4742.000000000001
1997,11,12.0,27.43500363108206,710.0000000000001,666.9999999999999
1997,11,13.0,26.325811001410436,729.0,689.0
1997,11,14.0,27.185917496443814,7246.999999999998,6813.000000000002
1997,11,15.0,26.172477064220182,3325.9999999999995,3214.0000000000005
1997,11,16.0,26.985546218487396,1510.0,1465.0
1997,11,17.0,26.57219430485762,1528.0,1457.0
1997,11,18.0,25.83293499043977,2126.9999999999995,2057.0000000000005
1997,11,19.0,25.390910770367633,2840.0000000000005,2572.9999999999995
1997,11,20.0,27.273674242424242,533.9999999999999,522.0000000000001
1997,11,21.0,28.1054233040988,2874.0000000000005,2712.9999999999995
1997,11,22.0,29.162188254223654,3183.9999999999995,3031.0000000000005
1997,11,23.0,27.056956479408043,5316.999999999999,4954.000000000001
1997,11,24.0,28.14709517923362,2533.0,2321.0
1997,11,25.0,24.684613121506324,1724.0,1675.0
1997,11,26.0,26.40599593495935,2995.0,2909.0
1997,11,27.0,26.78562577447336,415.99999999999994,391.00000000000006
1997,11,28.0,27.07236842105263,894.9999999999999,929.0000000000001
1997,11,29.0,26.410506741050675,1065.9999999999998,1085.0000000000002
1997,11,30.0,28.544802867383513,567.0,549.0
1997,11,31.0,28.9260483135825,4489.999999999999,4286.000000000001
1997,11,32.0,25.714424007744434,1064.0,1002.0
1997,11,33.0,28.36611135682343,10399.0,9950.0
1997,11,34.0,26.242986320426617,4381.0,4245.0
1997,11,35.0,27.19376026272578,310.0,299.0
1997,11,36.0,26.58849709003766,5946.000000000001,5737.999999999999
1997,11,37.0,25.50294947422416,1993.0,1906.0
1997,11,38.0,26.807149034303833,1752.9999999999998,1716.0000000000002
1997,11,39.0,27.728954589714082,5785.0,5512.0
1997,11,40.0,27.75108695652174,470.00000000000006,449.99999999999994
1997,11,41.0,25.724682786689012,2132.0,2045.0
1997,11,42.0,26.219638242894057,384.0,390.0
1997,11,43.0,25.834148727984346,3141.9999999999995,2990.0000000000005
1997,11,44.0,25.852832829882857,13785.0,13361.0
1997,11,45.0,26.132256134051467,1762.0,1580.0
1997,11,46.0,27.96564885496183,252.0,272.0
1997,11,47.0,27.600523632354967,3730.0,3527.0
1997,11,48.0,27.354381225730204,3087.0000000000005,2835.9999999999995
1997,11,49.0,25.491842900302114,877.9999999999998,777.0000000000002
1997,11,50.0,27.459153831156172,2621.9999999999995,2507.0000000000005
1997,11,51.0,25.77922077922078,253.99999999999997,208.00000000000003
1997,11,53.0,34.75,3.0,1.0
1997,11,55.0,31.0,5.0,4.0
1997,11,57.0,26.983539094650205,128.0,114.99999999999999
1997,11,59.0,30.980392156862745,25.0,26.0
1997,12,1.0,25.299105478941485,2715.0000000000005,2650.9999999999995
1997,12,2.0,27.002275312855517,432.99999999999994,446.00000000000006
1997,12,3.0,26.153580543461942,3463.9999999999995,3197.0000000000005
1997,12,4.0,24.706614077669904,1722.0000000000002,1573.9999999999998
1997,12,5.0,27.35064877057418,22747.000000000004,22029.999999999996
1997,12,6.0,27.13586265366681,2349.0,2369.0
1997,12,7.0,28.977945443993036,1780.0000000000002,1665.9999999999998
1997,12,8.0,26.966200466200466,461.00000000000006,396.99999999999994
1997,12,9.0,27.189602446483182,352.99999999999994,301.00000000000006
1997,12,10.0,26.875778629611883,8640.000000000002,8055.999999999999
1997,12,11.0,26.1942785590445,5270.999999999999,5111.000000000001
1997,12,12.0,27.68005354752343,736.9999999999999,757.0000000000001
1997,12,13.0,26.107235142118864,792.0,756.0
1997,12,14.0,27.106266666666667,7602.999999999999,7397.000000000001
1997,12,15.0,26.029814893316377,3572.0000000000005,3504.9999999999995
1997,12,16.0,26.766993464052288,1587.9999999999998,1472.0000000000002
1997,12,17.0,26.64283474443399,1612.9999999999998,1576.0000000000002
1997,12,18.0,25.66521549847627,2302.9999999999995,2291.0000000000005
1997,12,19.0,25.34394475324238,3047.9999999999995,2889.0000000000005
1997,12,20.0,27.3609239653513,536.0000000000001,502.9999999999999
1997,12,21.0,28.167226890756304,3112.0,2838.0
1997,12,22.0,29.259569192623587,3305.000000000001,3147.999999999999
1997,12,23.0,26.973076923076924,5547.0,5373.0
1997,12,24.0,28.041854981332285,2586.9999999999995,2502.0000000000005
1997,12,25.0,24.64724409448819,1973.0,1837.0
1997,12,26.0,26.398657089319176,3273.0,3131.0
1997,12,27.0,26.743589743589745,442.0,416.0
1997,12,28.0,26.916789035731767,1021.9999999999999,1021.0000000000001
1997,12,29.0,26.564529558701082,1235.9999999999998,1166.0000000000002
1997,12,30.0,28.357400722021662,583.9999999999999,524.0000000000001
1997,12,31.0,29.019639235777564,4727.000000000001,4641.999999999999
1997,12,32.0,25.71647509578544,1176.0000000000002,1172.9999999999998
1997,12,33.0,28.31912986032465,10805.999999999998,10386.000000000002
1997,12,34.0,26.272401822521154,4788.0,4430.0
1997,12,35.0,26.924863387978142,371.99999999999994,360.00000000000006
1997,12,36.0,26.69541563325066,6356.000000000001,6142.999999999999
1997,12,37.0,25.10423377818684,2221.0,2125.0
1997,12,38.0,26.677543186180422,1836.0000000000005,1810.9999999999995
1997,12,39.0,27.65894346617238,6115.0,5754.0
1997,12,40.0,27.66910229645094,474.00000000000006,483.99999999999994
1997,12,41.0,25.697965239508267,2446.0,2272.0
1997,12,42.0,26.767878077373975,415.00000000000006,437.99999999999994
1997,12,43.0,25.564074984634296,3323.000000000001,3184.999999999999
1997,12,44.0,25.981655771929223,15078.0,14141.0
1997,12,45.0,26.011120151885002,1880.9999999999998,1806.0000000000002
1997,12,46.0,27.284823284823286,239.00000000000003,241.99999999999997
1997,12,47.0,27.48510254095189,3962.9999999999995,3790.0000000000005
1997,12,48.0,27.266265803268578,3312.0000000000005,3173.9999999999995
1997,12,49.0,25.456867196367764,893.9999999999999,868.0000000000001
1997,12,50.0,27.33484820941647,2772.0,2729.0
1997,12,51.0,25.86875,245.99999999999997,234.00000000000003
1997,12,52.0,24.0,0.0,1.0
1997,12,53.0,29.5,2.0,0.0
1997,12,55.0,28.666666666666668,6.999999999999999,2.000000000000001
1997,12,57.0,26.89005235602094,84.0,107.0
1997,12,59.0,29.625,30.0,34.0
1998,1,1.0,25.323467230443974,2639.0000000000005,2563.9999999999995
1998,1,2.0,26.872180451127818,393.99999999999994,404.00000000000006
1998,1,3.0,26.163408674404398,3439.9999999999995,3108.0000000000005
1998,1,4.0,24.962049951346092,1556.9999999999998,1526.0000000000002
1998,1,5.0,27.414964101853776,22344.999999999996,20972.000000000004
1998,1,6.0,27.055758095646578,2437.0,2226.0
1998,1,7.0,28.958147818343722,1738.0,1631.0
1998,1,8.0,26.717391304347824,415.0,413.0
1998,1,9.0,26.72063037249284,372.00000000000006,325.99999999999994
1998,1,10.0,26.876960569893146,8155.000000000001,7847.999999999999
1998,1,11.0,26.2141,5042.0,4958.0
1998,1,12.0,27.650771388499297,744.0000000000001,681.9999999999999
1998,1,13.0,26.135902636916835,778.0000000000001,700.9999999999999
1998,1,14.0,27.21827133479212,7454.0,7170.0
1998,1,15.0,25.886652078774617,3522.0,3333.0
1998,1,16.0,26.858115005103777,1471.0,1468.0
1998,1,17.0,26.281712813908563,1595.0,1511.0
1998,1,18.0,25.627330604820372,2207.9999999999995,2190.0000000000005
1998,1,19.0,25.261447297539952,2824.0000000000005,2744.9999999999995
1998,1,20.0,27.36460348162476,524.0,510.0
1998,1,21.0,27.982949701619777,2976.0,2889.0
1998,1,22.0,29.226168511685117,3356.0,3148.0
1998,1,23.0,27.052691649229597,5413.999999999999,5100.000000000001
1998,1,24.0,28.029991948470208,2591.0,2377.0
1998,1,25.0,24.71610629067245,1891.0,1797.0
1998,1,26.0,26.262067866815357,3183.9999999999995,3093.0000000000005
1998,1,27.0,26.63558282208589,410.0,405.0
1998,1,28.0,27.012540894220283,965.0000000000002,868.9999999999998
1998,1,29.0,26.474410324877613,1131.0,1116.0
1998,1,30.0,28.74930619796485,526.0,555.0
1998,1,31.0,28.97794685191311,4720.0,4349.0
1998,1,32.0,25.579945799457995,1124.0,1090.0
1998,1,33.0,28.240878701050622,10676.000000000002,10263.999999999998
1998,1,34.0,26.191816981962166,4656.0,4436.0
1998,1,35.0,26.60322580645161,311.00000000000006,308.99999999999994
1998,1,36.0,26.54842139702274,6181.999999999999,6044.000000000001
1998,1,37.0,25.339272638515986,2114.9999999999995,1982.0000000000002
1998,1,38.0,26.637389202256244,1916.0,1807.0
1998,1,39.0,27.611034124372075,5887.000000000001,5658.999999999999
1998,1,40.0,28.05771144278607,539.0,466.0
1998,1,41.0,25.98848028356225,2302.0,2212.0
1998,1,42.0,26.887767969735183,427.00000000000006,365.99999999999994
1998,1,43.0,25.74330607663941,3217.0000000000005,3019.9999999999995
1998,1,44.0,25.91170695133707,14487.0,13522.0
1998,1,45.0,26.17391304347826,1795.0,1747.0
1998,1,46.0,27.79014989293362,258.0,209.00000000000003
1998,1,47.0,27.42778721735721,3922.0000000000005,3728.9999999999995
1998,1,48.0,27.32671254300907,3328.0,3066.0
1998,1,49.0,25.23261117445838,882.0000000000002,871.9999999999998
1998,1,50.0,27.45246783176493,2681.0,2526.0
1998,1,51.0,25.414201183431953,253.99999999999994,253.00000000000006
1998,1,53.0,34.0,1.0,0.0
1998,1,54.0,34.0,1.0,1.0
1998,1,55.0,31.5,5.0,3.0
1998,1,57.0,27.554285714285715,88.0,87.0
1998,1,59.0,30.148936170212767,30.0,17.0
1998,2,1.0,25.310912416175572,2506.9999999999995,2414.0000000000005
1998,2,2.0,27.046941678520625,354.0,349.0
1998,2,3.0,26.352420614263405,3005.0,2758.0
1998,2,4.0,25.059086224665062,1462.9999999999998,1448.0000000000002
1998,2,5.0,27.4519052523172,19732.000000000004,19107.999999999996
1998,2,6.0,27.17382505059591,2252.0000000000005,2194.9999999999995
1998,2,7.0,28.993753718024983,1739.0000000000002,1622.9999999999998
1998,2,8.0,27.09559748427673,396.9999999999999,398.0000000000001
1998,2,9.0,27.073825503355703,301.00000000000006,294.99999999999994
1998,2,10.0,26.921839691612387,7652.0,7394.0
1998,2,11.0,26.274014710725655,4635.000000000001,4473.999999999999
1998,2,12.0,27.71259568545581,744.9999999999999,692.0000000000001
1998,2,13.0,25.995031937544358,725.9999999999999,683.0000000000001
1998,2,14.0,27.155697199742175,7072.000000000001,6890.999999999999
1998,2,15.0,26.15291750503018,3308.9999999999995,3152.0000000000005
1998,2,16.0,26.836608066184073,1527.0,1374.0
1998,2,17.0,26.5769358590894,1516.9999999999998,1492.0000000000002
1998,2,18.0,25.63840155945419,2070.9999999999995,2033.0000000000005
1998,2,19.0,25.22408801389693,2617.0,2564.0
1998,2,20.0,27.169702780441035,568.0,475.0
1998,2,21.0,28.191189910436847,2830.0,2641.0
1998,2,22.0,29.389805587322332,3109.0,3012.0
1998,2,23.0,27.051347881899872,5291.0,4836.0
1998,2,24.0,28.143147208121828,2513.0,2412.0
1998,2,25.0,24.66786678667867,1631.0000000000002,1701.9999999999998
1998,2,26.0,26.517499564687444,2901.0,2842.0
1998,2,27.0,26.963636363636365,427.0,398.0
1998,2,28.0,27.09390721073225,904.9999999999998,884.0000000000002
1998,2,29.0,26.449355432780848,1110.0,1062.0
1998,2,30.0,28.6953125,520.0,504.0
1998,2,31.0,29.090064667842444,4280.999999999999,4224.000000000001
1998,2,32.0,25.62848751835536,1006.0,1037.0
1998,2,33.0,28.313160717021603,9999.000000000002,9581.999999999998
1998,2,34.0,26.292498523331364,4286.0,4179.0
1998,2,35.0,27.02760736196319,326.0,326.0
1998,2,36.0,26.574818608621424,5941.000000000001,5773.999999999999
1998,2,37.0,25.236584721120803,2001.9999999999995,1781.0000000000005
1998,2,38.0,26.85287221570926,1688.9999999999998,1723.0000000000002
1998,2,39.0,27.749781047468908,5870.0,5548.0
1998,2,40.0,28.102941176470587,508.0000000000001,443.9999999999999
1998,2,41.0,26.02181208053691,2130.9999999999995,2041.0000000000002
1998,2,42.0,26.29018492176387,358.0,345.0
1998,2,43.0,25.730568200977913,3062.0000000000005,2868.9999999999995
1998,2,44.0,25.922671559060035,13080.000000000004,12537.999999999996
1998,2,45.0,26.36965998256321,1730.0000000000002,1710.9999999999998
1998,2,46.0,27.860416666666666,234.99999999999997,245.00000000000003
1998,2,47.0,27.54686617730096,3737.0,3347.0
1998,2,48.0,27.429589131875414,3082.9999999999995,2953.0000000000005
1998,2,49.0,25.416974169741696,850.0,776.0
1998,2,50.0,27.337869822485207,2628.9999999999995,2441.0000000000005
1998,2,51.0,25.168356997971603,283.00000000000006,209.99999999999994
1998,2,52.0,27.0,0.0,1.0
1998,2,53.0,32.666666666666664,0.0,3.0
1998,2,55.0,30.77777777777778,6.000000000000001,2.999999999999999
1998,2,57.0,27.56353591160221,101.0,80.0
1998,2,59.0,31.23913043478261,21.999999999999996,24.000000000000004
1998,3,1.0,25.39054054054054,2699.0,2481.0
1998,3,2.0,27.06820809248555,442.99999999999994,422.00000000000006
1998,3,3.0,26.217200938232995,3242.9999999999995,3152.0000000000005
1998,3,4.0,24.991751897063676,1590.9999999999998,1440.0000000000002
1998,3,5.0,27.583691677972727,22142.0,21345.0
1998,3,6.0,27.46949654491609,2582.9999999999995,2482.0000000000005
1998,3,7.0,28.94198139025725,1853.0,1801.0
1998,3,8.0,26.802728226652675,483.0,470.0
1998,3,9.0,26.896860986547086,351.0,318.0
1998,3,10.0,26.997273130826304,8095.000000000001,7673.999999999999
1998,3,11.0,26.383323335332932,5095.0,4907.0
1998,3,12.0,27.710235131396956,733.0,713.0
1998,3,13.0,26.028857479387515,876.9999999999998,821.0000000000002
1998,3,14.0,27.2422243776269,7969.0,7496.0
1998,3,15.0,26.216419994414967,3625.9999999999995,3536.0000000000005
1998,3,16.0,26.981654328934663,1549.0000000000002,1557.9999999999998
1998,3,17.0,26.75147928994083,1661.9999999999998,1549.0000000000002
1998,3,18.0,25.735604395604394,2301.9999999999995,2248.0000000000005
1998,3,19.0,25.448308094971022,2695.9999999999995,2653.0000000000005
1998,3,20.0,27.25344827586207,568.0000000000001,591.9999999999999
1998,3,21.0,28.129876625541847,3087.9999999999995,2910.0000000000005
1998,3,22.0,29.254498344609186,3555.9999999999995,3391.0000000000005
1998,3,23.0,27.08101309740654,5935.0,5594.0
1998,3,24.0,27.991407678244972,2823.9999999999995,2646.0000000000005
1998,3,25.0,24.889997150185238,1761.9999999999998,1747.0000000000002
1998,3,26.0,26.442895190349365,3316.9999999999995,3066.0000000000005
1998,3,27.0,26.327974276527332,471.00000000000006,461.99999999999994
1998,3,28.0,27.183694011071967,1009.0000000000001,977.9999999999999
1998,3,29.0,26.52972972972973,1208.0,1197.0
1998,3,30.0,28.293214862681744,626.0,612.0
1998,3,31.0,28.98213368929048,5024.000000000001,4714.999999999999
1998,3,32.0,25.959645232815966,1161.0,1094.0
1998,3,33.0,28.439534244063445,11213.000000000002,10600.999999999998
1998,3,34.0,26.418069948186528,4734.0,4530.0
1998,3,35.0,27.33758865248227,356.00000000000006,348.99999999999994
1998,3,36.0,26.707476707476708,6564.000000000001,6422.999999999999
1998,3,37.0,25.529541015625,2051.0,2045.0
1998,3,38.0,26.789693957624902,1944.9999999999998,1878.0000000000002
1998,3,39.0,27.77545461828086,6404.0,6079.0
1998,3,40.0,28.07626310772164,544.0,505.0
1998,3,41.0,25.94364640883978,2334.9999999999995,2190.0000000000005
1998,3,42.0,26.43675417661098,420.99999999999994,417.00000000000006
1998,3,43.0,25.930986781432523,3268.9999999999995,3237.0000000000005
1998,3,44.0,26.04038524679873,13851.000000000002,13559.999999999998
1998,3,45.0,26.28526645768025,2050.0,1777.9999999999998
1998,3,46.0,28.139449541284403,263.00000000000006,281.99999999999994
1998,3,47.0,27.665449968533668,4020.0000000000005,3924.9999999999995
1998,3,48.0,27.36323978478988,3565.9999999999995,3311.0000000000005
1998,3,49.0,25.392685851318944,854.9999999999999,813.0000000000001
1998,3,50.0,27.550109482903824,3036.0,2901.0
1998,3,51.0,26.036259541984734,257.0,267.0
1998,3,52.0,27.5,2.0,0.0
1998,3,53.0,29.5,0.0,2.0
1998,3,55.0,31.181818181818183,5.0,6.0
1998,3,57.0,27.163265306122447,107.0,89.0
1998,3,59.0,30.61904761904762,30.000000000000007,32.99999999999999
1998,4,1.0,25.54877294287482,2474.9999999999995,2374.0000000000005
1998,4,2.0,27.23076923076923,454.99999999999994,416.00000000000006
1998,4,3.0,26.4095222513089,3183.0000000000005,2928.9999999999995
1998,4,4.0,24.973947180585295,1425.0000000000002,1376.9999999999998
1998,4,5.0,27.542599422141834,21793.999999999996,20777.000000000004
1998,4,6.0,27.250713994288045,2499.0,2403.0
1998,4,7.0,29.049986191659762,1837.0000000000005,1783.9999999999995
1998,4,8.0,27.005537098560353,470.0,433.0
1998,4,9.0,26.93345323741007,289.00000000000006,266.99999999999994
1998,4,10.0,26.985567277198886,7915.0,7536.0
1998,4,11.0,26.449623745819398,4805.0,4763.0
1998,4,12.0,27.80763888888889,741.0000000000001,698.9999999999999
1998,4,13.0,26.19131529263688,829.9999999999999,759.0000000000001
1998,4,14.0,27.36586192865862,7564.0,7182.0
1998,4,15.0,26.1151212553495,3542.9999999999995,3467.0000000000005
1998,4,16.0,27.216886883660973,1566.0000000000002,1536.9999999999998
1998,4,17.0,26.941499676793793,1600.9999999999998,1493.0000000000002
1998,4,18.0,25.583181818181817,2207.9999999999995,2192.0000000000005
1998,4,19.0,25.441287502483608,2588.9999999999995,2444.0000000000005
1998,4,20.0,27.161525974025974,618.9999999999999,613.0000000000001
1998,4,21.0,28.31379367444941,3096.9999999999995,2942.0000000000005
1998,4,22.0,29.345281638624726,3471.0,3364.0
1998,4,23.0,27.111785487815926,5673.999999999999,5365.000000000001
1998,4,24.0,28.270402802101575,2886.9999999999995,2823.0000000000005
1998,4,25.0,24.98470012239902,1663.0000000000002,1604.9999999999998
1998,4,26.0,26.51979544704718,3086.0000000000005,2975.9999999999995
1998,4,27.0,26.587420042643924,486.99999999999994,451.00000000000006
1998,4,28.0,27.065085771947526,1034.9999999999998,947.0000000000001
1998,4,29.0,26.6,1155.0,1170.0
1998,4,30.0,28.52444076222038,623.9999999999999,583.0000000000001
1998,4,31.0,29.11512268943898,4833.000000000001,4417.999999999999
1998,4,32.0,25.42780986228343,1169.9999999999998,1081.0000000000002
1998,4,33.0,28.440910784131123,11058.0,10418.0
1998,4,34.0,26.466598961859624,4548.0,4314.0
1998,4,35.0,26.620396600566572,357.00000000000006,348.99999999999994
1998,4,36.0,26.762093576526567,6466.999999999999,6143.000000000001
1998,4,37.0,25.5137684854666,2035.0,1887.0
1998,4,38.0,26.951785248892364,1938.0000000000005,1898.9999999999995
1998,4,39.0,27.854561878952122,6229.000000000001,5947.999999999999
1998,4,40.0,28.036180904522613,499.99999999999994,495.00000000000006
1998,4,41.0,26.182258846340282,2161.0000000000005,1964.9999999999995
1998,4,42.0,26.804324324324323,478.00000000000006,446.99999999999994
1998,4,43.0,25.85981912144703,3210.0,2982.0
1998,4,44.0,26.08244751781156,13432.999999999998,12814.000000000002
1998,4,45.0,26.479172056921087,1948.0,1917.0
1998,4,46.0,28.23205342237062,298.0,301.0
1998,4,47.0,27.750710043893623,3957.0000000000005,3788.9999999999995
1998,4,48.0,27.429561882283522,3480.0000000000005,3298.9999999999995
1998,4,49.0,25.438452520515828,863.0000000000001,842.9999999999999
1998,4,50.0,27.581050427499562,2907.9999999999995,2823.0000000000005
1998,4,51.0,25.788732394366196,252.99999999999994,244.00000000000006
1998,4,52.0,30.25,1.0,3.0
1998,4,53.0,28.0,1.0,0.0
1998,4,55.0,27.76923076923077,5.999999999999999,7.000000000000001
1998,4,57.0,27.55188679245283,106.0,106.0
1998,4,59.0,30.25581395348837,28.000000000000004,14.999999999999998
1998,5,1.0,25.624899759422615,2577.9999999999995,2410.0000000000005
1998,5,2.0,27.29843561973526,437.99999999999994,393.00000000000006
1998,5,3.0,26.564679048550015,3062.0000000000005,3075.9999999999995
1998,5,4.0,25.086659843056978,1504.0000000000002,1426.9999999999998
1998,5,5.0,27.58041438260708,21849.999999999996,21202.000000000004
1998,5,6.0,27.47854531460458,2637.0000000000005,2559.9999999999995
1998,5,7.0,29.249544626593806,1982.9999999999995,1860.0000000000005
1998,5,8.0,27.41648590021692,485.99999999999994,436.00000000000006
1998,5,9.0,27.754198473282443,329.00000000000006,325.99999999999994
1998,5,10.0,27.13268156424581,8071.000000000002,7680.999999999998
1998,5,11.0,26.489888527177666,5157.0,4980.0
1998,5,12.0,27.715760495526496,761.9999999999999,691.0000000000001
1998,5,13.0,26.34996993385448,870.0000000000001,792.9999999999999
1998,5,14.0,27.484296362362233,7942.999999999999,7754.000000000001
1998,5,15.0,26.315175097276263,3696.9999999999995,3499.0000000000005
1998,5,16.0,27.05904641616672,1678.0000000000002,1488.9999999999998
1998,5,17.0,26.969397513547975,1605.0000000000002,1531.9999999999998
1998,5,18.0,25.7452972972973,2348.0000000000005,2276.9999999999995
1998,5,19.0,25.547100751300327,2598.9999999999995,2592.0000000000005
1998,5,20.0,27.847634322373697,629.9999999999999,617.0000000000001
1998,5,21.0,28.43972919418758,3010.0000000000005,3045.9999999999995
1998,5,22.0,29.34703698611302,3810.0,3463.0
1998,5,23.0,27.262456497750616,6076.0,5705.0
1998,5,24.0,28.350978336827392,2899.9999999999995,2824.0000000000005
1998,5,25.0,25.04933814681107,1669.9999999999998,1654.0000000000002
1998,5,26.0,26.538191675968744,3222.0000000000005,3048.9999999999995
1998,5,27.0,26.661458333333332,484.99999999999994,475.00000000000006
1998,5,28.0,27.295186640471513,1062.9999999999998,973.0000000000002
1998,5,29.0,26.690455717970764,1232.0,1094.0
1998,5,30.0,28.590483619344774,678.0,604.0
1998,5,31.0,29.137332521315468,5025.0,4827.0
1998,5,32.0,25.899034240561896,1158.0000000000002,1119.9999999999998
1998,5,33.0,28.488045946306933,11563.000000000002,10897.999999999998
1998,5,34.0,26.40829131652661,4594.000000000001,4330.999999999999
1998,5,35.0,27.08966565349544,351.0,307.0
1998,5,36.0,26.82542579075426,6788.000000000001,6363.999999999999
1998,5,37.0,25.419038272816486,2107.0000000000005,1968.9999999999995
1998,5,38.0,26.82363315696649,2072.0,1897.0000000000002
1998,5,39.0,27.89109922943859,6540.999999999999,6177.000000000001
1998,5,40.0,28.13547237076649,558.0,564.0
1998,5,41.0,26.115420343706457,2181.0000000000005,2124.9999999999995
1998,5,42.0,26.59979317476732,518.0,448.99999999999994
1998,5,43.0,25.977929501429024,3258.0000000000005,3039.9999999999995
1998,5,44.0,26.118001690989963,13895.0,13308.0
1998,5,45.0,26.544399596367306,1974.9999999999998,1989.0000000000002
1998,5,46.0,28.053598774885145,326.99999999999994,326.00000000000006
1998,5,47.0,27.703264843060634,4086.0000000000005,3846.9999999999995
1998,5,48.0,27.388817018829954,3582.0,3375.0
1998,5,49.0,25.547715442452283,858.0000000000001,870.9999999999999
1998,5,50.0,27.55672375784297,3006.0,2891.0
1998,5,51.0,25.573260073260073,273.0,273.0
1998,5,52.0,19.0,0.0,1.0
1998,5,54.0,25.0,1.0,0.0
1998,5,55.0,30.22222222222222,6.000000000000001,2.999999999999999
1998,5,57.0,26.52906976744186,92.00000000000001,79.99999999999999
1998,5,59.0,30.79032258064516,33.0,29.0
1998,6,1.0,25.587638915968025,2624.9999999999995,2504.0000000000005
1998,6,2.0,27.10981308411215,417.0,439.0
1998,6,3.0,26.19266809140227,3072.0000000000005,3010.9999999999995
1998,6,4.0,25.130784708249497,1511.0,1471.0
1998,6,5.0,27.559053434389032,21548.999999999996,20540.000000000004
1998,6,6.0,27.4229754414451,2521.9999999999995,2405.0000000000005
1998,6,7.0,29.212909942738158,2005.9999999999998,1836.0000000000002
1998,6,8.0,26.93404004711425,431.00000000000006,417.99999999999994
1998,6,9.0,27.59805510534846,316.0,301.0
1998,6,10.0,27.116222760290558,8083.000000000002,7610.999999999998
1998,6,11.0,26.545755901557005,5097.999999999999,4857.000000000001
1998,6,12.0,27.729827089337174,682.0000000000001,705.9999999999999
1998,6,13.0,25.946533490011753,888.9999999999999,813.0000000000001
1998,6,14.0,27.374829268292682,7834.999999999999,7540.000000000001
1998,6,15.0,26.214941569282136,3668.000000000001,3519.999999999999
1998,6,16.0,26.9189534141672,1557.0000000000002,1576.9999999999998
1998,6,17.0,26.710295040803516,1652.0000000000002,1533.9999999999998
1998,6,18.0,25.82230953940188,2363.0,2218.0
1998,6,19.0,25.531238167360847,2700.0,2582.0
1998,6,20.0,27.152454780361758,600.9999999999999,560.0000000000001
1998,6,21.0,28.364485981308412,3081.0,2911.0
1998,6,22.0,29.422571799682494,3501.9999999999995,3427.0000000000005
1998,6,23.0,27.128344086021507,5982.999999999999,5642.000000000001
1998,6,24.0,28.208153735632184,2802.0000000000005,2765.9999999999995
1998,6,25.0,24.794552303680092,1789.0,1662.0
1998,6,26.0,26.571954538178325,3247.0,3000.0
1998,6,27.0,27.21696035242291,468.0,440.0
1998,6,28.0,27.10612855007474,990.9999999999998,1016.0000000000002
1998,6,29.0,26.579560155239328,1208.0,1111.0
1998,6,30.0,28.617283950617285,670.9999999999999,625.0000000000001
1998,6,31.0,29.208419314898887,4988.999999999999,4703.000000000001
1998,6,32.0,25.866131191432395,1144.0,1097.0
1998,6,33.0,28.4726368159204,11349.999999999998,10559.000000000002
1998,6,34.0,26.48136511375948,4713.0,4517.0
1998,6,35.0,27.20119225037258,348.99999999999994,322.00000000000006
1998,6,36.0,26.844188918042907,6675.0,6283.0
1998,6,37.0,25.3076171875,2121.0,1975.0
1998,6,38.0,26.76923076923077,2056.0,1804.9999999999998
1998,6,39.0,27.843712430872806,6481.0,5996.0
1998,6,40.0,27.650137741046834,567.0,522.0
1998,6,41.0,25.931267474370923,2171.0000000000005,2120.9999999999995
1998,6,42.0,26.96938775510204,467.99999999999994,414.00000000000006
1998,6,43.0,25.853014294592914,3373.0000000000005,3062.9999999999995
1998,6,44.0,26.033092637613848,14278.000000000002,13280.999999999998
1998,6,45.0,26.284909044324877,2034.0000000000005,1868.9999999999995
1998,6,46.0,28.41725352112676,292.0,276.0
1998,6,47.0,27.708020050125313,4075.9999999999995,3904.0000000000005
1998,6,48.0,27.456875091521454,3478.0000000000005,3350.9999999999995
1998,6,49.0,25.680376028202115,873.0000000000001,828.9999999999999
1998,6,50.0,27.69391274357648,2930.0,2869.0
1998,6,51.0,25.58018018018018,299.0,255.99999999999997
1998,6,52.0,24.5,0.0,2.0
1998,6,53.0,36.0,1.0,0.0
1998,6,55.0,28.333333333333332,4.0,5.0
1998,6,56.0,25.0,0.0,1.0
1998,6,57.0,27.73488372093023,108.99999999999999,106.00000000000001
1998,6,59.0,29.73015873015873,24.999999999999996,38.00000000000001
1998,7,1.0,25.576365663322186,2763.0,2619.0
1998,7,2.0,26.978046103183313,454.99999999999994,456.00000000000006
1998,7,3.0,26.300870348139256,3413.999999999999,3250.000000000001
1998,7,4.0,24.988530033202537,1638.0,1675.0
1998,7,5.0,27.508242360471744,23267.0,22351.0
1998,7,6.0,27.273493073755148,2751.0,2591.0
1998,7,7.0,29.146030953569646,2094.0000000000005,1911.9999999999995
1998,7,8.0,27.13298429319372,493.0,462.0
1998,7,9.0,27.418320610687022,329.99999999999994,325.00000000000006
1998,7,10.0,27.024048331280426,8817.999999999998,8231.000000000002
1998,7,11.0,26.294662921348316,5433.999999999999,5246.000000000001
1998,7,12.0,28.1218487394958,723.0,705.0
1998,7,13.0,25.660694288913774,899.0000000000001,886.9999999999999
1998,7,14.0,27.315660735033326,8408.000000000002,7944.999999999999
1998,7,15.0,26.228563736707496,3775.0000000000005,3653.9999999999995
1998,7,16.0,26.797865853658536,1733.0,1547.0
1998,7,17.0,26.61150029188558,1807.0,1619.0
1998,7,18.0,25.80154746967796,2348.0,2434.0
1998,7,19.0,25.50428963623885,2951.0000000000005,2876.9999999999995
1998,7,20.0,27.51517571884984,636.0000000000001,615.9999999999999
1998,7,21.0,28.325691056910568,3132.0,3018.0
1998,7,22.0,29.38632946001367,3744.0000000000005,3570.9999999999995
1998,7,23.0,27.16853280252136,6116.000000000001,5940.999999999999
1998,7,24.0,28.089037570766855,2957.9999999999995,2871.0000000000005
1998,7,25.0,24.797792137856757,1926.0000000000002,1787.9999999999998
1998,7,26.0,26.416069295101554,3378.9999999999995,3317.0000000000005
1998,7,27.0,26.625906735751297,486.00000000000006,478.99999999999994
1998,7,28.0,27.282794676806084,1040.0,1064.0
1998,7,29.0,26.698667711598745,1313.0,1239.0
1998,7,30.0,28.35670731707317,680.0,632.0
1998,7,31.0,29.118905376758526,5439.000000000001,4938.999999999999
1998,7,32.0,25.75656035526847,1270.0000000000002,1206.9999999999998
1998,7,33.0,28.424515786680818,11529.0,11085.0
1998,7,34.0,26.42658392553298,5158.000000000001,4832.999999999999
1998,7,35.0,26.824242424242424,339.0,321.0
1998,7,36.0,26.777923116052612,6996.999999999999,6764.000000000001
1998,7,37.0,25.401131221719456,2245.0,2175.0
1998,7,38.0,26.793919760777474,2019.9999999999998,1993.0000000000002
1998,7,39.0,27.767429193899783,6592.000000000001,6259.999999999999
1998,7,40.0,28.11265164644714,583.9999999999999,570.0000000000001
1998,7,41.0,26.000217155266014,2375.0,2230.0
1998,7,42.0,26.316756756756757,485.99999999999994,439.00000000000006
1998,7,43.0,25.799798358058474,3495.0,3448.0
1998,7,44.0,25.999375821287778,15646.0,14794.0
1998,7,45.0,26.282880235121233,2100.9999999999995,1982.0000000000002
1998,7,46.0,28.039735099337747,307.0,297.0
1998,7,47.0,27.63928143712575,4388.000000000001,3961.9999999999995
1998,7,48.0,27.46068217496789,3604.0,3403.0
1998,7,49.0,25.518614270941054,984.0,950.0
1998,7,50.0,27.58886686488272,3069.9999999999995,2984.0000000000005
1998,7,51.0,25.564195298372514,292.99999999999994,260.00000000000006
1998,7,52.0,22.5,1.0,1.0
1998,7,53.0,42.0,0.0,1.0
1998,7,55.0,26.8,1.9999999999999996,3.0000000000000004
1998,7,57.0,27.398576512455517,152.0,129.0
1998,7,59.0,28.46153846153846,28.000000000000004,23.999999999999996
1998,8,1.0,25.41268656716418,2777.0000000000005,2582.9999999999995
1998,8,2.0,27.09027777777778,406.0,458.0
1998,8,3.0,26.062718256739767,3639.000000000001,3519.999999999999
1998,8,4.0,24.76123076923077,1639.0000000000002,1610.9999999999998
1998,8,5.0,27.52831473508479,23375.999999999996,22148.000000000004
1998,8,6.0,27.376246941464334,2716.9999999999995,2596.0000000000005
1998,8,7.0,29.023671751709628,1915.9999999999995,1886.0000000000005
1998,8,8.0,27.272727272727273,453.0,438.0
1998,8,9.0,27.016369047619047,340.0,332.0
1998,8,10.0,26.93851717902351,8789.000000000002,8353.999999999998
1998,8,11.0,26.335777942814705,5469.999999999999,5302.000000000001
1998,8,12.0,27.5794587092297,727.0,714.0
1998,8,13.0,26.12246117084827,875.0,799.0
1998,8,14.0,27.329753356228537,8208.0,7807.000000000001
1998,8,15.0,26.32893333333333,3828.9999999999995,3671.0000000000005
1998,8,16.0,26.811296939097506,1617.0000000000002,1551.9999999999998
1998,8,17.0,26.544113218909967,1686.9999999999995,1634.0000000000005
1998,8,18.0,25.921431596781026,2471.0,2251.0
1998,8,19.0,25.304019688269072,3103.9999999999995,2991.0000000000005
1998,8,20.0,27.283483976992606,638.0000000000001,578.9999999999999
1998,8,21.0,28.26659185636422,3212.0000000000005,3025.9999999999995
1998,8,22.0,29.406409529211572,3662.000000000001,3389.999999999999
1998,8,23.0,27.119698397737984,6013.000000000001,5657.999999999999
1998,8,24.0,28.097409510290987,2840.0000000000005,2795.9999999999995
1998,8,25.0,24.90629839958699,1987.0,1887.0
1998,8,26.0,26.391042075101794,3369.9999999999995,3261.0000000000005
1998,8,27.0,26.506666666666668,503.9999999999999,471.0000000000001
1998,8,28.0,27.274460612142498,1048.0,944.9999999999999
1998,8,29.0,26.628349514563105,1312.0,1263.0
1998,8,30.0,28.57316148597422,690.0000000000001,628.9999999999999
1998,8,31.0,29.188959872229987,5157.0,4861.0
1998,8,32.0,25.907927332782823,1214.0000000000002,1207.9999999999998
1998,8,33.0,28.496692293938853,11467.0,10905.0
1998,8,34.0,26.424818108326598,5050.0,4846.0
1998,8,35.0,27.064285714285713,343.99999999999994,356.00000000000006
1998,8,36.0,26.68162831320726,6713.000000000001,6453.999999999999
1998,8,37.0,25.473001650554114,2138.9999999999995,2102.0000000000005
1998,8,38.0,26.990471285088848,2019.0000000000002,1863.9999999999998
1998,8,39.0,27.63742223640134,6330.999999999999,6207.000000000001
1998,8,40.0,27.771929824561404,590.0000000000001,549.9999999999999
1998,8,41.0,25.968407479045776,2417.0,2236.0
1998,8,42.0,26.653971708378673,479.99999999999994,439.00000000000006
1998,8,43.0,25.77062434496182,3433.0,3246.0
1998,8,44.0,25.99098422238918,15796.0,14817.0
1998,8,45.0,26.3428866511748,1933.0,1940.0
1998,8,46.0,27.825136612021858,278.99999999999994,270.00000000000006
1998,8,47.0,27.41071863580999,4167.0,4042.9999999999995
1998,8,48.0,27.393414211438476,3579.9999999999995,3344.0000000000005
1998,8,49.0,25.23374529822676,926.0000000000001,934.9999999999999
1998,8,50.0,27.482462293931953,2934.0,2768.0
1998,8,51.0,25.505905511811022,269.0,239.00000000000003
1998,8,52.0,28.0,2.0,2.0
1998,8,54.0,29.0,1.0,0.0
1998,8,55.0,28.083333333333332,6.999999999999999,5.000000000000001
1998,8,57.0,27.100346020761247,148.00000000000003,140.99999999999997
1998,8,59.0,30.724137931034484,35.0,23.0
1998,9,1.0,25.40933018696678,2855.0000000000005,2653.9999999999995
1998,9,2.0,26.94491017964072,438.00000000000006,396.99999999999994
1998,9,3.0,26.23214797820476,3587.0,3387.0
1998,9,4.0,24.89943636902996,1679.9999999999998,1691.0000000000002
1998,9,5.0,27.554233359090407,23119.000000000004,22175.999999999996
1998,9,6.0,27.33556386538083,2604.9999999999995,2476.0000000000005
1998,9,7.0,29.048484848484847,1919.9999999999998,1875.0000000000002
1998,9,8.0,27.086622807017545,466.00000000000006,445.99999999999994
1998,9,9.0,27.515103338632752,326.0,303.0
1998,9,10.0,26.91896195812445,8650.0,8305.0
1998,9,11.0,26.416783216783216,5411.000000000001,5313.999999999999
1998,9,12.0,27.62508080155139,769.0,778.0
1998,9,13.0,25.96233078281342,862.0000000000001,836.9999999999999
1998,9,14.0,27.290138190954774,8162.999999999998,7757.000000000002
1998,9,15.0,26.238868025751074,3821.000000000001,3634.999999999999
1998,9,16.0,26.938690476190477,1712.0,1648.0
1998,9,17.0,26.649897028537804,1774.0,1625.0
1998,9,18.0,25.85287979966611,2507.9999999999995,2284.0000000000005
1998,9,19.0,25.43605135901284,3119.9999999999995,2877.0000000000005
1998,9,20.0,27.0,595.9999999999999,581.0000000000001
1998,9,21.0,28.20143997495696,3286.0,3103.0
1998,9,22.0,29.351540216771248,3574.9999999999995,3437.0000000000005
1998,9,23.0,27.221080602302923,5822.0,5468.0
1998,9,24.0,28.212394163213837,2824.0000000000005,2726.9999999999995
1998,9,25.0,24.62275295326143,1934.9999999999998,1959.0000000000002
1998,9,26.0,26.48551494008797,3397.9999999999995,3195.0000000000005
1998,9,27.0,26.352542372881356,459.00000000000006,425.99999999999994
1998,9,28.0,27.201015228426396,1032.0,938.0
1998,9,29.0,26.865105008077546,1233.9999999999998,1242.0000000000002
1998,9,30.0,28.28435266084194,647.9999999999999,611.0000000000001
1998,9,31.0,29.17506551098569,5100.999999999999,4821.000000000001
1998,9,32.0,25.437391304347827,1119.0000000000002,1180.9999999999998
1998,9,33.0,28.471676822387725,11313.0,10842.0
1998,9,34.0,26.334235317698937,5036.0,4942.0
1998,9,35.0,26.92802450229709,307.99999999999994,345.00000000000006
1998,9,36.0,26.817125612976234,6700.0,6555.0
1998,9,37.0,25.671743578085927,2265.0,2134.0
1998,9,38.0,26.903108808290156,1985.0000000000002,1874.9999999999998
1998,9,39.0,27.813417863734852,6442.0,6019.0
1998,9,40.0,28.21462488129155,542.0,511.0
1998,9,41.0,25.983198638877074,2373.0,2329.0
1998,9,42.0,26.842285714285715,457.99999999999994,417.00000000000006
1998,9,43.0,25.735040190532896,3406.0,3312.0
1998,9,44.0,25.996512303817088,15647.0,15319.0
1998,9,45.0,26.221044467425028,1964.9999999999995,1903.0000000000005
1998,9,46.0,28.166979362101312,253.99999999999994,279.00000000000006
1998,9,47.0,27.740125240847785,4202.000000000001,4101.999999999999
1998,9,48.0,27.33313423921159,3369.999999999999,3327.000000000001
1998,9,49.0,25.310724637681158,875.9999999999999,849.0000000000001
1998,9,50.0,27.31444659510822,2845.9999999999995,2837.0000000000005
1998,9,51.0,25.79056603773585,263.99999999999994,266.00000000000006
1998,9,52.0,22.0,1.0,1.0
1998,9,53.0,33.333333333333336,0.9999999999999998,2.0
1998,9,55.0,30.3,3.999999999999999,6.000000000000001
1998,9,56.0,28.0,1.0,0.0
1998,9,57.0,26.92,145.99999999999997,154.00000000000003
1998,9,59.0,30.267857142857142,34.0,21.999999999999996
1998,10,1.0,25.712837191505646,2620.0,2607.0
1998,10,2.0,27.031764705882352,433.00000000000006,416.99999999999994
1998,10,3.0,26.26078147612156,3515.0000000000005,3394.9999999999995
1998,10,4.0,25.122448979591837,1582.0000000000002,1455.9999999999998
1998,10,5.0,27.58625516597787,23201.0,21805.0
1998,10,6.0,27.541095890410958,2554.9999999999995,2409.0000000000005
1998,10,7.0,29.238789843327933,1857.0,1845.0
1998,10,8.0,26.78997613365155,428.99999999999994,409.00000000000006
1998,10,9.0,27.370967741935484,358.0,324.0
1998,10,10.0,27.047799337434927,8764.000000000002,8139.999999999999
1998,10,11.0,26.37267841991138,5544.999999999999,5062.000000000001
1998,10,12.0,27.72574385510996,811.0000000000001,734.9999999999999
1998,10,13.0,26.097875080489377,768.9999999999999,784.0000000000001
1998,10,14.0,27.3485605363481,7840.0,7374.0
1998,10,15.0,26.348728151200795,3551.9999999999995,3485.0000000000005
1998,10,16.0,26.972938554600447,1626.9999999999998,1514.0000000000002
1998,10,17.0,26.688039457459926,1633.0,1611.0
1998,10,18.0,25.757575757575758,2341.0,2279.0
1998,10,19.0,25.46033674709252,2971.9999999999995,2789.0000000000005
1998,10,20.0,27.350739773716274,570.0,579.0
1998,10,21.0,28.357532660823548,3030.0000000000005,3016.9999999999995
1998,10,22.0,29.409918578830496,3482.0000000000005,3272.9999999999995
1998,10,23.0,27.237682481751825,5532.999999999999,5427.000000000001
1998,10,24.0,28.113447703375762,2724.0000000000005,2696.9999999999995
1998,10,25.0,24.850716896260895,1818.9999999999998,1738.0000000000002
1998,10,26.0,26.518102766798417,3218.0,3107.0
1998,10,27.0,26.96121212121212,447.99999999999994,377.00000000000006
1998,10,28.0,27.24008243173622,990.9999999999999,950.0000000000001
1998,10,29.0,26.63720369626356,1257.0,1232.0
1998,10,30.0,28.61041141897565,592.9999999999999,598.0000000000001
1998,10,31.0,29.208359456635318,4883.999999999999,4686.000000000001
1998,10,32.0,25.837723024638912,1165.9999999999998,1188.0000000000002
1998,10,33.0,28.532749871979888,10924.000000000002,10556.999999999998
1998,10,34.0,26.510987838702796,4727.0,4647.0
1998,10,35.0,26.860576923076923,320.0,304.0
1998,10,36.0,26.857109209389968,6459.000000000001,6277.999999999999
1998,10,37.0,25.335504100337676,2117.0,2028.9999999999998
1998,10,38.0,26.930037817396002,1848.9999999999998,1853.0000000000002
1998,10,39.0,27.824125612694193,6205.0,5832.0
1998,10,40.0,28.060515873015873,521.9999999999999,486.00000000000006
1998,10,41.0,25.93738019169329,2376.0,2319.0
1998,10,42.0,26.674786845310596,418.0,403.0
1998,10,43.0,25.983376943204554,3335.0,3162.0
1998,10,44.0,26.011249957896865,14944.999999999998,14744.000000000002
1998,10,45.0,26.224049609059044,1861.9999999999998,1847.0000000000002
1998,10,46.0,27.88224956063269,276.99999999999994,292.00000000000006
1998,10,47.0,27.592696989109545,4081.0,3724.0
1998,10,48.0,27.375704923030025,3337.9999999999995,3223.0000000000005
1998,10,49.0,25.453977272727272,937.0000000000001,822.9999999999999
1998,10,50.0,27.647955523672884,2842.0000000000005,2733.9999999999995
1998,10,51.0,25.222416812609456,311.00000000000006,259.99999999999994
1998,10,53.0,39.0,1.0,1.0
1998,10,55.0,31.5,4.0,1.9999999999999996
1998,10,57.0,27.47902097902098,140.00000000000003,145.99999999999997
1998,10,59.0,30.203703703703702,31.000000000000007,22.999999999999993
1998,11,1.0,25.418680203045685,2500.0,2425.0
1998,11,2.0,27.31650750341064,406.0,327.0
1998,11,3.0,26.3491968172947,3423.999999999999,3237.000000000001
1998,11,4.0,24.88945062352545,1531.9999999999998,1435.0000000000002
1998,11,5.0,27.478539201096073,21648.999999999996,20684.000000000004
1998,11,6.0,27.316079762409842,2404.0,2310.0
1998,11,7.0,28.985635696821515,1660.0,1612.0
1998,11,8.0,27.07246376811594,413.0,415.0
1998,11,9.0,26.939655172413794,280.00000000000006,299.99999999999994
1998,11,10.0,26.972735105859183,8407.000000000002,7840.999999999999
1998,11,11.0,26.321382073109664,4985.0,5000.0
1998,11,12.0,27.43375924680565,766.0,721.0
1998,11,13.0,26.197728790915164,763.9999999999999,733.0000000000001
1998,11,14.0,27.323846424797463,7200.999999999999,6994.000000000001
1998,11,15.0,26.289861612515043,3346.0,3302.0
1998,11,16.0,26.831516004220894,1442.0,1401.0
1998,11,17.0,26.846776915288558,1465.9999999999998,1497.0000000000002
1998,11,18.0,25.718263331760266,2141.9999999999995,2096.0000000000005
1998,11,19.0,25.296316070475175,2872.0,2747.0
1998,11,20.0,27.371926229508198,500.00000000000006,475.99999999999994
1998,11,21.0,28.244682721040604,2905.0000000000005,2783.9999999999995
1998,11,22.0,29.43399902581588,3142.0000000000005,3016.9999999999995
1998,11,23.0,27.110990635781175,5224.999999999999,4920.000000000001
1998,11,24.0,28.041783286685327,2541.0,2461.0
1998,11,25.0,24.53789592760181,1802.9999999999998,1733.0000000000002
1998,11,26.0,26.436136017594315,3048.0000000000005,2862.9999999999995
1998,11,27.0,27.00598086124402,393.00000000000006,442.99999999999994
1998,11,28.0,27.231476473769604,939.0000000000001,909.9999999999999
1998,11,29.0,26.519222462203025,1175.0,1140.0
1998,11,30.0,28.722627737226276,583.9999999999999,512.0000000000001
1998,11,31.0,29.084771684509505,4724.0,4430.0
1998,11,32.0,25.51467268623025,1141.0,1074.0
1998,11,33.0,28.372427473344903,10433.0,9732.0
1998,11,34.0,26.338230420854966,4581.999999999999,4471.000000000001
1998,11,35.0,27.382875605815833,317.0,302.0
1998,11,36.0,26.722719141323793,5949.000000000001,5789.999999999999
1998,11,37.0,25.54365690806369,2015.0000000000002,1878.9999999999998
1998,11,38.0,26.672079772079773,1802.9999999999998,1707.0000000000002
1998,11,39.0,27.7684628975265,5892.0,5428.0
1998,11,40.0,27.862204724409448,508.0,508.0
1998,11,41.0,25.97254632807138,2227.0,2144.0
1998,11,42.0,26.76595744680851,362.00000000000006,389.99999999999994
1998,11,43.0,25.78656503096713,3233.0,3064.0
1998,11,44.0,25.976466841248495,14403.000000000002,13854.999999999998
1998,11,45.0,26.319872167344567,1735.0000000000002,1706.9999999999998
1998,11,46.0,27.981327800829874,259.00000000000006,222.99999999999994
1998,11,47.0,27.743057427878135,3689.9999999999995,3728.0000000000005
1998,11,48.0,27.28336620644313,3138.0000000000005,2945.9999999999995
1998,11,49.0,25.448341836734695,831.9999999999999,736.0000000000001
1998,11,50.0,27.547687583957014,2647.0,2564.0
1998,11,51.0,26.016548463356973,206.99999999999997,216.00000000000003
1998,11,52.0,27.0,0.0,2.0
1998,11,53.0,35.5,0.0,2.0
1998,11,55.0,29.7,7.0,3.0000000000000004
1998,11,57.0,27.927966101694917,113.00000000000001,122.99999999999999
1998,11,59.0,29.071428571428573,30.000000000000007,25.999999999999993
1998,12,1.0,25.412516200703575,2738.0,2663.0
1998,12,2.0,27.08158220024722,398.0,411.0
1998,12,3.0,26.256875365710943,3487.9999999999995,3348.0000000000005
1998,12,4.0,24.97834274952919,1654.0000000000002,1531.9999999999998
1998,12,5.0,27.515821150261626,22633.999999999996,21895.000000000004
1998,12,6.0,27.235792019347038,2518.9999999999995,2443.0000000000005
1998,12,7.0,28.88260135135135,1858.0,1694.0
1998,12,8.0,27.50221238938053,470.9999999999999,433.0000000000001
1998,12,9.0,27.137370753323484,336.00000000000006,340.99999999999994
1998,12,10.0,26.905521193894344,8951.0,8672.0
1998,12,11.0,26.263298854820835,5490.000000000001,5337.999999999999
1998,12,12.0,27.406088082901555,795.0000000000001,748.9999999999999
1998,12,13.0,25.887941534713764,831.9999999999999,810.0000000000001
1998,12,14.0,27.2117701884029,7692.000000000001,7328.999999999999
1998,12,15.0,26.16309192200557,3668.000000000001,3511.999999999999
1998,12,16.0,26.75908221797323,1601.9999999999998,1536.0000000000002
1998,12,17.0,26.680096211665663,1714.9999999999998,1611.0000000000002
1998,12,18.0,25.738100509187515,2334.0,2183.0
1998,12,19.0,25.35667725221461,3085.0000000000005,2897.9999999999995
1998,12,20.0,27.038709677419355,550.0,535.0
1998,12,21.0,28.299271281881417,3025.0000000000005,3012.9999999999995
1998,12,22.0,29.29804885543094,3321.0000000000005,3187.9999999999995
1998,12,23.0,27.12893484626647,5578.000000000001,5349.999999999999
1998,12,24.0,27.915894775842904,2790.0,2608.0
1998,12,25.0,24.766024795568452,1970.0000000000005,1820.9999999999995
1998,12,26.0,26.470332850940665,3190.0,3029.0
1998,12,27.0,26.8752688172043,494.00000000000006,435.99999999999994
1998,12,28.0,27.00881488736533,1071.0,970.9999999999999
1998,12,29.0,26.45716573258607,1265.0000000000002,1232.9999999999998
1998,12,30.0,28.59608540925267,585.9999999999999,538.0000000000001
1998,12,31.0,29.00085106382979,4770.999999999999,4629.000000000001
1998,12,32.0,25.73589065255732,1152.0,1116.0
1998,12,33.0,28.393568435425397,10968.000000000002,10270.999999999998
1998,12,34.0,26.365139150449885,5006.0,4552.0
1998,12,35.0,27.22289156626506,354.0,310.0
1998,12,36.0,26.745415231841115,6436.0,6051.0
1998,12,37.0,25.44441855045444,2222.0,2069.0
1998,12,38.0,26.708152173913042,1899.9999999999998,1780.0000000000002
1998,12,39.0,27.65667115902965,6055.999999999999,5816.000000000001
1998,12,40.0,27.906496062992126,504.0,512.0
1998,12,41.0,25.85435313262815,2497.9999999999995,2418.0000000000005
1998,12,42.0,26.93355855855856,471.00000000000006,416.99999999999994
1998,12,43.0,25.80801561092765,3434.0,3228.0
1998,12,44.0,26.039676247109348,15399.999999999998,14870.000000000002
1998,12,45.0,26.202083904579105,1876.0000000000002,1770.9999999999998
1998,12,46.0,27.951219512195124,272.0,261.0
1998,12,47.0,27.70813880126183,4055.9999999999995,3869.0000000000005
1998,12,48.0,27.4582694077938,3323.0,3195.0
1998,12,49.0,25.690198366394398,883.9999999999999,830.0000000000001
1998,12,50.0,27.45029554003224,2809.0,2774.0
1998,12,51.0,25.436697247706423,284.0,261.0
1998,12,52.0,20.0,0.0,1.0
1998,12,53.0,30.666666666666668,0.0,3.0
1998,12,55.0,31.22222222222222,2.000000000000001,6.999999999999999
1998,12,57.0,27.563636363636363,145.00000000000003,129.99999999999997
1998,12,59.0,30.734375,34.0,30.0
1999,1,1.0,25.32355816226784,2612.0000000000005,2502.9999999999995
1999,1,2.0,26.746786632390744,405.99999999999994,372.00000000000006
1999,1,3.0,26.337481031866464,3453.9999999999995,3136.0000000000005
1999,1,4.0,25.059507978723403,1503.0,1505.0
1999,1,5.0,27.510500769503967,21404.000000000004,20830.999999999996
1999,1,6.0,27.10718711276332,2468.0000000000005,2373.9999999999995
1999,1,7.0,28.92638929298807,1821.0000000000002,1615.9999999999998
1999,1,8.0,27.03909952606635,441.00000000000006,402.99999999999994
1999,1,9.0,27.047756874095512,353.00000000000006,337.99999999999994
1999,1,10.0,26.966134969325154,8316.000000000002,7983.999999999999
1999,1,11.0,26.243348222955913,5263.000000000001,5034.999999999999
1999,1,12.0,27.532722513089006,786.0,742.0
1999,1,13.0,26.105643044619423,775.0000000000001,748.9999999999999
1999,1,14.0,27.117876445235,7477.0,7140.0
1999,1,15.0,26.080595255635775,3566.9999999999995,3220.0000000000005
1999,1,16.0,26.775227809652378,1598.9999999999998,1364.0000000000002
1999,1,17.0,26.543067563240474,1556.0000000000002,1566.9999999999998
1999,1,18.0,25.58176757132916,2252.0000000000005,2058.9999999999995
1999,1,19.0,25.307856381087806,2881.9999999999995,2744.0000000000005
1999,1,20.0,27.224791859389455,563.0,518.0
1999,1,21.0,27.913058419243985,2949.0,2871.0
1999,1,22.0,29.39099637966315,3257.0000000000005,3095.9999999999995
1999,1,23.0,27.123805060918464,5337.999999999999,5332.000000000001
1999,1,24.0,28.02244488977956,2563.0000000000005,2426.9999999999995
1999,1,25.0,24.885194657573173,1772.0000000000002,1746.9999999999998
1999,1,26.0,26.192472057856673,3102.0000000000005,2981.9999999999995
1999,1,27.0,26.92125,419.99999999999994,380.00000000000006
1999,1,28.0,27.022234273318873,947.0,897.0
1999,1,29.0,26.33977172958736,1150.0000000000002,1127.9999999999998
1999,1,30.0,28.705619982158787,520.0,601.0
1999,1,31.0,29.05570846636574,4670.999999999999,4412.000000000001
1999,1,32.0,25.697533535266118,1198.0,1113.0
1999,1,33.0,28.37014825121144,10673.999999999998,10169.000000000002
1999,1,34.0,26.310703560703562,4726.0,4598.0
1999,1,35.0,27.004846526655896,325.00000000000006,293.99999999999994
1999,1,36.0,26.54543197616683,6042.0,6042.0
1999,1,37.0,25.50623441396509,2058.0,1951.9999999999998
1999,1,38.0,26.875600791631324,1830.0000000000002,1706.9999999999998
1999,1,39.0,27.65505346671266,6025.0,5571.0
1999,1,40.0,28.080779944289695,550.9999999999999,526.0000000000001
1999,1,41.0,25.942171428571427,2184.9999999999995,2190.0000000000005
1999,1,42.0,26.71712158808933,424.99999999999994,381.00000000000006
1999,1,43.0,25.755072923272035,3247.0,3061.0
1999,1,44.0,25.86642473305883,14735.000000000002,13922.999999999998
1999,1,45.0,26.104889141557702,1827.0,1691.0
1999,1,46.0,28.076335877862597,265.0,259.0
1999,1,47.0,27.506339249966636,3858.0000000000005,3634.9999999999995
1999,1,48.0,27.190655377861397,3281.0,3097.0
1999,1,49.0,25.46599045346062,829.9999999999999,846.0000000000001
1999,1,50.0,27.238730277986477,2784.0000000000005,2539.9999999999995
1999,1,51.0,25.635574837310195,231.0,230.0
1999,1,52.0,26.0,0.0,1.0
1999,1,53.0,38.0,1.0,0.0
1999,1,54.0,35.0,0.0,1.0
1999,1,55.0,29.58823529411765,5.000000000000001,11.999999999999998
1999,1,57.0,27.430379746835442,117.99999999999999,119.00000000000001
1999,1,59.0,31.745454545454546,32.0,23.0
1999,2,1.0,25.500430477830392,2308.0,2338.0
1999,2,2.0,26.451783355350067,386.00000000000006,370.99999999999994
1999,2,3.0,26.39628785411918,3167.9999999999995,2974.0000000000005
1999,2,4.0,25.103074772886092,1482.0,1380.0
1999,2,5.0,27.545610136153474,20170.000000000004,18976.999999999996
1999,2,6.0,27.321132897603487,2360.9999999999995,2229.0000000000005
1999,2,7.0,28.951065746022216,1712.0,1619.0
1999,2,8.0,26.761306532663315,398.0,398.0
1999,2,9.0,26.64568345323741,267.99999999999994,288.00000000000006
1999,2,10.0,26.99060713313368,7507.000000000002,7184.999999999998
1999,2,11.0,26.225772323317816,4824.000000000001,4627.999999999999
1999,2,12.0,27.88410336726703,649.9999999999999,627.0000000000001
1999,2,13.0,26.222005208333332,768.0,768.0
1999,2,14.0,27.20988286969253,7045.0,6615.0
1999,2,15.0,26.191873937895874,3385.9999999999995,3087.0000000000005
1999,2,16.0,26.88950660180681,1444.0,1434.0
1999,2,17.0,26.549595141700404,1587.0000000000002,1376.9999999999998
1999,2,18.0,25.8749404478323,2216.0000000000005,1981.9999999999998
1999,2,19.0,25.390631202858277,2577.9999999999995,2460.0000000000005
1999,2,20.0,27.404505386875613,508.0000000000001,512.9999999999999
1999,2,21.0,28.18351014330914,2741.9999999999995,2631.0000000000005
1999,2,22.0,29.304181242711977,3034.9999999999995,2968.0000000000005
1999,2,23.0,27.171180075113657,5185.000000000001,4932.999999999999
1999,2,24.0,27.98436873747495,2596.0,2394.0
1999,2,25.0,24.663590070019097,1608.0,1534.0
1999,2,26.0,26.314503276075794,2920.0000000000005,2726.9999999999995
1999,2,27.0,26.67816091954023,447.0,423.0
1999,2,28.0,27.144654088050313,988.0000000000001,919.9999999999999
1999,2,29.0,26.69698294709226,1168.9999999999998,1118.0000000000002
1999,2,30.0,28.176470588235293,529.9999999999999,490.00000000000006
1999,2,31.0,29.01563063604665,4223.0,4094.0
1999,2,32.0,25.748993963782695,1013.0000000000001,974.9999999999999
1999,2,33.0,28.380226733456368,9739.999999999998,9225.000000000002
1999,2,34.0,26.43857580759255,4349.000000000001,4132.999999999999
1999,2,35.0,27.068661971830984,300.0,268.0
1999,2,36.0,26.742151887847253,5824.000000000001,5802.999999999999
1999,2,37.0,25.380393227744403,1819.0,1843.0
1999,2,38.0,26.85651920838184,1771.9999999999998,1664.0000000000002
1999,2,39.0,27.681390032007315,5566.999999999999,5368.000000000001
1999,2,40.0,28.323027718550108,483.9999999999999,454.0000000000001
1999,2,41.0,25.97337491005037,2161.9999999999995,2007.0000000000005
1999,2,42.0,27.0409429280397,416.0,390.0
1999,2,43.0,25.784215784215785,3098.0,2908.0
1999,2,44.0,25.99992359996944,13368.000000000002,12809.999999999998
1999,2,45.0,26.290940268648185,1801.9999999999995,1697.0000000000005
1999,2,46.0,28.278867102396514,236.0,223.0
1999,2,47.0,27.568795542220318,3592.0000000000005,3406.9999999999995
1999,2,48.0,27.45831301803998,3150.0000000000005,3002.9999999999995
1999,2,49.0,25.419103313840157,795.0,744.0
1999,2,50.0,27.48502396166134,2581.0,2427.0
1999,2,51.0,25.92391304347826,251.00000000000003,208.99999999999997
1999,2,52.0,33.0,2.0,0.9999999999999998
1999,2,53.0,32.0,1.0,1.0
1999,2,55.0,27.6875,8.0,8.0
1999,2,57.0,27.387254901960784,101.0,103.0
1999,2,59.0,31.53846153846154,20.0,19.0
1999,3,1.0,25.768264398917665,2587.9999999999995,2586.0000000000005
1999,3,2.0,26.990521327014218,441.00000000000006,402.99999999999994
1999,3,3.0,26.312436363636365,3462.0000000000005,3412.9999999999995
1999,3,4.0,25.16475221529373,1511.0000000000002,1535.9999999999998
1999,3,5.0,27.603097729245672,22172.999999999996,21601.000000000004
1999,3,6.0,27.10554596046824,2711.9999999999995,2499.0000000000005
1999,3,7.0,29.17648612945839,1964.0000000000002,1820.9999999999998
1999,3,8.0,27.153513513513513,454.0000000000001,470.9999999999999
1999,3,9.0,27.083993660855786,307.99999999999994,323.00000000000006
1999,3,10.0,27.083426166604777,8400.000000000002,7757.999999999998
1999,3,11.0,26.41409817351598,5354.0,5158.0
1999,3,12.0,27.42145328719723,778.0,667.0
1999,3,13.0,26.09042236763831,867.0,814.0
1999,3,14.0,27.373766609656624,7767.000000000001,7434.999999999999
1999,3,15.0,26.240730415388903,3658.9999999999995,3515.0000000000005
1999,3,16.0,26.96842105263158,1598.0,1537.0
1999,3,17.0,26.725151515151516,1729.9999999999998,1570.0000000000002
1999,3,18.0,25.66999349099588,2268.0000000000005,2340.9999999999995
1999,3,19.0,25.528446389496718,2874.0000000000005,2609.9999999999995
1999,3,20.0,27.444061962134253,635.0000000000001,526.9999999999999
1999,3,21.0,28.36591723688498,3132.9999999999995,3005.0000000000005
1999,3,22.0,29.488296296296298,3480.0,3270.0
1999,3,23.0,27.156604271025575,5837.000000000001,5541.999999999999
1999,3,24.0,28.125795053003532,2929.9999999999995,2730.0000000000005
1999,3,25.0,24.979444122756224,1736.9999999999995,1717.0000000000005
1999,3,26.0,26.579381122686986,3302.9999999999995,3128.0000000000005
1999,3,27.0,26.86264308012487,482.0,479.0
1999,3,28.0,27.109550561797754,1137.9999999999998,998.0000000000002
1999,3,29.0,26.63089955627269,1252.0000000000002,1226.9999999999998
1999,3,30.0,28.745439469320065,615.9999999999999,590.0000000000001
1999,3,31.0,29.179814266761916,5113.999999999999,4685.000000000001
1999,3,32.0,25.505846686877437,1189.0000000000002,1119.9999999999998
1999,3,33.0,28.461635750421586,10996.000000000002,10351.999999999998
1999,3,34.0,26.485639412997905,4916.999999999999,4623.000000000001
1999,3,35.0,26.82608695652174,380.00000000000006,332.99999999999994
1999,3,36.0,26.844755137902055,6658.999999999999,6430.000000000001
1999,3,37.0,25.43647342995169,2095.0,2045.0
1999,3,38.0,27.004935064935065,1981.0000000000005,1868.9999999999995
1999,3,39.0,27.750346853831715,6239.999999999999,6013.000000000001
1999,3,40.0,28.13327120223672,565.0,508.00000000000006
1999,3,41.0,26.01593978304184,2363.0000000000005,2153.9999999999995
1999,3,42.0,26.806818181818183,444.00000000000006,435.99999999999994
1999,3,43.0,25.956968433591424,3426.9999999999995,3289.0000000000005
1999,3,44.0,26.018602009301006,14340.999999999998,13828.000000000002
1999,3,45.0,26.289740985271713,2041.9999999999998,1896.0000000000002
1999,3,46.0,27.853615520282187,291.0,276.0
1999,3,47.0,27.659875564230816,4186.0,4011.0000000000005
1999,3,48.0,27.48317377429649,3576.0000000000005,3317.9999999999995
1999,3,49.0,25.637002341920375,859.0000000000001,848.9999999999999
1999,3,50.0,27.36765943126367,3024.0000000000005,2918.9999999999995
1999,3,51.0,26.00871080139373,282.0,292.0
1999,3,52.0,26.0,2.0,0.0
1999,3,53.0,27.0,1.0,0.0
1999,3,55.0,28.636363636363637,9.0,2.000000000000001
1999,3,57.0,26.29824561403509,114.99999999999997,113.00000000000003
1999,3,59.0,29.78048780487805,25.000000000000004,15.999999999999996
1999,4,1.0,25.568362967504598,2508.0000000000005,2384.9999999999995
1999,4,2.0,27.302850356294538,437.99999999999994,404.00000000000006
1999,4,3.0,26.307680299719014,3272.0,3134.0
1999,4,4.0,25.145056448853918,1502.9999999999998,1420.0000000000002
1999,4,5.0,27.609340899170668,21228.999999999996,20009.000000000004
1999,4,6.0,27.35452418096724,2617.0000000000005,2510.9999999999995
1999,4,7.0,29.27594660855353,1848.0000000000002,1822.9999999999998
1999,4,8.0,27.02314814814815,442.0000000000001,421.9999999999999
1999,4,9.0,27.31136738056013,306.0,301.0
1999,4,10.0,27.099844297391982,7864.000000000001,7549.999999999999
1999,4,11.0,26.567164179104477,5087.999999999999,4761.000000000001
1999,4,12.0,27.363376251788267,711.9999999999999,686.0000000000001
1999,4,13.0,26.15361803084223,854.0000000000001,831.9999999999999
1999,4,14.0,27.40590534692168,7322.0,7004.0
1999,4,15.0,26.278343127418662,3600.0000000000005,3376.9999999999995
1999,4,16.0,26.919391388798964,1627.0000000000002,1461.9999999999998
1999,4,17.0,26.565827223461906,1597.0000000000005,1539.9999999999995
1999,4,18.0,25.885928003740066,2206.0,2072.0
1999,4,19.0,25.489787824707516,2563.9999999999995,2479.0000000000005
1999,4,20.0,27.615384615384617,606.0,590.0
1999,4,21.0,28.335883052864183,3052.9999999999995,2830.0000000000005
1999,4,22.0,29.516584121266696,3429.0000000000005,3233.9999999999995
1999,4,23.0,27.245386623458458,5758.000000000001,5350.999999999999
1999,4,24.0,28.286989112975192,2907.0,2696.0
1999,4,25.0,24.834243495020882,1659.0,1454.0
1999,4,26.0,26.606486844282642,3034.0000000000005,3008.9999999999995
1999,4,27.0,26.77777777777778,461.9999999999999,411.0000000000001
1999,4,28.0,27.039913700107874,927.0,927.0
1999,4,29.0,26.723542116630668,1176.0000000000002,1138.9999999999998
1999,4,30.0,28.595570139458573,628.0000000000001,590.9999999999999
1999,4,31.0,29.170469649977846,4614.000000000001,4413.999999999999
1999,4,32.0,25.54557761732852,1127.9999999999998,1088.0000000000002
1999,4,33.0,28.495527556025777,10711.999999999998,10082.000000000002
1999,4,34.0,26.519522534582777,4560.000000000001,4403.999999999999
1999,4,35.0,27.23273273273273,365.0,301.0
1999,4,36.0,26.882267441860463,6447.999999999999,5936.000000000001
1999,4,37.0,25.692731566517974,1966.9999999999998,1844.0000000000002
1999,4,38.0,26.79453125,1970.9999999999995,1869.0000000000005
1999,4,39.0,27.91958189328163,6043.999999999999,5819.000000000001
1999,4,40.0,28.078234704112337,505.9999999999999,491.0000000000001
1999,4,41.0,26.158898305084747,2174.9999999999995,2073.0000000000005
1999,4,42.0,27.00796359499431,450.00000000000006,428.99999999999994
1999,4,43.0,25.974552618617633,3138.0000000000005,2952.9999999999995
1999,4,44.0,26.051386321626616,13952.0,13098.0
1999,4,45.0,26.292765735178897,1983.9999999999998,1845.0000000000002
1999,4,46.0,28.140115163147794,275.0,246.0
1999,4,47.0,27.63583061889251,3962.9999999999995,3712.0000000000005
1999,4,48.0,27.380341235089837,3344.0,3279.0
1999,4,49.0,25.43682310469314,862.9999999999999,799.0000000000001
1999,4,50.0,27.76147278548559,2918.0000000000005,2703.9999999999995
1999,4,51.0,25.621399176954732,257.0,229.0
1999,4,52.0,27.0,0.0,2.0
1999,4,53.0,30.0,1.0,1.0
1999,4,54.0,34.5,1.0,1.0
1999,4,55.0,28.071428571428573,8.0,6.0
1999,4,57.0,27.52857142857143,108.99999999999999,101.00000000000001
1999,4,59.0,30.236842105263158,17.999999999999996,20.000000000000004
1999,5,1.0,25.816084915288833,2457.0,2442.0
1999,5,2.0,27.003541912632823,438.0,409.0
1999,5,3.0,26.43188951663528,3287.0,3085.0
1999,5,4.0,25.10464727515881,1574.0,1417.0
1999,5,5.0,27.720885834287895,21404.000000000004,20499.999999999996
1999,5,6.0,27.398383154728332,2664.0000000000005,2654.9999999999995
1999,5,7.0,29.11416601204504,1978.9999999999995,1840.0000000000005
1999,5,8.0,26.975169300225733,453.00000000000006,432.99999999999994
1999,5,9.0,27.76923076923077,295.0,303.0
1999,5,10.0,27.21480190992386,7891.999999999999,7606.000000000001
1999,5,11.0,26.474234792716,5355.0,4969.0
1999,5,12.0,27.795845272206304,737.9999999999999,658.0000000000001
1999,5,13.0,26.237260273972602,915.9999999999998,909.0000000000002
1999,5,14.0,27.50110475695347,7859.0,7529.0
1999,5,15.0,26.50239824585446,3711.0,3586.0
1999,5,16.0,26.97085201793722,1601.0,1521.0
1999,5,17.0,26.589245943366212,1644.0,1499.0
1999,5,18.0,25.91191011235955,2315.9999999999995,2134.0000000000005
1999,5,19.0,25.64243102162565,2697.9999999999995,2666.0000000000005
1999,5,20.0,27.57881567973311,627.0,572.0
1999,5,21.0,28.515873015873016,3084.0000000000005,2837.9999999999995
1999,5,22.0,29.543251149185124,3698.000000000001,3480.999999999999
1999,5,23.0,27.36974715884063,5819.999999999999,5531.000000000001
1999,5,24.0,28.196496704821367,2986.0000000000005,2779.9999999999995
1999,5,25.0,25.140152671755725,1627.0000000000002,1647.9999999999998
1999,5,26.0,26.64842346021892,3169.0000000000005,2951.9999999999995
1999,5,27.0,26.954206602768902,529.0,410.0
1999,5,28.0,27.369443025038326,1002.0000000000002,954.9999999999998
1999,5,29.0,26.729421696918532,1258.0000000000002,1110.9999999999998
1999,5,30.0,28.932078559738134,600.0,622.0
1999,5,31.0,29.156086781840095,5109.999999999999,4846.000000000001
1999,5,32.0,25.817866435385948,1156.0000000000002,1149.9999999999998
1999,5,33.0,28.59102710088818,11260.000000000002,10694.999999999998
1999,5,34.0,26.448497165472244,4753.0,4596.0
1999,5,35.0,27.064784053156146,316.99999999999994,285.00000000000006
1999,5,36.0,26.775949072276997,6572.999999999999,6308.000000000001
1999,5,37.0,25.485611510791365,1969.9999999999995,1922.0000000000005
1999,5,38.0,26.87080745341615,2125.0,1900.0
1999,5,39.0,27.90661036218938,6351.999999999999,5962.000000000001
1999,5,40.0,28.2687559354226,543.0,510.0
1999,5,41.0,26.041227873627605,2324.9999999999995,2138.0000000000005
1999,5,42.0,26.70556745182013,478.00000000000006,455.99999999999994
1999,5,43.0,25.957419561389468,3168.9999999999995,3078.0000000000005
1999,5,44.0,26.050883215332906,14350.0,13616.0
1999,5,45.0,26.33552471390309,2170.0,1937.0
1999,5,46.0,28.242320819112628,314.99999999999994,271.00000000000006
1999,5,47.0,27.69488757693757,4075.0000000000005,3885.9999999999995
1999,5,48.0,27.555379974141648,3637.999999999999,3323.000000000001
1999,5,49.0,25.647635524798154,930.0,804.0
1999,5,50.0,27.740827609314792,2968.9999999999995,3000.0000000000005
1999,5,51.0,25.60229445506692,269.00000000000006,253.99999999999994
1999,5,52.0,19.0,0.0,1.0
1999,5,55.0,31.692307692307693,7.000000000000001,5.999999999999999
1999,5,57.0,27.923076923076923,114.00000000000001,93.99999999999999
1999,5,59.0,30.0,32.99999999999999,25.000000000000004
1999,6,1.0,25.763102322902668,2661.0,2548.0
1999,6,2.0,26.85171102661597,401.00000000000006,387.99999999999994
1999,6,3.0,26.317103235747304,3294.9999999999995,3195.0000000000005
1999,6,4.0,25.17497456765005,1488.9999999999998,1460.0000000000002
1999,6,5.0,27.635101426083683,21790.000000000004,20703.999999999996
1999,6,6.0,27.380591357088704,2686.9999999999995,2589.0000000000005
1999,6,7.0,29.191141576588453,1924.9999999999998,1868.0000000000002
1999,6,8.0,27.23841059602649,472.0,434.0
1999,6,9.0,27.145367412140576,319.0,307.0
1999,6,10.0,27.078853955375255,7949.999999999999,7826.000000000001
1999,6,11.0,26.48045287400813,5267.000000000001,5066.999999999999
1999,6,12.0,27.573285198555958,751.9999999999999,633.0000000000001
1999,6,13.0,26.157775255391602,891.9999999999999,870.0000000000001
1999,6,14.0,27.524993474288696,7889.000000000001,7434.999999999999
1999,6,15.0,26.29421375085092,3731.0000000000005,3613.9999999999995
1999,6,16.0,27.11616318903768,1598.0,1613.0
1999,6,17.0,26.698233861144946,1734.0,1550.0
1999,6,18.0,25.989829759009506,2360.0,2163.0
1999,6,19.0,25.593457085094652,2876.9999999999995,2564.0000000000005
1999,6,20.0,27.56392887383573,635.9999999999999,545.0000000000001
1999,6,21.0,28.22797668609492,3051.0,2954.0
1999,6,22.0,29.55796792961544,3577.000000000001,3469.999999999999
1999,6,23.0,27.225837404047454,5829.0,5635.0
1999,6,24.0,28.227980160766204,2990.0000000000005,2856.9999999999995
1999,6,25.0,25.113655640373196,1826.0000000000002,1710.9999999999998
1999,6,26.0,26.5440382538948,3268.0,3215.0
1999,6,27.0,26.496815286624205,476.0000000000001,465.9999999999999
1999,6,28.0,27.234866828087167,1065.0,999.9999999999999
1999,6,29.0,26.668174342105264,1267.9999999999998,1164.0000000000002
1999,6,30.0,28.62983870967742,650.9999999999999,589.0000000000001
1999,6,31.0,29.213916218683437,5019.000000000001,4839.999999999999
1999,6,32.0,25.702846975088967,1147.0,1101.0
1999,6,33.0,28.554828603022486,11125.999999999998,10578.000000000002
1999,6,34.0,26.460944206008584,4855.000000000001,4464.999999999999
1999,6,35.0,27.73780487804878,332.0,324.0
1999,6,36.0,26.855439186606528,6654.999999999999,6426.000000000001
1999,6,37.0,25.41140776699029,2091.9999999999995,2028.0000000000005
1999,6,38.0,26.91995895330939,2040.0,1858.0
1999,6,39.0,27.942114161500683,6376.0,6045.0
1999,6,40.0,27.922779922779924,503.9999999999999,532.0000000000001
1999,6,41.0,26.08136766933564,2317.9999999999995,2303.0000000000005
1999,6,42.0,26.53472987872106,459.99999999999994,447.00000000000006
1999,6,43.0,26.019637925744092,3343.0000000000005,3174.9999999999995
1999,6,44.0,26.095042037158773,14892.000000000002,14010.999999999998
1999,6,45.0,26.36684261036468,2151.0,2016.9999999999998
1999,6,46.0,28.155172413793103,313.00000000000006,324.99999999999994
1999,6,47.0,27.781038662753605,3965.0,3872.0
1999,6,48.0,27.509245882692863,3585.0,3337.0
1999,6,49.0,25.77264858626659,845.0,888.0
1999,6,50.0,27.6156462585034,3042.0000000000005,2837.9999999999995
1999,6,51.0,25.978984238178633,308.99999999999994,262.00000000000006
1999,6,52.0,28.0,2.0,0.9999999999999998
1999,6,53.0,32.5,2.0,2.0
1999,6,55.0,29.157894736842106,8.999999999999998,10.000000000000002
1999,6,57.0,26.79475982532751,118.00000000000001,110.99999999999999
1999,6,59.0,29.933333333333334,34.99999999999999,25.000000000000004
1999,7,1.0,25.38730332967435,2790.9999999999995,2675.0000000000005
1999,7,2.0,27.282285714285713,426.0,449.0
1999,7,3.0,26.22294525392559,3639.0000000000005,3429.9999999999995
1999,7,4.0,25.006546134663342,1651.9999999999998,1556.0000000000002
1999,7,5.0,27.606734909058957,23338.0,22186.0
1999,7,6.0,27.164815152067018,2758.0000000000005,2732.9999999999995
1999,7,7.0,29.239211507725095,1847.0000000000002,1906.9999999999998
1999,7,8.0,27.072805139186297,479.0000000000001,454.9999999999999
1999,7,9.0,27.331316187594553,323.99999999999994,337.00000000000006
1999,7,10.0,27.000118673233253,8719.0,8133.999999999999
1999,7,11.0,26.423076923076923,5741.0,5387.0
1999,7,12.0,27.620736698499318,762.0,704.0
1999,7,13.0,26.14106068890104,908.0000000000001,920.9999999999999
1999,7,14.0,27.310710369197025,8381.000000000002,8032.999999999999
1999,7,15.0,26.291046724092926,3889.0,3773.0
1999,7,16.0,26.997628224132818,1726.0000000000002,1646.9999999999998
1999,7,17.0,26.524203069657617,1758.9999999999998,1629.0000000000002
1999,7,18.0,25.628070175438598,2427.0000000000005,2417.9999999999995
1999,7,19.0,25.417635827113347,2931.9999999999995,2829.0000000000005
1999,7,20.0,27.572030328559393,630.0,557.0
1999,7,21.0,28.1671875,3259.9999999999995,3140.0000000000005
1999,7,22.0,29.444459700672798,3693.999999999999,3589.000000000001
1999,7,23.0,27.280515164104695,6163.999999999999,5871.000000000001
1999,7,24.0,28.092286735910097,3005.0000000000005,2867.9999999999995
1999,7,25.0,24.881222017382143,1939.0000000000005,1857.9999999999995
1999,7,26.0,26.472159687828306,3407.9999999999995,3255.0000000000005
1999,7,27.0,26.861895161290324,506.9999999999999,485.0000000000001
1999,7,28.0,27.190259444697315,1153.0,1044.0
1999,7,29.0,26.59213015512675,1371.0,1272.0
1999,7,30.0,28.51886066204773,671.0000000000001,627.9999999999999
1999,7,31.0,29.14444772884028,5211.0,4938.0
1999,7,32.0,25.89107289107289,1284.0,1158.0
1999,7,33.0,28.52938057789167,11642.0,10992.0
1999,7,34.0,26.37436625430947,5016.999999999999,4845.000000000001
1999,7,35.0,27.141643059490086,365.00000000000006,340.99999999999994
1999,7,36.0,26.72166617603768,6916.0,6672.0
1999,7,37.0,25.429929816617612,2246.0,2171.0
1999,7,38.0,27.011602073562084,2065.0,1986.0
1999,7,39.0,27.77175496434869,6696.0,6347.0
1999,7,40.0,28.116847826086957,561.0,543.0
1999,7,41.0,25.702441077441076,2400.9999999999995,2351.0000000000005
1999,7,42.0,26.803571428571427,495.99999999999994,456.00000000000006
1999,7,43.0,25.95846313603323,3467.0,3274.0
1999,7,44.0,26.034936642546086,15506.0,15035.0
1999,7,45.0,26.424903100775193,2173.9999999999995,1954.0000000000002
1999,7,46.0,28.58448275862069,301.00000000000006,278.99999999999994
1999,7,47.0,27.547807332854063,4306.000000000001,4039.9999999999995
1999,7,48.0,27.389389112065384,3728.9999999999995,3490.0000000000005
1999,7,49.0,25.301682040151928,985.0,858.0
1999,7,50.0,27.449325435998684,3113.0000000000005,2964.9999999999995
1999,7,51.0,26.459363957597173,312.99999999999994,253.00000000000003
1999,7,53.0,32.6,1.9999999999999996,3.0000000000000004
1999,7,55.0,30.875,9.0,7.0
1999,7,57.0,27.945686900958467,172.0,141.0
1999,7,59.0,30.525,44.0,36.0
1999,8,1.0,25.5702434625789,2773.0000000000005,2771.9999999999995
1999,8,2.0,26.649021864211736,473.0,396.0
1999,8,3.0,26.35646467467188,3591.0,3571.0
1999,8,4.0,25.12139791538933,1680.9999999999998,1581.0000000000002
1999,8,5.0,27.588484262541627,23989.000000000004,22555.999999999996
1999,8,6.0,27.36323851203501,2754.0,2730.0
1999,8,7.0,29.1232508073197,1895.0,1821.0
1999,8,8.0,26.873966942148762,486.9999999999999,481.0000000000001
1999,8,9.0,27.043413173652695,348.0,320.0
1999,8,10.0,27.03268275782423,8830.999999999998,8487.000000000002
1999,8,11.0,26.41159056248318,5693.999999999999,5453.000000000001
1999,8,12.0,27.82051282051282,732.9999999999999,710.0000000000001
1999,8,13.0,26.234610917537747,876.0000000000001,845.9999999999999
1999,8,14.0,27.408358134920636,8220.0,7908.0
1999,8,15.0,26.209646052119798,3946.0000000000005,3766.9999999999995
1999,8,16.0,26.971646341463416,1693.9999999999998,1586.0000000000002
1999,8,17.0,26.521069456553327,1783.9999999999998,1657.0000000000002
1999,8,18.0,25.79290060851927,2509.0000000000005,2420.9999999999995
1999,8,19.0,25.605370885868677,3125.0,2982.0
1999,8,20.0,27.23856209150327,636.9999999999999,587.0000000000001
1999,8,21.0,28.40447504302926,3254.9999999999995,3136.0000000000005
1999,8,22.0,29.5880796546442,3670.9999999999995,3510.0000000000005
1999,8,23.0,27.130040322580644,6012.000000000001,5891.999999999999
1999,8,24.0,28.068471615720522,2971.9999999999995,2753.0000000000005
1999,8,25.0,24.53832304526749,2019.0000000000002,1868.9999999999998
1999,8,26.0,26.375767813267814,3311.9999999999995,3200.0000000000005
1999,8,27.0,26.857585139318886,507.00000000000006,461.99999999999994
1999,8,28.0,27.071184787908336,1032.0000000000002,1018.9999999999999
1999,8,29.0,26.65156794425087,1323.9999999999998,1259.0000000000002
1999,8,30.0,28.593846153846155,687.0000000000001,612.9999999999999
1999,8,31.0,29.18984089336891,5155.0,4964.0
1999,8,32.0,25.68236339404709,1127.9999999999998,1123.0000000000002
1999,8,33.0,28.517175741478532,11697.000000000002,10892.999999999998
1999,8,34.0,26.388273360133347,5205.000000000001,4993.999999999999
1999,8,35.0,27.01355421686747,328.99999999999994,335.00000000000006
1999,8,36.0,26.678670153156517,6847.999999999999,6537.000000000001
1999,8,37.0,25.268072289156628,2240.9999999999995,2075.0000000000005
1999,8,38.0,26.633731267462537,2028.0,1909.0
1999,8,39.0,27.850049804612674,6670.999999999999,6380.000000000001
1999,8,40.0,28.265420560747664,532.0,538.0
1999,8,41.0,25.91268191268191,2390.9999999999995,2419.0000000000005
1999,8,42.0,26.67258601553829,457.00000000000006,443.99999999999994
1999,8,43.0,25.915427911675568,3584.9999999999995,3344.0000000000005
1999,8,44.0,26.01297760418307,16191.000000000002,15555.999999999998
1999,8,45.0,26.26542288557214,2085.0000000000005,1934.9999999999995
1999,8,46.0,28.234726688102892,304.0,318.0
1999,8,47.0,27.610401891252955,4349.0,4111.0
1999,8,48.0,27.481557078291296,3518.0000000000005,3340.9999999999995
1999,8,49.0,25.568157614483493,947.9999999999998,930.0000000000002
1999,8,50.0,27.40682860540173,3073.0000000000005,2813.9999999999995
1999,8,51.0,25.51,260.0,240.0
1999,8,52.0,25.0,1.0,0.0
1999,8,53.0,37.0,1.0,0.0
1999,8,55.0,31.529411764705884,7.000000000000002,9.999999999999998
1999,8,57.0,26.834558823529413,148.00000000000003,123.99999999999999
1999,8,59.0,28.337078651685392,50.0,39.0
1999,9,1.0,25.663095875736477,2872.9999999999995,2728.0000000000005
1999,9,2.0,26.992027334851937,471.99999999999994,406.00000000000006
1999,9,3.0,26.12439287641662,3752.0,3660.0
1999,9,4.0,25.012376237623762,1643.9999999999998,1588.0000000000002
1999,9,5.0,27.595907265898198,23827.000000000004,22498.999999999996
1999,9,6.0,27.26805631742549,2795.0,2674.0
1999,9,7.0,29.242529348986125,1910.0000000000002,1837.9999999999998
1999,9,8.0,26.737016574585635,467.99999999999994,437.00000000000006
1999,9,9.0,27.318979266347686,340.99999999999994,286.00000000000006
1999,9,10.0,26.98893704379562,9056.000000000002,8479.999999999998
1999,9,11.0,26.466507177033492,5756.000000000001,5529.999999999999
1999,9,12.0,27.583620096352373,746.9999999999999,706.0000000000001
1999,9,13.0,26.0515587529976,881.0000000000001,786.9999999999999
1999,9,14.0,27.325582845031793,8195.000000000002,7846.999999999999
1999,9,15.0,26.39504716981132,3926.9999999999995,3705.0000000000005
1999,9,16.0,26.982418914822674,1689.0,1610.0
1999,9,17.0,26.779182593354896,1774.9999999999995,1626.0000000000005
1999,9,18.0,25.76694560669456,2468.0000000000005,2311.9999999999995
1999,9,19.0,25.4433473616057,3108.0,3070.0
1999,9,20.0,27.281984334203656,564.0,585.0
1999,9,21.0,28.333597338824646,3185.0,3128.0
1999,9,22.0,29.39778926213035,3558.0000000000005,3407.9999999999995
1999,9,23.0,27.276688453159043,5877.000000000001,5597.999999999999
1999,9,24.0,28.05388692579505,2889.0,2771.0
1999,9,25.0,24.790866632070575,1944.0000000000005,1909.9999999999995
1999,9,26.0,26.47834274952919,3596.9999999999995,3306.0000000000005
1999,9,27.0,27.112068965517242,454.0,474.0
1999,9,28.0,27.23209995194618,1065.0000000000002,1015.9999999999998
1999,9,29.0,26.88088854844887,1350.9999999999998,1260.0000000000002
1999,9,30.0,28.95993179880648,598.9999999999999,574.0000000000001
1999,9,31.0,29.268089330024814,5166.0,4909.0
1999,9,32.0,25.746598639455783,1190.0,1162.0
1999,9,33.0,28.455129381537898,11175.0,10621.0
1999,9,34.0,26.530291031478914,5139.999999999999,4962.000000000001
1999,9,35.0,26.83514774494557,327.00000000000006,315.99999999999994
1999,9,36.0,26.84556905418499,6888.0,6529.0
1999,9,37.0,25.468046395269504,2252.9999999999995,2144.0000000000005
1999,9,38.0,27.093556701030927,1931.0,1949.0
1999,9,39.0,27.77496483825598,6527.999999999999,6270.000000000001
1999,9,40.0,28.292572463768117,540.0,564.0
1999,9,41.0,25.910016625103907,2486.0,2326.0
1999,9,42.0,27.007276507276508,487.00000000000006,474.99999999999994
1999,9,43.0,25.957173447537475,3591.0000000000005,3413.9999999999995
1999,9,44.0,26.070584077619998,15976.999999999998,15149.000000000002
1999,9,45.0,26.295735553873328,2042.9999999999995,1920.0000000000005
1999,9,46.0,27.909878682842287,289.0,288.0
1999,9,47.0,27.764597489347,4414.000000000001,4268.999999999999
1999,9,48.0,27.306006137658922,3466.9999999999995,3376.0000000000005
1999,9,49.0,25.610112359550563,897.9999999999999,882.0000000000001
1999,9,50.0,27.5264390896921,3073.9999999999995,2902.0000000000005
1999,9,51.0,25.894736842105264,287.0,245.0
1999,9,52.0,33.0,0.0,1.0
1999,9,53.0,19.0,0.0,1.0
1999,9,55.0,30.11111111111111,10.0,8.0
1999,9,57.0,27.20064724919094,153.0,156.0
1999,9,59.0,29.941176470588236,43.0,42.0
1999,10,1.0,25.50915750915751,2623.0000000000005,2563.9999999999995
1999,10,2.0,27.620813397129186,421.0000000000001,414.9999999999999
1999,10,3.0,26.23207654955727,3573.9999999999995,3428.0000000000005
1999,10,4.0,25.037095751426758,1572.9999999999998,1581.0000000000002
1999,10,5.0,27.623171591710456,22480.999999999996,21478.000000000004
1999,10,6.0,27.453381051045394,2740.0,2569.0
1999,10,7.0,29.03215796897038,1822.9999999999998,1722.0000000000002
1999,10,8.0,27.184296619411125,472.00000000000006,444.99999999999994
1999,10,9.0,26.953225806451613,308.99999999999994,311.00000000000006
1999,10,10.0,27.02808590984187,8617.999999999998,8330.000000000002
1999,10,11.0,26.360349474858257,5545.0,5214.0
1999,10,12.0,27.910437235543018,717.0,701.0
1999,10,13.0,26.153401797175867,813.0000000000001,744.9999999999999
1999,10,14.0,27.538105046343976,7915.0,7621.0
1999,10,15.0,26.481660899653978,3682.0000000000005,3542.9999999999995
1999,10,16.0,27.02936378466558,1607.9999999999998,1457.0000000000002
1999,10,17.0,26.67681071211199,1679.9999999999995,1606.0000000000005
1999,10,18.0,25.874380521439345,2313.0,2328.0
1999,10,19.0,25.424889673433363,2920.0000000000005,2744.9999999999995
1999,10,20.0,27.15709156193896,559.0,555.0
1999,10,21.0,28.342928452579034,3051.9999999999995,2958.0000000000005
1999,10,22.0,29.38202924770089,3395.0,3238.0
1999,10,23.0,27.28482917330501,5785.000000000001,5512.999999999999
1999,10,24.0,28.194566813509546,2822.0,2626.0
1999,10,25.0,24.7884193194292,1848.0000000000002,1795.9999999999998
1999,10,26.0,26.542771935331974,3242.9999999999995,3128.0000000000005
1999,10,27.0,26.57788944723618,408.0,388.0
1999,10,28.0,27.09044972208186,1009.0000000000001,969.9999999999999
1999,10,29.0,26.79621600315333,1309.0,1228.0
1999,10,30.0,28.625535561268208,597.0000000000001,569.9999999999999
1999,10,31.0,29.37892712117974,4759.0,4599.0
1999,10,32.0,25.82981418918919,1176.9999999999998,1191.0000000000002
1999,10,33.0,28.494737336716472,10831.0,10451.0
1999,10,34.0,26.480468345249196,4974.0,4677.0
1999,10,35.0,26.919354838709676,315.0,305.0
1999,10,36.0,27.014493895234345,6502.000000000001,6192.999999999999
1999,10,37.0,25.558033573141486,2146.0,2023.9999999999998
1999,10,38.0,26.783851276359602,1798.0,1806.0
1999,10,39.0,27.818530244959174,6129.999999999999,5872.000000000001
1999,10,40.0,28.038054968287526,464.0,482.0
1999,10,41.0,26.00316722972973,2406.0,2330.0
1999,10,42.0,26.605294825511432,434.0,397.0
1999,10,43.0,25.94526118235846,3248.0,3146.0
1999,10,44.0,26.082277846472614,15164.000000000002,14758.999999999998
1999,10,45.0,26.280621817207184,1878.9999999999998,1852.0000000000002
1999,10,46.0,28.404021937842778,290.0,257.0
1999,10,47.0,27.754303984259714,4204.0,3928.0000000000005
1999,10,48.0,27.431021283111317,3303.9999999999995,3227.0000000000005
1999,10,49.0,25.66183294663573,852.0,872.0
1999,10,50.0,27.642388800283538,2852.9999999999995,2790.0000000000005
1999,10,51.0,25.99784946236559,236.00000000000003,228.99999999999997
1999,10,52.0,26.0,1.0,0.0
1999,10,53.0,31.0,0.0,1.0
1999,10,55.0,30.666666666666668,5.0,4.0
1999,10,57.0,27.228571428571428,134.00000000000003,145.99999999999997
1999,10,59.0,30.0125,44.0,36.0
1999,11,1.0,25.472635814889337,2570.9999999999995,2399.0000000000005
1999,11,2.0,26.785803237858033,398.0,405.0
1999,11,3.0,26.11289103823485,3430.000000000001,3186.999999999999
1999,11,4.0,25.166610111978283,1508.0000000000002,1438.9999999999998
1999,11,5.0,27.67707933154053,21164.0,20484.0
1999,11,6.0,27.303055156858726,2502.9999999999995,2374.0000000000005
1999,11,7.0,29.432826747720366,1708.0000000000002,1581.9999999999998
1999,11,8.0,27.02637614678899,450.99999999999994,421.00000000000006
1999,11,9.0,27.022807017543858,302.00000000000006,267.99999999999994
1999,11,10.0,27.070730544631154,8536.0,8246.0
1999,11,11.0,26.354112049713564,5228.0,5071.0
1999,11,12.0,27.55856515373353,713.0000000000001,652.9999999999999
1999,11,13.0,26.22771633051399,767.9999999999999,769.0000000000001
1999,11,14.0,27.44215284644724,7231.000000000001,6926.999999999999
1999,11,15.0,26.342775350308873,3319.0,3318.0
1999,11,16.0,26.908940397350992,1561.0000000000002,1458.9999999999998
1999,11,17.0,26.639041761087732,1621.0000000000002,1467.9999999999998
1999,11,18.0,25.797201138519924,2151.0,2065.0
1999,11,19.0,25.583612334801764,2823.9999999999995,2851.0000000000005
1999,11,20.0,27.28174603174603,512.0,496.0
1999,11,21.0,28.22594880847308,2891.9999999999995,2773.0000000000005
1999,11,22.0,29.531802965088474,3254.0,3019.0
1999,11,23.0,27.226418767643338,5206.999999999999,5066.000000000001
1999,11,24.0,28.179472140762464,2662.9999999999995,2452.0000000000005
1999,11,25.0,25.00140924464487,1819.9999999999998,1728.0000000000002
1999,11,26.0,26.396089667958876,3021.9999999999995,2911.0000000000005
1999,11,27.0,27.22843256379101,436.99999999999994,386.00000000000006
1999,11,28.0,27.04144527098831,1009.9999999999998,872.0000000000002
1999,11,29.0,26.51682999573924,1201.9999999999998,1145.0000000000002
1999,11,30.0,28.735687022900763,534.0,514.0
1999,11,31.0,29.21161593554163,4533.000000000001,4402.999999999999
1999,11,32.0,25.8018018018018,1084.0000000000002,1024.9999999999998
1999,11,33.0,28.570967100685817,10116.0,10006.0
1999,11,34.0,26.473609750788988,4753.0,4436.0
1999,11,35.0,27.132996632996633,302.0,292.0
1999,11,36.0,26.856620460923548,5961.0,5798.0
1999,11,37.0,25.476360848453872,1992.9999999999995,1920.0000000000005
1999,11,38.0,26.9109243697479,1818.9999999999998,1751.0000000000002
1999,11,39.0,27.7648095909732,5808.000000000001,5535.999999999999
1999,11,40.0,28.10653266331658,514.9999999999999,480.0000000000001
1999,11,41.0,26.00864864864865,2326.0,2299.0
1999,11,42.0,26.938931297709924,416.00000000000006,369.99999999999994
1999,11,43.0,25.90914856508641,3203.9999999999995,3103.0000000000005
1999,11,44.0,26.076912387966374,14692.999999999998,14093.000000000002
1999,11,45.0,26.2551895931359,1867.0,1746.0
1999,11,46.0,28.67462039045553,242.0,219.0
1999,11,47.0,27.675910106452886,3891.0,3718.0
1999,11,48.0,27.46684572771529,3013.0000000000005,2943.9999999999995
1999,11,49.0,25.589199029126213,878.0000000000001,769.9999999999999
1999,11,50.0,27.541433262507244,2645.0,2532.0
1999,11,51.0,26.169660678642714,267.99999999999994,233.00000000000003
1999,11,52.0,19.0,0.0,1.0
1999,11,53.0,39.0,0.0,1.0
1999,11,54.0,35.0,0.0,1.0
1999,11,55.0,30.294117647058822,8.000000000000002,8.999999999999998
1999,11,57.0,27.27112676056338,147.00000000000003,136.99999999999997
1999,11,59.0,29.60810810810811,40.0,34.0
1999,12,1.0,25.559719401882962,2775.0,2642.0
1999,12,2.0,27.169471153846153,452.00000000000006,379.99999999999994
1999,12,3.0,26.34660388127854,3595.0,3413.0
1999,12,4.0,24.998092816274635,1620.0000000000002,1525.9999999999998
1999,12,5.0,27.658027176648215,22131.0,21583.0
1999,12,6.0,27.18739122026687,2714.0,2457.0
1999,12,7.0,29.052616194095293,1739.0,1682.0
1999,12,8.0,27.08498253783469,445.99999999999994,413.00000000000006
1999,12,9.0,27.244377811094452,350.00000000000006,316.99999999999994
1999,12,10.0,27.063500112688754,9058.999999999998,8689.000000000002
1999,12,11.0,26.3427486980316,5820.0,5509.0
1999,12,12.0,27.60082023239918,736.9999999999999,726.0000000000001
1999,12,13.0,26.1470207253886,797.0000000000001,746.9999999999999
1999,12,14.0,27.261245334904732,7841.999999999999,7431.000000000001
1999,12,15.0,26.302855535237022,3674.9999999999995,3434.0000000000005
1999,12,16.0,26.86679474863913,1628.0000000000002,1494.9999999999998
1999,12,17.0,26.62740235585865,1652.0000000000005,1573.9999999999995
1999,12,18.0,25.82691475551709,2373.0,2249.0
1999,12,19.0,25.31543274244004,2969.9999999999995,2784.0000000000005
1999,12,20.0,27.049360146252287,560.0,534.0
1999,12,21.0,28.243922606251033,3082.9999999999995,2964.0000000000005
1999,12,22.0,29.431598062953995,3430.0000000000005,3177.9999999999995
1999,12,23.0,27.234450669452094,5487.0,5044.0
1999,12,24.0,28.08804080861515,2719.0,2574.0
1999,12,25.0,24.94761052900588,1951.9999999999998,1961.0000000000002
1999,12,26.0,26.345457458740587,3225.0000000000005,3015.9999999999995
1999,12,27.0,26.605381165919283,466.00000000000006,425.99999999999994
1999,12,28.0,27.103430619559653,977.9999999999998,975.0000000000002
1999,12,29.0,26.764207980652962,1253.0,1228.0
1999,12,30.0,28.681286549707604,526.9999999999999,499.00000000000006
1999,12,31.0,29.028644175684278,4803.0,4623.0
1999,12,32.0,25.50152771715408,1166.0000000000002,1124.9999999999998
1999,12,33.0,28.388896612447287,11024.999999999998,10554.000000000002
1999,12,34.0,26.378273718536636,5004.0,4809.0
1999,12,35.0,27.372448979591837,286.0,302.0
1999,12,36.0,26.797840241384787,6435.0,6159.0
1999,12,37.0,25.46083613647285,2144.0,2018.0
1999,12,38.0,26.822427293064877,1889.0000000000002,1686.9999999999998
1999,12,39.0,27.824166453483414,6061.0,5666.0
1999,12,40.0,27.60020554984584,504.99999999999994,468.00000000000006
1999,12,41.0,26.102697095435683,2492.9999999999995,2327.0000000000005
1999,12,42.0,26.720454545454544,437.0,443.0
1999,12,43.0,25.87998776945421,3383.0,3158.0
1999,12,44.0,26.0222200145705,15298.0,14900.0
1999,12,45.0,26.314353813559322,1895.0,1881.0
1999,12,46.0,27.909278350515464,245.0,240.0
1999,12,47.0,27.48780487804878,4170.0,3907.0000000000005
1999,12,48.0,27.20268972142171,3221.9999999999995,3024.0000000000005
1999,12,49.0,25.594009983361065,907.0,896.0
1999,12,50.0,27.34064199263287,2955.0,2746.0
1999,12,51.0,25.67142857142857,223.99999999999997,266.00000000000006
1999,12,52.0,26.0,3.0,0.0
1999,12,55.0,27.5,3.0,5.0
1999,12,57.0,27.332203389830507,146.99999999999997,148.00000000000003
1999,12,59.0,29.3015873015873,32.0,31.0
2000,1,1.0,25.582229898292073,2705.9999999999995,2505.0000000000005
2000,1,2.0,27.029339853300733,406.99999999999994,411.00000000000006
2000,1,3.0,26.33924014743408,3534.0000000000005,3519.9999999999995
2000,1,4.0,25.049016446307643,1562.0000000000002,1538.9999999999998
2000,1,5.0,27.631681559707555,21995.999999999996,21089.000000000004
2000,1,6.0,27.101848210774676,2676.9999999999995,2409.0000000000005
2000,1,7.0,29.20578133943904,1765.0000000000002,1728.9999999999998
2000,1,8.0,26.936363636363637,435.99999999999994,444.00000000000006
2000,1,9.0,27.272865853658537,353.99999999999994,302.00000000000006
2000,1,10.0,27.020873987345514,8644.999999999998,8266.000000000002
2000,1,11.0,26.431968050524752,5473.000000000001,5293.999999999999
2000,1,12.0,27.61954261954262,739.0000000000001,703.9999999999999
2000,1,13.0,26.12710765239948,787.9999999999999,754.0000000000001
2000,1,14.0,27.281422399468262,7581.0,7464.0
2000,1,15.0,26.194305336958077,3670.0,3319.0
2000,1,16.0,26.924936386768447,1587.0000000000002,1556.9999999999998
2000,1,17.0,26.61313193588163,1653.9999999999998,1590.0000000000002
2000,1,18.0,25.856711915535445,2366.0,2275.0
2000,1,19.0,25.363955735113297,2978.9999999999995,2714.0000000000005
2000,1,20.0,27.49910394265233,555.9999999999999,560.0000000000001
2000,1,21.0,28.151349561185626,3068.9999999999995,2970.0000000000005
2000,1,22.0,29.339568126520682,3369.0,3207.0
2000,1,23.0,27.097578870139397,5583.000000000001,5320.999999999999
2000,1,24.0,28.109811320754716,2751.0,2549.0
2000,1,25.0,24.813722710518853,1842.9999999999998,1684.0000000000002
2000,1,26.0,26.487473735251335,3129.9999999999995,3057.0000000000005
2000,1,27.0,26.879907621247114,464.0,402.0
2000,1,28.0,27.194269062651774,1038.9999999999998,1020.0000000000001
2000,1,29.0,26.7797520661157,1229.0,1191.0
2000,1,30.0,28.500437445319335,594.0,549.0
2000,1,31.0,29.097004583733078,4816.0,4565.0
2000,1,32.0,25.714622641509433,1095.0000000000002,1024.9999999999998
2000,1,33.0,28.475778305179393,11087.000000000002,10401.999999999998
2000,1,34.0,26.409821249246836,5046.0,4912.0
2000,1,35.0,27.307931570762054,339.00000000000006,303.99999999999994
2000,1,36.0,26.637599624941398,6601.0,6197.0
2000,1,37.0,25.31611165523996,2122.0,1962.0
2000,1,38.0,26.722176647525295,1854.0,1803.0
2000,1,39.0,27.834365193791875,5970.999999999999,5820.000000000001
2000,1,40.0,27.835329341317365,530.0,472.0
2000,1,41.0,25.93715381337878,2433.9999999999995,2260.0000000000005
2000,1,42.0,26.56088560885609,422.00000000000006,390.99999999999994
2000,1,43.0,25.785185185185185,3347.0000000000005,3132.9999999999995
2000,1,44.0,26.020924704543173,15314.000000000002,14554.999999999998
2000,1,45.0,26.074908476485497,1846.0,1705.0
2000,1,46.0,28.437007874015748,265.0,243.00000000000003
2000,1,47.0,27.65549464241216,4093.9999999999995,3932.0000000000005
2000,1,48.0,27.45754570808801,3309.9999999999995,3144.0000000000005
2000,1,49.0,25.430899215449607,817.9999999999999,839.0000000000001
2000,1,50.0,27.43866432337434,2897.9999999999995,2792.0000000000005
2000,1,51.0,25.45617529880478,251.0,251.0
2000,1,52.0,33.0,0.0,1.0
2000,1,53.0,28.8,0.9999999999999998,4.0
2000,1,54.0,24.0,0.0,1.0
2000,1,55.0,28.307692307692307,8.0,5.0
2000,1,57.0,27.565868263473053,186.00000000000003,147.99999999999997
2000,1,59.0,29.529411764705884,24.000000000000007,26.999999999999993
2000,2,1.0,25.51940662466978,2497.0,2424.0
2000,2,2.0,26.582829504232166,432.9999999999999,394.0000000000001
2000,2,3.0,26.46170343137255,3329.0000000000005,3198.9999999999995
2000,2,4.0,25.141440846001323,1584.0000000000002,1441.9999999999998
2000,2,5.0,27.71414156329986,21044.000000000004,19587.999999999996
2000,2,6.0,27.352304609218436,2564.9999999999995,2425.0000000000005
2000,2,7.0,29.175165658311727,1741.9999999999995,1729.0000000000005
2000,2,8.0,27.085650723025584,471.99999999999994,427.00000000000006
2000,2,9.0,27.39712918660287,320.99999999999994,306.00000000000006
2000,2,10.0,26.99644859813084,8276.0,7773.999999999999
2000,2,11.0,26.409443539890816,5353.000000000001,5087.999999999999
2000,2,12.0,27.84834834834835,686.0,646.0
2000,2,13.0,26.24163568773234,838.0000000000001,775.9999999999999
2000,2,14.0,27.291634089132135,7085.0,6984.0
2000,2,15.0,26.304065743944637,3558.0,3378.0
2000,2,16.0,26.951749915052666,1441.0000000000002,1501.9999999999998
2000,2,17.0,26.570524984187223,1645.0,1517.0
2000,2,18.0,25.785456187895214,2249.9999999999995,2178.0000000000005
2000,2,19.0,25.43575624082232,2754.9999999999995,2693.0000000000005
2000,2,20.0,27.36613055818354,566.0000000000001,490.9999999999999
2000,2,21.0,28.150067750677508,2981.0000000000005,2922.9999999999995
2000,2,22.0,29.452309157276623,3184.0000000000005,3116.9999999999995
2000,2,23.0,27.167537826685006,5637.999999999999,5267.000000000001
2000,2,24.0,28.02856032640373,2620.0,2527.0
2000,2,25.0,24.7405647190383,1845.9999999999998,1731.0000000000002
2000,2,26.0,26.333117408906883,3158.0000000000005,3016.9999999999995
2000,2,27.0,26.514251781472684,431.99999999999994,410.00000000000006
2000,2,28.0,27.1384778012685,984.9999999999999,907.0000000000001
2000,2,29.0,26.365934521342727,1259.0,1154.0
2000,2,30.0,28.406702898550726,577.0,527.0
2000,2,31.0,29.157646530428924,4615.999999999999,4290.000000000001
2000,2,32.0,25.686629526462397,1117.0,1037.0
2000,2,33.0,28.449985260882382,10447.0,9907.0
2000,2,34.0,26.4362480127186,4782.0,4653.0
2000,2,35.0,27.470890410958905,310.0,274.0
2000,2,36.0,26.678008093153853,6103.999999999999,6005.000000000001
2000,2,37.0,25.563044018900772,2100.9999999999995,1920.0000000000002
2000,2,38.0,26.736269863395595,1827.9999999999998,1759.0000000000002
2000,2,39.0,27.870743034055728,5920.999999999999,5707.000000000001
2000,2,40.0,28.145877378435518,491.9999999999999,454.0000000000001
2000,2,41.0,25.97402885682575,2321.9999999999995,2183.0000000000005
2000,2,42.0,26.65748502994012,422.0,413.0
2000,2,43.0,25.91154328732748,3353.0,3023.0
2000,2,44.0,26.109029321477717,14509.000000000002,13831.999999999998
2000,2,45.0,26.57038043478261,1945.9999999999998,1734.0000000000002
2000,2,46.0,28.265748031496063,264.0,244.00000000000003
2000,2,47.0,27.64451353802306,3926.9999999999995,3792.0000000000005
2000,2,48.0,27.541313226515864,3299.0000000000005,3066.9999999999995
2000,2,49.0,25.418958455236982,859.9999999999998,849.0000000000002
2000,2,50.0,27.436226830611123,2837.0,2612.0
2000,2,51.0,26.31547619047619,260.99999999999994,243.00000000000003
2000,2,52.0,34.0,1.0,0.0
2000,2,53.0,35.0,1.0,1.0
2000,2,55.0,29.105263157894736,7.000000000000001,12.0
2000,2,56.0,29.0,0.0,1.0
2000,2,57.0,26.5,134.0,123.99999999999999
2000,2,59.0,32.21212121212121,16.0,17.0
2000,3,1.0,25.71252605647148,2752.0,2525.0
2000,3,2.0,27.311438278595695,464.00000000000006,418.99999999999994
2000,3,3.0,26.39245014245014,3599.0,3421.0
2000,3,4.0,25.19217081850534,1561.9999999999998,1529.0000000000002
2000,3,5.0,27.730066445182725,22694.000000000004,21853.999999999996
2000,3,6.0,27.463467829880045,2784.9999999999995,2717.0000000000005
2000,3,7.0,29.194636439037875,1886.9999999999998,1730.0000000000002
2000,3,8.0,27.171779141104295,538.0000000000001,439.99999999999994
2000,3,9.0,27.13418530351438,324.00000000000006,301.99999999999994
2000,3,10.0,27.13344877000239,8487.000000000002,8260.999999999998
2000,3,11.0,26.44095399127881,5725.000000000001,5511.999999999999
2000,3,12.0,27.651804670912952,731.0,682.0
2000,3,13.0,26.410650887573965,891.0,799.0
2000,3,14.0,27.3675907000511,8016.000000000002,7639.999999999998
2000,3,15.0,26.39677331145748,3731.9999999999995,3582.0000000000005
2000,3,16.0,27.033984962406016,1717.0000000000002,1607.9999999999998
2000,3,17.0,26.757104397247982,1677.9999999999998,1665.0000000000002
2000,3,18.0,25.689469141130772,2454.0,2180.0
2000,3,19.0,25.516558741905644,2744.0,2661.0
2000,3,20.0,27.496661101836395,619.9999999999999,578.0000000000001
2000,3,21.0,28.317380352644836,3254.0,3098.0
2000,3,22.0,29.597252666958937,3531.9999999999995,3311.0000000000005
2000,3,23.0,27.297680076461898,5855.0,5654.0
2000,3,24.0,28.062133241284087,2935.9999999999995,2858.0000000000005
2000,3,25.0,24.9185303514377,1923.0000000000002,1832.9999999999998
2000,3,26.0,26.585416007592535,3298.0,3024.0
2000,3,27.0,26.729618163054695,497.0,472.0
2000,3,28.0,27.284556720686368,1078.0,1020.0000000000001
2000,3,29.0,26.91955835962145,1327.0,1209.0
2000,3,30.0,28.928688524590164,661.9999999999999,558.0000000000001
2000,3,31.0,29.333367440908624,4994.0,4779.0
2000,3,32.0,25.731117824773413,1168.0,1149.0
2000,3,33.0,28.58796868562011,11189.999999999998,10653.000000000002
2000,3,34.0,26.534789081885855,5099.999999999999,4975.000000000001
2000,3,35.0,26.932374100719425,386.99999999999994,308.00000000000006
2000,3,36.0,26.84762988244217,6803.0,6382.0
2000,3,37.0,25.38364329995231,2153.0,2041.0
2000,3,38.0,27.09113860136329,2078.0,1883.0
2000,3,39.0,27.806210280749738,6343.0,6088.0
2000,3,40.0,28.097701149425287,547.0000000000001,496.9999999999999
2000,3,41.0,26.053229539238377,2470.9999999999995,2282.0000000000005
2000,3,42.0,26.540925266903916,450.99999999999994,392.00000000000006
2000,3,43.0,25.922776442307693,3438.0,3218.0
2000,3,44.0,26.122463402322058,15244.999999999998,14470.000000000002
2000,3,45.0,26.348628307841707,2086.0,2033.0000000000002
2000,3,46.0,28.088974854932303,280.00000000000006,236.99999999999994
2000,3,47.0,27.90951821386604,4369.0,4141.0
2000,3,48.0,27.489988392338944,3572.9999999999995,3319.0000000000005
2000,3,49.0,25.581901489117985,903.9999999999999,842.0000000000001
2000,3,50.0,27.55406104500776,2983.0,2816.0
2000,3,51.0,26.29776247848537,293.0,288.0
2000,3,52.0,21.0,0.0,1.0
2000,3,53.0,31.0,0.0,2.0
2000,3,55.0,28.928571428571427,5.000000000000001,9.0
2000,3,57.0,26.79310344827586,161.00000000000003,157.99999999999997
2000,3,59.0,30.0,24.000000000000004,18.999999999999996
2000,4,1.0,25.64365396758577,2412.0,2339.0
2000,4,2.0,26.832731648616125,410.00000000000006,420.99999999999994
2000,4,3.0,26.371308672676406,3297.9999999999995,3136.0000000000005
2000,4,4.0,25.259194395796847,1430.9999999999998,1424.0000000000002
2000,4,5.0,27.761095556908096,20956.999999999996,20118.000000000004
2000,4,6.0,27.43639109097773,2716.0,2582.0
2000,4,7.0,29.354310344827585,1830.0000000000005,1649.9999999999995
2000,4,8.0,27.29127358490566,419.99999999999994,428.00000000000006
2000,4,9.0,27.53223140495868,319.00000000000006,285.99999999999994
2000,4,10.0,27.155762439807383,7892.999999999998,7682.000000000002
2000,4,11.0,26.586100386100387,5275.0,5085.0
2000,4,12.0,28.050811573747353,724.0,693.0
2000,4,13.0,26.347568208778174,851.0,835.0
2000,4,14.0,27.53512282638697,7375.999999999998,7116.000000000002
2000,4,15.0,26.346412054304043,3404.0,3299.0
2000,4,16.0,27.20006506180872,1615.9999999999998,1458.0000000000002
2000,4,17.0,26.891600633914422,1601.0000000000002,1553.9999999999998
2000,4,18.0,25.8777271637497,2166.9999999999995,2004.0000000000002
2000,4,19.0,25.523913474895814,2513.0000000000005,2525.9999999999995
2000,4,20.0,27.51633393829401,562.0000000000001,539.9999999999999
2000,4,21.0,28.417783811301543,3075.9999999999995,2817.0000000000005
2000,4,22.0,29.59880418535127,3367.0000000000005,3322.9999999999995
2000,4,23.0,27.421809036198688,5656.999999999999,5476.000000000001
2000,4,24.0,28.207078039927406,2883.9999999999995,2626.0000000000005
2000,4,25.0,25.073533974557865,1681.0000000000002,1541.9999999999998
2000,4,26.0,26.5512373359907,3125.0000000000005,2895.9999999999995
2000,4,27.0,26.8630289532294,450.0,448.0
2000,4,28.0,27.125831202046037,1023.0000000000002,931.9999999999998
2000,4,29.0,26.481664606510094,1271.9999999999998,1155.0000000000002
2000,4,30.0,28.708099438652766,642.9999999999999,604.0000000000001
2000,4,31.0,29.326070460704607,4721.0,4504.0
2000,4,32.0,25.717190388170057,1121.0000000000002,1042.9999999999998
2000,4,33.0,28.650145341676108,10404.0,9893.0
2000,4,34.0,26.67285884004752,4757.999999999999,4501.000000000001
2000,4,35.0,27.192118226600986,314.0,295.0
2000,4,36.0,26.84902610522913,6364.999999999999,6008.000000000001
2000,4,37.0,25.59258305433943,1954.0000000000002,1928.9999999999998
2000,4,38.0,27.03050397877984,1956.9999999999995,1813.0000000000005
2000,4,39.0,27.913302791943988,5842.999999999999,5726.000000000001
2000,4,40.0,28.067015706806284,480.99999999999994,474.00000000000006
2000,4,41.0,26.23793597706641,2151.9999999999995,2034.0000000000005
2000,4,42.0,26.44893111638955,425.99999999999994,416.00000000000006
2000,4,43.0,26.096066319895968,3120.0000000000005,3031.9999999999995
2000,4,44.0,26.265303879547204,14039.0,13258.0
2000,4,45.0,26.329879101899827,2064.0,1989.0000000000002
2000,4,46.0,28.315196998123827,262.00000000000006,270.99999999999994
2000,4,47.0,27.808888313034466,3929.9999999999995,3788.0000000000005
2000,4,48.0,27.60152170669849,3478.9999999999995,3224.0000000000005
2000,4,49.0,25.711573790569503,875.0000000000001,757.9999999999999
2000,4,50.0,27.4994557329463,2847.9999999999995,2664.0000000000005
2000,4,51.0,25.87575150300601,248.00000000000003,250.99999999999997
2000,4,52.0,25.5,2.0,0.0
2000,4,53.0,30.5,2.0,2.0
2000,4,55.0,31.545454545454547,7.000000000000001,3.999999999999999
2000,4,57.0,27.781690140845072,136.99999999999997,147.00000000000003
2000,4,59.0,29.692307692307693,33.0,19.0
2000,5,1.0,25.797707736389686,2692.0000000000005,2542.9999999999995
2000,5,2.0,26.929328621908127,433.00000000000006,415.99999999999994
2000,5,3.0,26.441405675635934,3405.0,3396.0
2000,5,4.0,25.194693094629155,1556.9999999999998,1571.0000000000002
2000,5,5.0,27.840494762647648,22986.0,21884.0
2000,5,6.0,27.343684577808794,2939.0,2793.0
2000,5,7.0,29.524864864864863,1906.0000000000002,1793.9999999999998
2000,5,8.0,27.33712512926577,513.0,453.99999999999994
2000,5,9.0,27.66869300911854,339.0,319.0
2000,5,10.0,27.235070575461457,8434.000000000002,8143.999999999999
2000,5,11.0,26.58650860852385,5486.999999999999,5142.000000000001
2000,5,12.0,27.981443298969072,757.9999999999999,697.0000000000001
2000,5,13.0,26.32229232386961,963.9999999999999,938.0000000000001
2000,5,14.0,27.61770920033293,7983.999999999998,7635.000000000002
2000,5,15.0,26.546188586287123,3770.9999999999995,3536.0000000000005
2000,5,16.0,26.97831715210356,1624.9999999999998,1465.0000000000002
2000,5,17.0,26.884139150943398,1747.9999999999995,1644.0000000000005
2000,5,18.0,25.974037213327563,2368.0000000000005,2253.9999999999995
2000,5,19.0,25.79428147047902,2761.0,2625.0
2000,5,20.0,27.352124183006534,640.9999999999999,583.0000000000001
2000,5,21.0,28.59064885496183,3227.9999999999995,3060.0000000000005
2000,5,22.0,29.811380985426787,3747.0000000000005,3457.9999999999995
2000,5,23.0,27.411099865047234,5971.999999999999,5884.000000000001
2000,5,24.0,28.36880041187575,2956.9999999999995,2870.0000000000005
2000,5,25.0,25.073199527744983,1747.9999999999995,1640.0000000000005
2000,5,26.0,26.61460258780037,3260.0,3232.0
2000,5,27.0,26.924924924924923,519.0,480.00000000000006
2000,5,28.0,27.299052132701423,1102.0,1008.0000000000001
2000,5,29.0,26.883186518575258,1350.9999999999998,1260.0000000000002
2000,5,30.0,28.861807137433562,695.9999999999999,621.0000000000001
2000,5,31.0,29.408206260032102,5046.0,4922.0
2000,5,32.0,25.99387576552931,1154.9999999999998,1131.0000000000002
2000,5,33.0,28.698912004370193,11269.999999999998,10697.000000000002
2000,5,34.0,26.632363450740172,5131.999999999999,4663.000000000001
2000,5,35.0,26.862123613312203,312.99999999999994,318.00000000000006
2000,5,36.0,26.95277423229972,6891.999999999998,6427.000000000002
2000,5,37.0,25.577627772420442,2189.0,1958.9999999999998
2000,5,38.0,27.06933938477055,2080.0,1886.0
2000,5,39.0,27.924423671076607,6476.999999999999,6146.000000000001
2000,5,40.0,27.784467713787084,591.0000000000001,554.9999999999999
2000,5,41.0,26.174385109683136,2269.0,2244.0
2000,5,42.0,26.80821917808219,464.0,412.0
2000,5,43.0,26.181560495300612,3423.9999999999995,3279.0000000000005
2000,5,44.0,26.240523940411958,15149.999999999998,14319.000000000002
2000,5,45.0,26.484489699265925,2217.0,2006.0000000000002
2000,5,46.0,28.45138888888889,302.0,274.0
2000,5,47.0,27.97019265721556,4223.0,4030.0
2000,5,48.0,27.68173573322171,3602.9999999999995,3564.0000000000005
2000,5,49.0,25.760363429869393,931.0000000000001,829.9999999999999
2000,5,50.0,27.890095426127015,3057.9999999999995,3020.0000000000005
2000,5,51.0,25.906374501992033,264.0,238.0
2000,5,53.0,30.5,1.0,1.0
2000,5,55.0,27.7,8.0,1.9999999999999996
2000,5,57.0,27.31286549707602,192.0,150.0
2000,5,59.0,31.325581395348838,18.999999999999996,24.000000000000004
2000,6,1.0,25.725935828877006,2655.0000000000005,2580.9999999999995
2000,6,2.0,27.106194690265486,404.0,387.0
2000,6,3.0,26.240023303233322,3586.9999999999995,3279.0000000000005
2000,6,4.0,25.001262227832125,1647.9999999999998,1521.0000000000002
2000,6,5.0,27.78252762745009,22530.0,21448.0
2000,6,6.0,27.35605786618445,2922.0,2608.0
2000,6,7.0,29.46211714132187,1933.0,1789.0
2000,6,8.0,27.451219512195124,447.99999999999994,454.00000000000006
2000,6,9.0,27.293185419968303,320.0,311.0
2000,6,10.0,27.21983865053172,8426.000000000002,7935.999999999999
2000,6,11.0,26.646849315068494,5574.000000000001,5375.999999999999
2000,6,12.0,27.76153300212917,734.9999999999999,674.0000000000001
2000,6,13.0,26.524418604651164,878.0000000000002,841.9999999999998
2000,6,14.0,27.52945218314698,8234.000000000002,7774.999999999998
2000,6,15.0,26.36175540326832,3878.0000000000005,3709.9999999999995
2000,6,16.0,26.992764546276756,1672.9999999999998,1644.0000000000002
2000,6,17.0,26.539421613394214,1774.9999999999998,1510.0000000000002
2000,6,18.0,25.943400123941334,2519.0000000000005,2321.9999999999995
2000,6,19.0,25.48337270579684,2807.0,2696.0
2000,6,20.0,27.560794044665013,613.9999999999999,595.0000000000001
2000,6,21.0,28.55651899731988,3210.0,3133.0
2000,6,22.0,29.593439363817097,3577.000000000001,3464.999999999999
2000,6,23.0,27.379263647905205,6074.0,5741.0
2000,6,24.0,28.260200553250346,2982.9999999999995,2801.0000000000005
2000,6,25.0,24.897953760297636,1913.0000000000002,1849.9999999999998
2000,6,26.0,26.606494305940288,3314.9999999999995,3183.0000000000005
2000,6,27.0,26.759390862944162,478.0,507.0
2000,6,28.0,27.34692898272553,1059.9999999999998,1024.0000000000002
2000,6,29.0,26.602400309717382,1365.0000000000002,1217.9999999999998
2000,6,30.0,28.94033412887828,651.0,606.0
2000,6,31.0,29.376106194690266,5004.0,4714.0
2000,6,32.0,25.77793103448276,1105.0,1070.0
2000,6,33.0,28.631323882422212,11295.999999999998,10783.000000000002
2000,6,34.0,26.55847863770776,5028.0,4779.0
2000,6,35.0,26.99848484848485,345.0,315.0
2000,6,36.0,26.967316386274366,6999.999999999999,6493.000000000001
2000,6,37.0,25.568317779373057,2156.0000000000005,2022.9999999999995
2000,6,38.0,27.107133917396744,1999.9999999999995,1995.0000000000005
2000,6,39.0,27.947389622945536,6402.999999999999,6009.000000000001
2000,6,40.0,28.02664129400571,550.0,501.0
2000,6,41.0,26.17261392949269,2395.9999999999995,2256.0000000000005
2000,6,42.0,26.40776699029126,472.0000000000001,454.9999999999999
2000,6,43.0,25.903382375246473,3383.0,3210.0
2000,6,44.0,26.212132389926563,15186.0,14635.0
2000,6,45.0,26.442498816848083,2158.0000000000005,2067.9999999999995
2000,6,46.0,28.456637168141594,296.00000000000006,268.99999999999994
2000,6,47.0,27.90096501809409,4251.0,4039.0
2000,6,48.0,27.650028768699656,3590.9999999999995,3361.0000000000005
2000,6,49.0,25.740782756664775,888.9999999999999,874.0000000000001
2000,6,50.0,27.759551292472768,3110.0000000000005,3040.9999999999995
2000,6,51.0,26.05142857142857,243.0,282.0
2000,6,52.0,23.5,2.0,0.0
2000,6,53.0,32.0,1.0,0.0
2000,6,54.0,39.0,2.0,0.0
2000,6,55.0,30.333333333333332,9.000000000000002,5.999999999999998
2000,6,57.0,27.1840490797546,158.00000000000003,167.99999999999997
2000,6,59.0,29.547169811320753,27.000000000000007,25.999999999999993
2000,7,1.0,25.380327868852458,2748.0000000000005,2741.9999999999995
2000,7,2.0,26.96966161026838,427.99999999999994,429.00000000000006
2000,7,3.0,26.31093472013138,3809.0,3498.0
2000,7,4.0,24.9375,1664.0,1600.0
2000,7,5.0,27.727525157162848,23082.999999999996,21934.000000000004
2000,7,6.0,27.258161816891413,2893.0000000000005,2742.9999999999995
2000,7,7.0,29.35816464237517,1881.0,1824.0
2000,7,8.0,27.33075221238938,453.0,451.0
2000,7,9.0,27.05666156202144,350.99999999999994,302.00000000000006
2000,7,10.0,27.081560283687942,8599.0,8039.0
2000,7,11.0,26.368940518822605,5848.999999999999,5600.000000000001
2000,7,12.0,27.51078167115903,742.0,742.0
2000,7,13.0,26.46238425925926,870.9999999999998,857.0000000000002
2000,7,14.0,27.415586819696408,8340.999999999998,7865.000000000002
2000,7,15.0,26.369905550524,3940.9999999999995,3788.0000000000005
2000,7,16.0,27.021838034576888,1675.0000000000002,1621.9999999999998
2000,7,17.0,26.439110070257613,1769.9999999999998,1646.0000000000002
2000,7,18.0,25.80476683937824,2507.0,2318.0
2000,7,19.0,25.542000697107007,2857.0,2881.0
2000,7,20.0,27.506678539626,595.0,528.0
2000,7,21.0,28.261163522012577,3269.9999999999995,3090.0000000000005
2000,7,22.0,29.59527514499929,3643.0,3426.0
2000,7,23.0,27.394110115236877,6086.000000000001,5628.999999999999
2000,7,24.0,28.115437158469945,2980.0,2876.0
2000,7,25.0,24.98546209761163,1949.0,1903.0
2000,7,26.0,26.468937875751504,3401.0,3086.0
2000,7,27.0,26.783898305084747,478.0000000000001,465.9999999999999
2000,7,28.0,27.341521020311763,1071.0000000000002,1045.9999999999998
2000,7,29.0,26.598481973434534,1371.0,1264.0
2000,7,30.0,28.658832448824867,676.0,643.0
2000,7,31.0,29.173018217626783,5245.000000000001,4909.999999999999
2000,7,32.0,25.81497056349874,1209.0000000000002,1168.9999999999998
2000,7,33.0,28.609085635235843,11584.999999999998,10824.000000000002
2000,7,34.0,26.538793103448278,5347.0,5093.0
2000,7,35.0,27.22812051649928,350.00000000000006,346.99999999999994
2000,7,36.0,26.788220551378448,6855.999999999999,6710.000000000001
2000,7,37.0,25.36353050768514,2201.0,2093.0
2000,7,38.0,26.95783892956324,2054.0,1907.0
2000,7,39.0,27.879462179587986,6496.999999999999,6221.000000000001
2000,7,40.0,28.113421550094518,553.9999999999999,504.0000000000001
2000,7,41.0,26.11330861145447,2437.9999999999995,2416.0000000000005
2000,7,42.0,26.84354485776805,458.99999999999994,455.00000000000006
2000,7,43.0,25.975422871186932,3497.0,3420.0
2000,7,44.0,26.064135876798275,16137.999999999996,15420.000000000004
2000,7,45.0,26.399261992619927,2115.0000000000005,1949.9999999999998
2000,7,46.0,28.597602739726028,296.0,288.0
2000,7,47.0,27.615066225165563,4320.999999999999,4135.000000000001
2000,7,48.0,27.609129605166594,3471.0,3342.0
2000,7,49.0,25.776425013835087,947.9999999999998,859.0000000000002
2000,7,50.0,27.53320019970045,3043.9999999999995,2965.0000000000005
2000,7,51.0,25.615537848605577,247.0,255.0
2000,7,52.0,24.0,3.0,1.0
2000,7,53.0,28.0,1.0,1.0
2000,7,55.0,28.705882352941178,7.000000000000002,9.999999999999998
2000,7,57.0,26.701030927835053,215.0,173.0
2000,7,59.0,30.069767441860463,22.0,21.0
2000,8,1.0,25.600244072524408,2873.0000000000005,2862.9999999999995
2000,8,2.0,26.98247663551402,456.99999999999994,399.00000000000006
2000,8,3.0,26.16085017055891,3880.0000000000005,3741.9999999999995
2000,8,4.0,25.06081081081081,1779.9999999999998,1624.0000000000002
2000,8,5.0,27.687115516062885,24125.000000000004,22690.999999999996
2000,8,6.0,27.231162872772188,2874.0000000000005,2792.9999999999995
2000,8,7.0,29.234082397003746,1951.0,1787.0
2000,8,8.0,26.76231884057971,567.0,468.00000000000006
2000,8,9.0,27.234234234234233,335.00000000000006,330.99999999999994
2000,8,10.0,27.00099064391855,9210.0,8960.0
2000,8,11.0,26.44410491469315,5923.000000000001,5857.999999999999
2000,8,12.0,27.479125248508947,797.0,712.0
2000,8,13.0,26.083380601247875,881.0,882.0
2000,8,14.0,27.362195195740302,8473.999999999998,8053.000000000002
2000,8,15.0,26.341122682245363,4017.0000000000005,3856.9999999999995
2000,8,16.0,26.87955016277005,1715.9999999999998,1663.0000000000002
2000,8,17.0,26.414419695193434,1717.0000000000002,1694.9999999999998
2000,8,18.0,25.91247484909457,2573.0000000000005,2396.9999999999995
2000,8,19.0,25.408147216105693,3239.9999999999995,3118.0000000000005
2000,8,20.0,27.550833333333333,609.0000000000001,590.9999999999999
2000,8,21.0,28.294181705040447,3240.0,3188.0
2000,8,22.0,29.654205607476637,3610.9999999999995,3558.0000000000005
2000,8,23.0,27.22523654023277,6045.999999999999,5897.000000000001
2000,8,24.0,28.032948653621006,3040.0,2939.0
2000,8,25.0,25.011257953989233,2075.0,2011.0
2000,8,26.0,26.446721907253963,3562.0,3317.0
2000,8,27.0,26.733115468409586,444.00000000000006,473.99999999999994
2000,8,28.0,27.02883295194508,1101.0,1084.0
2000,8,29.0,26.695778748180494,1415.0,1333.0
2000,8,30.0,28.832572298325722,709.9999999999999,604.0000000000001
2000,8,31.0,29.178032529884383,5300.000000000001,4905.999999999999
2000,8,32.0,25.714059405940596,1268.0,1257.0
2000,8,33.0,28.533778074271737,11435.0,11050.0
2000,8,34.0,26.549976883957466,5432.0,5383.0
2000,8,35.0,26.689705882352943,350.99999999999994,329.00000000000006
2000,8,36.0,26.81919708029197,6950.000000000002,6749.999999999998
2000,8,37.0,25.548857014791572,2278.0,2184.0
2000,8,38.0,26.956298200514137,2006.0000000000002,1883.9999999999998
2000,8,39.0,27.8981971614883,6679.000000000001,6355.999999999999
2000,8,40.0,28.078231292517007,630.9999999999999,545.0000000000001
2000,8,41.0,25.881893004115227,2494.9999999999995,2365.0000000000005
2000,8,42.0,26.651795429815017,489.9999999999999,429.0000000000001
2000,8,43.0,25.983093829247675,3599.9999999999995,3498.0000000000005
2000,8,44.0,26.07980322492484,16622.0,16309.0
2000,8,45.0,26.239402697495184,2152.0000000000005,1999.9999999999998
2000,8,46.0,28.619791666666668,305.0,271.0
2000,8,47.0,27.645897523679107,4485.0,4278.0
2000,8,48.0,27.440917354216193,3729.0000000000005,3421.9999999999995
2000,8,49.0,25.473544973544975,968.0000000000002,921.9999999999998
2000,8,50.0,27.600822368421053,3095.0,2985.0
2000,8,51.0,25.355595667870038,284.0,270.0
2000,8,53.0,30.75,1.0,3.0
2000,8,55.0,30.833333333333332,5.000000000000001,6.999999999999999
2000,8,57.0,27.050397877984086,183.99999999999997,193.00000000000003
2000,8,59.0,30.446153846153845,41.99999999999999,23.000000000000004
2000,9,1.0,25.520949202817945,2718.9999999999995,2675.0000000000005
2000,9,2.0,26.828106852497097,432.00000000000006,428.99999999999994
2000,9,3.0,26.384855175996883,4011.9999999999995,3687.0000000000005
2000,9,4.0,25.06236220472441,1625.0,1550.0
2000,9,5.0,27.721785403996524,23556.000000000004,22483.999999999996
2000,9,6.0,27.24732127173722,2856.0000000000005,2836.9999999999995
2000,9,7.0,29.262871152274585,1850.0000000000002,1820.9999999999998
2000,9,8.0,27.071269487750556,452.99999999999994,445.00000000000006
2000,9,9.0,27.784929356357928,313.99999999999994,323.00000000000006
2000,9,10.0,27.019658072061034,9080.999999999998,8876.000000000002
2000,9,11.0,26.376621100595862,5718.999999999999,5693.000000000001
2000,9,12.0,27.772315653298836,834.0000000000001,711.9999999999999
2000,9,13.0,26.188902007083826,902.9999999999998,791.0000000000002
2000,9,14.0,27.400486213294094,7920.000000000002,7710.999999999998
2000,9,15.0,26.437400741132876,3942.000000000001,3613.999999999999
2000,9,16.0,26.698588090853285,1689.9999999999998,1568.0000000000002
2000,9,17.0,26.782166367444646,1750.0000000000002,1591.9999999999998
2000,9,18.0,25.824626101208768,2533.0,2348.0
2000,9,19.0,25.544080604534006,3054.9999999999995,2900.0000000000005
2000,9,20.0,27.40139009556907,594.0,557.0
2000,9,21.0,28.447974583002384,3214.9999999999995,3080.0000000000005
2000,9,22.0,29.568372916359344,3466.000000000001,3312.999999999999
2000,9,23.0,27.31539971448965,5711.000000000001,5496.999999999999
2000,9,24.0,28.341045566937478,2907.0,2755.0
2000,9,25.0,25.144613739641805,1908.0000000000002,1832.9999999999998
2000,9,26.0,26.39963696868855,3311.0,3300.0
2000,9,27.0,26.976872246696036,441.9999999999999,466.0000000000001
2000,9,28.0,27.18917576961271,996.9999999999999,1017.0000000000001
2000,9,29.0,26.773507462686567,1368.0000000000002,1311.9999999999998
2000,9,30.0,29.01772151898734,606.0000000000001,578.9999999999999
2000,9,31.0,29.26994993358537,4934.000000000001,4852.999999999999
2000,9,32.0,25.760971452918618,1198.9999999999998,1148.0000000000002
2000,9,33.0,28.60745313214449,11281.999999999998,10588.000000000002
2000,9,34.0,26.48275530790662,5268.0,5141.0
2000,9,35.0,27.273273273273272,332.00000000000006,333.99999999999994
2000,9,36.0,26.93976639438125,6728.0,6371.0
2000,9,37.0,25.556626506024095,2150.0,2000.0
2000,9,38.0,27.03580497714576,1973.0,1965.0
2000,9,39.0,27.880019469457288,6323.0,6004.0
2000,9,40.0,28.144075829383887,561.0,493.99999999999994
2000,9,41.0,26.083093967993435,2496.0,2378.0
2000,9,42.0,27.058263971462544,410.0,431.0
2000,9,43.0,25.993258097611022,3455.0000000000005,3367.9999999999995
2000,9,44.0,26.160328300231814,16292.999999999998,15629.000000000002
2000,9,45.0,26.295477642276424,1977.9999999999995,1958.0000000000005
2000,9,46.0,27.77777777777778,264.0,294.0
2000,9,47.0,27.776129861030014,4422.0,4141.0
2000,9,48.0,27.374444773467573,3433.9999999999995,3320.0000000000005
2000,9,49.0,25.773113708820404,968.9999999999998,913.0000000000002
2000,9,50.0,27.53930055401662,2940.0000000000005,2835.9999999999995
2000,9,51.0,25.873493975903614,254.99999999999997,243.00000000000003
2000,9,53.0,31.0,3.0,1.0
2000,9,54.0,27.0,0.0,1.0
2000,9,55.0,29.136363636363637,10.0,12.0
2000,9,57.0,26.997524752475247,210.0,194.0
2000,9,59.0,30.015625,35.0,29.0
2000,10,1.0,25.457039055404177,2867.9999999999995,2637.0000000000005
2000,10,2.0,26.68401937046005,440.99999999999994,385.00000000000006
2000,10,3.0,26.168609379235566,3707.0,3671.0
2000,10,4.0,24.94568590937306,1673.9999999999998,1548.0000000000002
2000,10,5.0,27.743030619573023,23632.999999999996,22318.000000000004
2000,10,6.0,27.316399286987522,2865.0000000000005,2744.9999999999995
2000,10,7.0,29.409977064220183,1770.9999999999998,1717.0000000000002
2000,10,8.0,26.951115834218918,495.99999999999994,445.00000000000006
2000,10,9.0,27.602523659305994,342.0,292.0
2000,10,10.0,27.200156810035843,9154.999999999998,8701.000000000002
2000,10,11.0,26.48497702368328,5776.999999999999,5539.000000000001
2000,10,12.0,27.846605744125327,796.0000000000001,735.9999999999999
2000,10,13.0,26.268169014084506,861.0000000000002,913.9999999999998
2000,10,14.0,27.436945398018008,7842.0,7597.0
2000,10,15.0,26.376803702695344,3815.0000000000005,3530.9999999999995
2000,10,16.0,27.119114437168694,1653.0,1554.0
2000,10,17.0,26.546884272997033,1691.9999999999998,1678.0000000000002
2000,10,18.0,25.920034393809114,2406.0000000000005,2245.9999999999995
2000,10,19.0,25.510165403170227,2914.0,2890.0
2000,10,20.0,27.25044883303411,561.0,553.0
2000,10,21.0,28.33487925795618,3183.9999999999995,3069.0000000000005
2000,10,22.0,29.602829638273047,3564.9999999999995,3291.0000000000005
2000,10,23.0,27.246357379100743,5718.0,5469.0
2000,10,24.0,28.0861260635527,2939.9999999999995,2819.0000000000005
2000,10,25.0,24.955706096925482,1930.0000000000002,1907.9999999999998
2000,10,26.0,26.76051217198862,3275.0,3051.0
2000,10,27.0,27.059701492537314,463.0,408.0
2000,10,28.0,27.27517447657029,1033.0,973.0
2000,10,29.0,26.817621464829585,1424.0000000000002,1333.9999999999998
2000,10,30.0,28.908789386401327,605.0000000000001,600.9999999999999
2000,10,31.0,29.331587057010786,5001.999999999999,4733.000000000001
2000,10,32.0,25.893569844789358,1125.9999999999998,1129.0000000000002
2000,10,33.0,28.589979219579774,11091.0,10564.0
2000,10,34.0,26.619911721432075,5225.999999999999,4969.000000000001
2000,10,35.0,27.38752052545156,322.99999999999994,286.00000000000006
2000,10,36.0,26.940636042402826,6536.000000000001,6198.999999999999
2000,10,37.0,25.530996661897948,2116.0000000000005,2077.9999999999995
2000,10,38.0,27.005571769700186,1956.0000000000005,1812.9999999999995
2000,10,39.0,27.921605647676902,6230.999999999999,5951.000000000001
2000,10,40.0,27.945255474452555,556.9999999999999,539.0000000000001
2000,10,41.0,25.928363787375414,2467.0000000000005,2348.9999999999995
2000,10,42.0,26.53646477132262,405.99999999999994,403.00000000000006
2000,10,43.0,26.16518813092689,3329.0000000000005,3208.9999999999995
2000,10,44.0,26.178592790807492,16190.999999999996,15574.000000000004
2000,10,45.0,26.411068211068212,1979.0000000000002,1905.9999999999998
2000,10,46.0,28.39171374764595,280.0,251.00000000000003
2000,10,47.0,27.8557772732704,4221.000000000001,4147.999999999999
2000,10,48.0,27.560554148666768,3482.0000000000005,3230.9999999999995
2000,10,49.0,25.609447004608295,924.9999999999999,811.0000000000001
2000,10,50.0,27.65329164495397,2981.0000000000005,2775.9999999999995
2000,10,51.0,25.722323049001815,276.0,275.0
2000,10,52.0,18.0,1.0,0.0
2000,10,53.0,32.6,3.0000000000000004,1.9999999999999996
2000,10,55.0,26.916666666666668,6.0,6.0
2000,10,57.0,27.1875,198.0,186.0
2000,10,59.0,29.96969696969697,35.0,31.0
2000,11,1.0,25.508775240611435,2693.0,2606.0
2000,11,2.0,27.0325,432.0,368.0
2000,11,3.0,26.44016620498615,3663.9999999999995,3556.0000000000005
2000,11,4.0,25.15230961298377,1614.0,1590.0
2000,11,5.0,27.77655791625922,23007.0,21989.0
2000,11,6.0,27.241540474855114,2713.0000000000005,2635.9999999999995
2000,11,7.0,29.173434856175973,1818.9999999999995,1727.0000000000005
2000,11,8.0,27.521205357142858,456.99999999999994,439.00000000000006
2000,11,9.0,27.27340267459138,325.00000000000006,347.99999999999994
2000,11,10.0,27.109026427182243,8830.999999999998,8651.000000000002
2000,11,11.0,26.569425475735226,5603.0,5380.0
2000,11,12.0,27.867486338797814,783.0,681.0
2000,11,13.0,26.19672131147541,844.0,803.0
2000,11,14.0,27.473543245361903,7814.000000000001,7493.999999999999
2000,11,15.0,26.465230855855857,3661.000000000001,3442.999999999999
2000,11,16.0,26.978818998716303,1593.0000000000002,1522.9999999999998
2000,11,17.0,26.788449848024317,1662.9999999999998,1627.0000000000002
2000,11,18.0,25.988090082286703,2318.0,2300.0
2000,11,19.0,25.449171752397557,2902.9999999999995,2832.0000000000005
2000,11,20.0,27.639545884578997,530.9999999999999,526.0000000000001
2000,11,21.0,28.330842052815147,3099.0000000000005,2921.9999999999995
2000,11,22.0,29.668779959795888,3317.0000000000005,3149.9999999999995
2000,11,23.0,27.277311699087306,5584.0,5263.0
2000,11,24.0,28.109840232389253,2774.9999999999995,2733.0000000000005
2000,11,25.0,24.85807327001357,1902.9999999999995,1782.0000000000005
2000,11,26.0,26.474154746423928,3096.9999999999995,3055.0000000000005
2000,11,27.0,26.80371660859466,446.99999999999994,414.00000000000006
2000,11,28.0,26.936057692307692,1048.0,1032.0
2000,11,29.0,26.783501006036218,1277.9999999999998,1207.0000000000002
2000,11,30.0,28.59079283887468,609.9999999999999,563.0000000000001
2000,11,31.0,29.224599505429524,4674.999999999999,4626.000000000001
2000,11,32.0,25.76048421962819,1204.9999999999998,1108.0000000000002
2000,11,33.0,28.72618420422434,10671.000000000002,10207.999999999998
2000,11,34.0,26.603637094343416,5053.0,4900.0
2000,11,35.0,27.436026936026938,302.0,292.0
2000,11,36.0,26.853929886345444,6381.999999999999,6112.000000000001
2000,11,37.0,25.50838264299803,2060.0,1995.9999999999998
2000,11,38.0,26.99076923076923,1851.0,1724.0
2000,11,39.0,27.87207237676503,5988.999999999999,5838.000000000001
2000,11,40.0,28.114197530864196,506.0,466.0
2000,11,41.0,25.966065747614,2383.0,2332.0
2000,11,42.0,26.69277108433735,454.99999999999994,375.00000000000006
2000,11,43.0,26.02999847723466,3288.9999999999995,3278.0000000000005
2000,11,44.0,26.14251639833035,15301.000000000002,14884.999999999998
2000,11,45.0,26.372917217667283,1920.9999999999995,1860.0000000000005
2000,11,46.0,28.482546201232033,250.99999999999997,236.00000000000003
2000,11,47.0,27.849355432780847,4124.0,4021.0000000000005
2000,11,48.0,27.457112002468374,3282.0000000000005,3199.9999999999995
2000,11,49.0,25.876058041112454,839.9999999999998,814.0000000000002
2000,11,50.0,27.563673168936326,2746.0,2688.0
2000,11,51.0,25.598,248.0,252.0
2000,11,52.0,36.0,1.0,1.0
2000,11,53.0,28.25,2.0,2.0
2000,11,55.0,28.53846153846154,8.0,5.0
2000,11,57.0,27.2225,201.99999999999994,198.00000000000006
2000,11,59.0,30.56451612903226,33.0,29.0
2000,12,1.0,25.63310450038139,2714.9999999999995,2529.0000000000005
2000,12,2.0,27.335483870967742,413.00000000000006,361.99999999999994
2000,12,3.0,26.276824618736384,3769.000000000001,3574.999999999999
2000,12,4.0,25.15680661577608,1622.9999999999998,1521.0000000000002
2000,12,5.0,27.79726813641521,22798.0,22153.0
2000,12,6.0,27.42581852198316,2676.0000000000005,2668.9999999999995
2000,12,7.0,29.157041838538596,1784.9999999999998,1609.0000000000002
2000,12,8.0,26.851605758582505,477.0,426.0
2000,12,9.0,27.47,289.0,311.0
2000,12,10.0,27.072592426115293,9124.999999999998,8673.000000000002
2000,12,11.0,26.461789910769504,5779.0,5540.0
2000,12,12.0,27.857789269553976,813.9999999999999,733.0000000000001
2000,12,13.0,26.409968847352026,830.0000000000001,774.9999999999999
2000,12,14.0,27.542068506817426,7636.0,7399.0
2000,12,15.0,26.413484075554944,3719.0,3534.0
2000,12,16.0,26.911745827984596,1503.0000000000002,1612.9999999999998
2000,12,17.0,26.602764976958525,1689.0000000000002,1565.9999999999998
2000,12,18.0,25.89275179098188,2423.0,2323.0
2000,12,19.0,25.554508056222147,2943.9999999999995,2890.0000000000005
2000,12,20.0,27.697718631178706,528.0000000000001,523.9999999999999
2000,12,21.0,28.36872964169381,3090.0,3050.0
2000,12,22.0,29.600725404261752,3384.0,3233.0
2000,12,23.0,27.206475917122614,5639.000000000001,5509.999999999999
2000,12,24.0,28.24351953267616,2838.0,2640.0
2000,12,25.0,24.830173124484748,1856.0000000000002,1782.9999999999998
2000,12,26.0,26.408997307143988,3152.9999999999995,3160.0000000000005
2000,12,27.0,26.785714285714285,468.0,428.0
2000,12,28.0,26.95601173020528,1077.0,969.0
2000,12,29.0,26.751677852348994,1317.0000000000002,1215.9999999999998
2000,12,30.0,28.7135231316726,605.0000000000001,518.9999999999999
2000,12,31.0,29.224754669199115,4875.0,4602.0
2000,12,32.0,25.897670169026952,1121.0,1068.0
2000,12,33.0,28.581597384399814,10956.999999999998,10453.000000000002
2000,12,34.0,26.474532940019667,5148.000000000001,5021.999999999999
2000,12,35.0,26.768092105263158,328.0,280.0
2000,12,36.0,26.876359019125466,6432.999999999998,6168.000000000002
2000,12,37.0,25.598494049064854,2158.0000000000005,1958.9999999999998
2000,12,38.0,27.170013386880857,1879.0000000000002,1855.9999999999998
2000,12,39.0,27.778837962174137,6001.000000000001,5736.999999999999
2000,12,40.0,28.11454183266932,534.0,470.0
2000,12,41.0,26.005328218243818,2401.9999999999995,2290.0000000000005
2000,12,42.0,26.680803571428573,449.99999999999994,446.00000000000006
2000,12,43.0,25.946779964221825,3497.0000000000005,3210.9999999999995
2000,12,44.0,26.161296660117877,15631.000000000002,14908.999999999998
2000,12,45.0,26.21021184139055,1907.9999999999998,1774.0000000000002
2000,12,46.0,28.33213644524237,294.00000000000006,262.99999999999994
2000,12,47.0,27.78796455820822,4127.0,3999.0000000000005
2000,12,48.0,27.361511610259523,3327.0000000000005,3261.9999999999995
2000,12,49.0,25.58696988322065,827.0000000000001,799.9999999999999
2000,12,50.0,27.537470935431944,2914.0,2677.0
2000,12,51.0,25.786915887850466,277.0,258.0
2000,12,52.0,22.0,1.0,1.0
2000,12,53.0,23.5,1.0,1.0
2000,12,55.0,28.384615384615383,5.0,8.0
2000,12,57.0,26.587020648967552,172.00000000000003,166.99999999999997
2000,12,59.0,30.14,25.0,25.0
2001,1,1.0,25.553159851301114,2780.9999999999995,2599.0000000000005
2001,1,2.0,27.170239596469106,418.0,375.0
2001,1,3.0,26.35956917978459,3635.0000000000005,3606.9999999999995
2001,1,4.0,25.072916666666668,1691.0000000000002,1476.9999999999998
2001,1,5.0,27.73383902043756,22712.000000000004,21715.999999999996
2001,1,6.0,27.295211786372008,2641.0000000000005,2788.9999999999995
2001,1,7.0,29.2407676650189,1774.0,1665.0
2001,1,8.0,26.865466101694917,490.00000000000006,453.99999999999994
2001,1,9.0,27.325581395348838,322.00000000000006,279.99999999999994
2001,1,10.0,27.12894494356139,8912.999999999998,8451.000000000002
2001,1,11.0,26.42442379846346,5724.999999999999,5469.000000000001
2001,1,12.0,27.765151515151516,717.0,735.0
2001,1,13.0,26.191736604260814,771.0000000000001,777.9999999999999
2001,1,14.0,27.384357981759727,7795.000000000001,7445.999999999999
2001,1,15.0,26.322455214553536,3710.9999999999995,3490.0000000000005
2001,1,16.0,26.860119047619047,1570.0,1454.0
2001,1,17.0,26.535587188612098,1732.0,1640.0
2001,1,18.0,25.866046310322442,2371.0,2250.0
2001,1,19.0,25.496121233988816,2920.9999999999995,2622.0000000000005
2001,1,20.0,27.69838249286394,565.0000000000001,485.9999999999999
2001,1,21.0,28.163015463917525,3171.9999999999995,3036.0000000000005
2001,1,22.0,29.596221778528644,3329.9999999999995,3181.0000000000005
2001,1,23.0,27.221863220247712,5735.000000000001,5406.999999999999
2001,1,24.0,28.15358422939068,2786.0000000000005,2793.9999999999995
2001,1,25.0,25.00763358778626,1892.9999999999995,1775.0000000000005
2001,1,26.0,26.419478650247882,3106.0000000000005,3146.9999999999995
2001,1,27.0,26.588103254769923,440.0,451.0
2001,1,28.0,27.102614701529355,1076.0,950.9999999999999
2001,1,29.0,27.0564451561249,1253.0,1245.0
2001,1,30.0,28.520034843205575,571.0,577.0
2001,1,31.0,29.177972283005104,4913.000000000001,4683.999999999999
2001,1,32.0,25.757372654155496,1154.0,1084.0
2001,1,33.0,28.458241547744468,10665.999999999998,10216.000000000002
2001,1,34.0,26.52562431050045,5067.0,4904.0
2001,1,35.0,26.998344370860927,307.99999999999994,296.00000000000006
2001,1,36.0,26.941874258600237,6552.0,6093.0
2001,1,37.0,25.529995276334436,2051.0,2183.0
2001,1,38.0,26.92411328017597,1881.9999999999995,1755.0000000000005
2001,1,39.0,27.84458999659748,5921.0,5835.0
2001,1,40.0,27.764077669902914,507.9999999999999,522.0000000000001
2001,1,41.0,26.10923493850323,2394.0000000000005,2402.9999999999995
2001,1,42.0,26.552083333333332,425.0,439.0
2001,1,43.0,25.775618642781236,3420.9999999999995,3166.0000000000005
2001,1,44.0,26.131648201695963,15620.000000000002,15158.999999999998
2001,1,45.0,26.347769371249672,1961.0000000000002,1871.9999999999998
2001,1,46.0,27.88314176245211,270.99999999999994,251.00000000000003
2001,1,47.0,27.715766369954885,4091.0,4110.0
2001,1,48.0,27.56613674949838,3269.0,3210.0
2001,1,49.0,25.69938271604938,830.0000000000001,789.9999999999999
2001,1,50.0,27.410668615272197,2822.0,2652.0
2001,1,51.0,25.72107438016529,249.0,235.0
2001,1,53.0,29.4,1.9999999999999996,3.0000000000000004
2001,1,54.0,20.0,1.0,0.0
2001,1,55.0,29.8,9.000000000000002,5.999999999999998
2001,1,57.0,27.169054441260744,179.00000000000003,169.99999999999997
2001,1,59.0,30.65909090909091,24.999999999999996,19.000000000000004
2001,2,1.0,25.659787095372582,2357.0,2246.0
2001,2,2.0,27.363636363636363,403.00000000000006,377.99999999999994
2001,2,3.0,26.384921241780088,3287.0000000000005,3251.9999999999995
2001,2,4.0,25.20837733192538,1434.9999999999998,1406.0000000000002
2001,2,5.0,27.75367544371937,20064.999999999996,19318.000000000004
2001,2,6.0,27.28921947449768,2605.9999999999995,2570.0000000000005
2001,2,7.0,29.12930202637504,1586.0000000000002,1522.9999999999998
2001,2,8.0,27.380050505050505,368.99999999999994,423.00000000000006
2001,2,9.0,27.443661971830984,292.0,276.0
2001,2,10.0,27.148903717826503,7998.999999999999,7736.000000000001
2001,2,11.0,26.496048992493087,5132.0,4992.0
2001,2,12.0,27.604819277108433,630.9999999999999,614.0000000000001
2001,2,13.0,26.563706563706564,772.0,782.0
2001,2,14.0,27.489626556016596,7115.0,6863.0
2001,2,15.0,26.479884621223622,3387.9999999999995,3199.0000000000005
2001,2,16.0,27.097059865391426,1414.0000000000002,1408.9999999999998
2001,2,17.0,26.608799454297408,1489.0000000000002,1442.9999999999998
2001,2,18.0,25.898589494163424,2114.0,1998.0000000000002
2001,2,19.0,25.497004751084486,2465.9999999999995,2375.0000000000005
2001,2,20.0,27.727871939736346,560.0,502.00000000000006
2001,2,21.0,28.282357260877546,2776.0000000000005,2670.9999999999995
2001,2,22.0,29.668917805962774,3085.9999999999995,2985.0000000000005
2001,2,23.0,27.351677986416302,5123.0,4889.0
2001,2,24.0,28.13312512199883,2666.0,2457.0
2001,2,25.0,24.938074800735745,1677.0,1585.0
2001,2,26.0,26.43293834793062,2985.9999999999995,2837.0000000000005
2001,2,27.0,26.72850122850123,403.00000000000006,410.99999999999994
2001,2,28.0,27.096757322175733,978.0000000000002,933.9999999999998
2001,2,29.0,26.730112453144525,1231.0,1170.0
2001,2,30.0,28.754578754578755,533.0,559.0
2001,2,31.0,29.21588523442967,4458.000000000001,4115.999999999999
2001,2,32.0,25.624819624819626,1048.0,1031.0
2001,2,33.0,28.60631956533207,9795.999999999998,9161.000000000002
2001,2,34.0,26.651767619905428,4552.000000000001,4329.999999999999
2001,2,35.0,27.13799283154122,289.00000000000006,268.99999999999994
2001,2,36.0,26.87778838642479,5958.999999999999,5562.000000000001
2001,2,37.0,25.53022636484687,1946.0,1809.0
2001,2,38.0,27.09367881548975,1792.9999999999998,1719.0000000000002
2001,2,39.0,27.962029971499494,5507.000000000001,5369.999999999999
2001,2,40.0,27.789044289044288,429.0,429.0
2001,2,41.0,26.156357783398484,2244.0,2105.0
2001,2,42.0,26.56746987951807,433.0,397.0
2001,2,43.0,25.83907858193106,3163.0,2958.0
2001,2,44.0,26.206341013824886,13866.0,13259.0
2001,2,45.0,26.388030888030887,1841.0,1785.0
2001,2,46.0,27.866369710467705,217.00000000000003,231.99999999999997
2001,2,47.0,27.788866532528505,3819.0000000000005,3635.9999999999995
2001,2,48.0,27.56286427976686,3048.9999999999995,2956.0000000000005
2001,2,49.0,25.6520618556701,796.9999999999999,755.0000000000001
2001,2,50.0,27.545800076016725,2712.0000000000005,2549.9999999999995
2001,2,51.0,25.991011235955057,214.0,231.0
2001,2,52.0,33.0,0.0,1.0
2001,2,53.0,31.5,4.0,0.0
2001,2,55.0,30.333333333333332,12.000000000000002,5.999999999999998
2001,2,57.0,27.53872053872054,148.0,149.0
2001,2,59.0,30.4,24.000000000000004,20.999999999999996
2001,3,1.0,25.795346062052506,2541.0000000000005,2486.9999999999995
2001,3,2.0,27.09031556039173,477.0,442.0
2001,3,3.0,26.373695198329855,3673.0000000000005,3511.9999999999995
2001,3,4.0,25.1390251880929,1591.9999999999998,1465.0000000000002
2001,3,5.0,27.832047260321023,22363.000000000004,21309.999999999996
2001,3,6.0,27.315909489563236,2892.9999999999995,2808.0000000000005
2001,3,7.0,29.454192115491395,1865.0,1737.0
2001,3,8.0,27.47005649717514,428.99999999999994,456.00000000000006
2001,3,9.0,27.712948517940717,345.0,296.0
2001,3,10.0,27.19382920762762,8692.0,8194.0
2001,3,11.0,26.685704181769957,5774.000000000001,5536.999999999999
2001,3,12.0,28.0,728.9999999999999,708.0000000000001
2001,3,13.0,26.245499181669395,887.9999999999999,945.0000000000001
2001,3,14.0,27.58482660822483,7906.999999999999,7607.000000000001
2001,3,15.0,26.537533875338752,3783.0000000000005,3596.9999999999995
2001,3,16.0,27.083883129123468,1596.0,1587.0
2001,3,17.0,26.759638554216867,1694.9999999999998,1625.0000000000002
2001,3,18.0,25.959412022817023,2313.9999999999995,2244.0000000000005
2001,3,19.0,25.59528266566829,2757.9999999999995,2584.0000000000005
2001,3,20.0,27.29230769230769,623.0,612.0
2001,3,21.0,28.266850291639663,3170.9999999999995,3001.0000000000005
2001,3,22.0,29.628455637574177,3508.0000000000005,3400.9999999999995
2001,3,23.0,27.36517679605775,6104.999999999999,5462.000000000001
2001,3,24.0,28.3902905863929,2947.0000000000005,2799.9999999999995
2001,3,25.0,25.156936416184973,1764.9999999999998,1695.0000000000002
2001,3,26.0,26.58064012490242,3233.0,3172.0
2001,3,27.0,26.598732840549104,478.0,469.0
2001,3,28.0,27.165951359084406,1096.9999999999998,1000.0000000000001
2001,3,29.0,26.75936225435669,1386.9999999999998,1310.0000000000002
2001,3,30.0,28.989516129032257,652.0000000000001,587.9999999999999
2001,3,31.0,29.178637389698338,4987.0,4759.0
2001,3,32.0,25.75409836065574,1145.0000000000002,1172.9999999999998
2001,3,33.0,28.590595640301753,10930.0,10677.0
2001,3,34.0,26.678596281936574,5268.999999999999,4790.000000000001
2001,3,35.0,26.829754601226995,320.00000000000006,331.99999999999994
2001,3,36.0,26.944584962060244,6753.000000000001,6293.999999999999
2001,3,37.0,25.671753875968992,2104.0,2024.0
2001,3,38.0,26.941781681304892,2036.0,1949.0
2001,3,39.0,27.916742155974635,6258.999999999999,5884.000000000001
2001,3,40.0,28.04332129963899,545.0000000000001,562.9999999999999
2001,3,41.0,26.157939548744146,2460.0000000000005,2237.9999999999995
2001,3,42.0,27.12566560170394,469.99999999999994,469.00000000000006
2001,3,43.0,26.136475284003684,3390.9999999999995,3123.0000000000005
2001,3,44.0,26.171252275945783,15086.999999999998,14571.000000000002
2001,3,45.0,26.31520190023753,2159.0,2051.0
2001,3,46.0,27.846153846153847,280.00000000000006,304.99999999999994
2001,3,47.0,27.921835174171623,4282.0,3956.9999999999995
2001,3,48.0,27.520530182970752,3590.0,3351.0
2001,3,49.0,25.883467278989666,912.0000000000001,829.9999999999999
2001,3,50.0,27.485234215885946,2932.9999999999995,2959.0000000000005
2001,3,51.0,25.424354243542435,320.0,222.0
2001,3,52.0,23.0,1.0,0.0
2001,3,53.0,29.2,3.0000000000000004,1.9999999999999996
2001,3,55.0,28.0,8.999999999999998,10.000000000000002
2001,3,57.0,27.425925925925927,170.99999999999997,153.00000000000003
2001,3,59.0,30.490909090909092,33.00000000000001,21.999999999999996
2001,4,1.0,25.83882402001668,2479.9999999999995,2316.0000000000005
2001,4,2.0,26.993734335839598,414.0,384.0
2001,4,3.0,26.476909007773205,3361.0,3200.0
2001,4,4.0,25.13584117032393,1428.9999999999998,1442.0000000000002
2001,4,5.0,27.84251288814291,21440.000000000004,20264.999999999996
2001,4,6.0,27.43281938325991,2808.9999999999995,2639.0000000000005
2001,4,7.0,29.556512079977782,1876.9999999999998,1724.0000000000002
2001,4,8.0,27.233485193621867,450.00000000000006,427.99999999999994
2001,4,9.0,27.567961165048544,293.00000000000006,324.99999999999994
2001,4,10.0,27.221784776902886,8190.0,7812.0
2001,4,11.0,26.63598166539343,5287.0,5185.0
2001,4,12.0,27.802292263610315,720.9999999999999,675.0000000000001
2001,4,13.0,26.591088550479412,915.0,858.0
2001,4,14.0,27.58194758547293,7775.000000000001,7258.999999999999
2001,4,15.0,26.489978370583994,3520.0,3415.0
2001,4,16.0,27.236510500807753,1567.9999999999998,1527.0000000000002
2001,4,17.0,26.926517571884983,1649.0,1481.0
2001,4,18.0,25.979391100702575,2194.0000000000005,2075.9999999999995
2001,4,19.0,25.521835826930854,2592.9999999999995,2353.0000000000005
2001,4,20.0,27.87315377932233,601.9999999999999,549.0000000000001
2001,4,21.0,28.525315391084945,2998.0000000000005,2946.9999999999995
2001,4,22.0,29.791051521542634,3394.9999999999995,3243.0000000000005
2001,4,23.0,27.498959370192743,5661.999999999999,5389.000000000001
2001,4,24.0,28.320521619766645,3027.0,2801.0
2001,4,25.0,25.220806794055203,1682.0000000000002,1614.9999999999998
2001,4,26.0,26.553465346534654,3070.9999999999995,2989.0000000000005
2001,4,27.0,26.9358407079646,459.0,445.0
2001,4,28.0,27.280684596577018,991.0000000000002,1053.9999999999998
2001,4,29.0,26.758791890773686,1233.0,1184.0
2001,4,30.0,28.723063973063972,581.9999999999999,606.0000000000001
2001,4,31.0,29.297180489812717,5021.0,4697.0
2001,4,32.0,25.639709443099274,1047.0000000000002,1017.9999999999998
2001,4,33.0,28.593603781776086,10564.999999999998,10166.000000000002
2001,4,34.0,26.71990301496943,4793.0,4693.0
2001,4,35.0,26.906727828746178,321.00000000000006,332.99999999999994
2001,4,36.0,26.945562130177514,6438.0,6237.0
2001,4,37.0,25.681536555142504,2060.0,1975.0
2001,4,38.0,27.077151335311573,1907.0000000000005,1799.9999999999995
2001,4,39.0,27.89179608372721,6075.000000000001,5772.999999999999
2001,4,40.0,28.658035714285713,614.9999999999999,505.00000000000006
2001,4,41.0,26.19944405837387,2174.0,2143.0
2001,4,42.0,26.558930741190764,416.0,407.0
2001,4,43.0,25.96546668838573,3127.9999999999995,3011.0000000000005
2001,4,44.0,26.254320640719403,14574.999999999998,13893.000000000002
2001,4,45.0,26.466112370874274,2030.0000000000002,1938.9999999999998
2001,4,46.0,28.31095406360424,291.00000000000006,274.99999999999994
2001,4,47.0,27.810906336783642,4084.0,3838.0
2001,4,48.0,27.716138763197588,3428.9999999999995,3201.0000000000005
2001,4,49.0,25.74625,803.0000000000001,796.9999999999999
2001,4,50.0,27.698442906574396,2914.0000000000005,2865.9999999999995
2001,4,51.0,25.899408284023668,253.00000000000006,253.99999999999994
2001,4,52.0,34.333333333333336,2.0,0.9999999999999998
2001,4,53.0,31.666666666666668,3.0,0.0
2001,4,55.0,29.76923076923077,3.000000000000001,10.0
2001,4,57.0,27.301724137931036,164.0,184.0
2001,4,59.0,30.74576271186441,25.999999999999996,33.00000000000001
2001,5,1.0,26.027267338470658,2573.0,2488.0
2001,5,2.0,27.295742232451094,423.00000000000006,445.99999999999994
2001,5,3.0,26.440252495596006,3511.9999999999995,3300.0000000000005
2001,5,4.0,25.298340670504572,1458.0000000000002,1494.9999999999998
2001,5,5.0,27.858811280612013,22694.0,21488.0
2001,5,6.0,27.559218351741716,3036.9999999999995,2848.0000000000005
2001,5,7.0,29.437663015127804,1995.0000000000002,1838.9999999999998
2001,5,8.0,27.522453450164292,483.99999999999994,429.00000000000006
2001,5,9.0,28.049924357034797,362.0,299.0
2001,5,10.0,27.299827308997795,8710.000000000002,8082.999999999998
2001,5,11.0,26.719331659596573,5892.0,5659.0
2001,5,12.0,27.543758967001434,702.0000000000001,691.9999999999999
2001,5,13.0,26.300502512562815,1036.9999999999998,953.0000000000002
2001,5,14.0,27.70496952943394,8132.000000000001,7784.999999999999
2001,5,15.0,26.507538358905936,3776.9999999999995,3718.0000000000005
2001,5,16.0,27.213208685162847,1668.0,1648.0
2001,5,17.0,26.625039419741405,1626.0000000000002,1544.9999999999998
2001,5,18.0,26.06073138876796,2403.0,2191.0
2001,5,19.0,25.811847351433453,2719.0000000000005,2547.9999999999995
2001,5,20.0,27.61503416856492,664.9999999999999,652.0000000000001
2001,5,21.0,28.431945109302696,3120.0000000000005,3146.9999999999995
2001,5,22.0,29.786234372853414,3709.0,3570.0
2001,5,23.0,27.576724938772063,6027.999999999999,5813.000000000001
2001,5,24.0,28.18349238238741,3041.0000000000005,2931.9999999999995
2001,5,25.0,25.134722629879658,1782.0,1625.0
2001,5,26.0,26.591304347826085,3244.0000000000005,3080.9999999999995
2001,5,27.0,26.935548841893254,515.0000000000001,477.99999999999994
2001,5,28.0,27.375239005736137,1052.0,1040.0
2001,5,29.0,26.91027607361963,1361.0000000000002,1246.9999999999998
2001,5,30.0,29.05533904910366,639.9999999999999,643.0000000000001
2001,5,31.0,29.51170994610485,5285.999999999999,4919.000000000001
2001,5,32.0,25.98720682302772,1189.9999999999998,1155.0000000000002
2001,5,33.0,28.777352543899145,11442.0,10768.0
2001,5,34.0,26.78605031703825,4974.000000000001,4803.999999999999
2001,5,35.0,27.053084648493545,336.00000000000006,360.99999999999994
2001,5,36.0,26.982363581549592,6732.999999999999,6535.000000000001
2001,5,37.0,25.74724197107134,2082.0000000000005,1996.9999999999995
2001,5,38.0,27.119118375433384,2084.9999999999995,1953.0000000000002
2001,5,39.0,27.973842900775317,6541.0,6228.0
2001,5,40.0,28.18660714285714,542.9999999999999,577.0000000000001
2001,5,41.0,26.20012995451592,2352.0,2265.0
2001,5,42.0,26.914529914529915,477.99999999999994,458.00000000000006
2001,5,43.0,26.194337385117105,3502.0,3244.0
2001,5,44.0,26.2999299929993,15481.000000000004,14515.999999999996
2001,5,45.0,26.527864467231385,2297.0000000000005,2188.9999999999995
2001,5,46.0,28.337954939341422,294.99999999999994,282.00000000000006
2001,5,47.0,27.929727827311122,4363.000000000001,4160.999999999999
2001,5,48.0,27.565253999438674,3696.000000000001,3429.999999999999
2001,5,49.0,25.860898138006572,936.0000000000001,889.9999999999999
2001,5,50.0,27.718175853018373,3099.0000000000005,2996.9999999999995
2001,5,51.0,25.9438202247191,289.00000000000006,244.99999999999994
2001,5,52.0,30.0,0.0,1.0
2001,5,53.0,30.333333333333332,2.0,0.9999999999999998
2001,5,54.0,26.0,1.0,0.0
2001,5,55.0,30.529411764705884,10.999999999999998,6.000000000000002
2001,5,57.0,27.17705735660848,215.0,186.0
2001,5,59.0,31.735849056603772,24.999999999999993,28.000000000000007
2001,6,1.0,25.894159072079535,2529.9999999999995,2298.0000000000005
2001,6,2.0,27.14504716981132,450.0,398.0
2001,6,3.0,26.334781957140716,3479.9999999999995,3193.0000000000005
2001,6,4.0,25.343153665885502,1606.0000000000002,1380.9999999999998
2001,6,5.0,27.840938235911306,21827.000000000004,21061.999999999996
2001,6,6.0,27.4206760865677,2847.9999999999995,2743.0000000000005
2001,6,7.0,29.50223463687151,1795.0,1785.0
2001,6,8.0,27.507246376811594,453.0000000000001,443.9999999999999
2001,6,9.0,27.74458204334365,314.00000000000006,331.99999999999994
2001,6,10.0,27.206472252983882,8195.000000000002,8058.999999999998
2001,6,11.0,26.41768037886526,5485.000000000001,5283.999999999999
2001,6,12.0,27.70287044220326,644.0,645.0
2001,6,13.0,26.099159663865546,901.0,884.0
2001,6,14.0,27.561558034840477,7864.0,7463.0
2001,6,15.0,26.52425578831312,3675.0000000000005,3580.9999999999995
2001,6,16.0,27.144525086778163,1658.0000000000002,1510.9999999999998
2001,6,17.0,26.737543636940654,1559.9999999999998,1591.0000000000002
2001,6,18.0,26.051304929734552,2315.9999999999995,2167.0000000000005
2001,6,19.0,25.720111955217913,2517.0000000000005,2484.9999999999995
2001,6,20.0,27.826050420168066,626.9999999999999,563.0000000000001
2001,6,21.0,28.51300390117035,3165.9999999999995,2986.0000000000005
2001,6,22.0,29.83418150975403,3622.0,3452.0
2001,6,23.0,27.523583639130045,5745.999999999999,5427.000000000001
2001,6,24.0,28.232444676772957,2912.9999999999995,2826.0000000000005
2001,6,25.0,25.276601998824223,1729.9999999999998,1672.0000000000002
2001,6,26.0,26.66345514950166,3127.0,2893.0
2001,6,27.0,27.036231884057973,485.99999999999994,480.00000000000006
2001,6,28.0,27.3060635226179,1058.0,1020.0
2001,6,29.0,26.928409947249435,1368.0000000000002,1285.9999999999998
2001,6,30.0,29.07301066447908,613.9999999999999,605.0000000000001
2001,6,31.0,29.391986782321354,4973.0,4711.0
2001,6,32.0,25.74139492753623,1164.0,1044.0
2001,6,33.0,28.69248269978197,10778.0,10320.0
2001,6,34.0,26.686876116423242,4840.000000000001,4676.999999999999
2001,6,35.0,26.852941176470587,330.99999999999994,315.00000000000006
2001,6,36.0,27.035223503395986,6416.999999999999,6245.000000000001
2001,6,37.0,25.50173869846001,2063.0000000000005,1962.9999999999995
2001,6,38.0,26.96071711046665,1889.0000000000002,1903.9999999999998
2001,6,39.0,27.983585029546948,6314.000000000001,5869.999999999999
2001,6,40.0,28.66888045540797,569.0,485.00000000000006
2001,6,41.0,26.21447963800905,2258.0,2162.0
2001,6,42.0,26.914844649021862,424.99999999999994,444.00000000000006
2001,6,43.0,26.071272953625893,3382.0,3044.0
2001,6,44.0,26.24669020300088,15111.0,14347.0
2001,6,45.0,26.48539435248296,2119.0000000000005,1988.9999999999995
2001,6,46.0,28.390423572744016,282.99999999999994,260.00000000000006
2001,6,47.0,27.823214502980896,4175.000000000001,4043.9999999999995
2001,6,48.0,27.676513600467974,3472.0,3366.0
2001,6,49.0,25.9251497005988,820.0000000000001,849.9999999999999
2001,6,50.0,27.664788732394367,3123.0000000000005,2911.9999999999995
2001,6,51.0,25.725746268656717,265.99999999999994,270.00000000000006
2001,6,52.0,25.0,0.0,1.0
2001,6,53.0,30.75,1.0,3.0
2001,6,55.0,30.95,12.000000000000002,7.999999999999998
2001,6,57.0,27.96286472148541,197.0,180.0
2001,6,59.0,29.5,32.99999999999999,17.000000000000004
2001,7,1.0,25.663409961685822,2624.9999999999995,2595.0000000000005
2001,7,2.0,27.209411764705884,449.00000000000006,400.99999999999994
2001,7,3.0,26.242452957899012,3697.9999999999995,3689.0000000000005
2001,7,4.0,25.35259760221334,1650.0000000000002,1602.9999999999998
2001,7,5.0,27.79560386260417,23405.000000000004,21952.999999999996
2001,7,6.0,27.424725651577504,3031.0000000000005,2800.9999999999995
2001,7,7.0,29.461073119410838,1971.0,1831.0
2001,7,8.0,27.019417475728154,488.00000000000006,438.99999999999994
2001,7,9.0,27.63836017569546,343.00000000000006,339.99999999999994
2001,7,10.0,27.156494880741292,8959.0,8524.0
2001,7,11.0,26.57656331196951,5798.000000000001,5747.999999999999
2001,7,12.0,27.781443298969073,711.0000000000001,743.9999999999999
2001,7,13.0,26.212253829321664,960.0000000000001,867.9999999999999
2001,7,14.0,27.53385624119125,8309.0,8010.0
2001,7,15.0,26.464413994944792,3866.9999999999995,3650.0000000000005
2001,7,16.0,27.03707136237257,1686.0000000000002,1550.9999999999998
2001,7,17.0,26.445373134328356,1714.9999999999998,1635.0000000000002
2001,7,18.0,26.186765615337045,2395.9999999999995,2455.0000000000005
2001,7,19.0,25.541201117318437,2967.9999999999995,2760.0000000000005
2001,7,20.0,27.630415561450043,596.0,535.0
2001,7,21.0,28.36820480404551,3249.9999999999995,3078.0000000000005
2001,7,22.0,29.801960784313724,3647.9999999999995,3492.0000000000005
2001,7,23.0,27.36365169012897,6107.0,5756.0
2001,7,24.0,28.13251155624037,2949.9999999999995,2891.0000000000005
2001,7,25.0,24.941876182752097,1901.9999999999998,1797.0000000000002
2001,7,26.0,26.514123449409656,3347.0000000000005,3343.9999999999995
2001,7,27.0,26.710359408033828,491.0,455.0
2001,7,28.0,27.247477174435367,1049.0000000000002,1031.9999999999998
2001,7,29.0,26.7940956651719,1390.9999999999998,1285.0000000000002
2001,7,30.0,28.780269058295964,699.0000000000001,638.9999999999999
2001,7,31.0,29.247092450226692,5177.000000000001,4968.999999999999
2001,7,32.0,25.923976608187136,1213.0,1181.0
2001,7,33.0,28.6501670750724,11486.000000000002,10958.999999999998
2001,7,34.0,26.63973320628871,5282.000000000001,5212.999999999999
2001,7,35.0,27.301369863013697,350.99999999999994,306.00000000000006
2001,7,36.0,27.00225954658432,6786.000000000001,6490.999999999999
2001,7,37.0,25.3389400921659,2238.0000000000005,2101.9999999999995
2001,7,38.0,27.10395537525355,2030.9999999999995,1913.0000000000005
2001,7,39.0,27.88867805186591,6475.999999999999,6172.000000000001
2001,7,40.0,28.146821844225606,567.0,550.0
2001,7,41.0,26.108318005313713,2460.9999999999995,2432.0000000000005
2001,7,42.0,26.94956140350877,409.00000000000006,502.99999999999994
2001,7,43.0,25.95781088656144,3490.0,3289.0
2001,7,44.0,26.157356883772277,16082.0,15623.0
2001,7,45.0,26.581774580335733,2127.0,2043.0
2001,7,46.0,28.311030741410487,276.99999999999994,276.00000000000006
2001,7,47.0,27.841108545034643,4425.0,4235.0
2001,7,48.0,27.60878215148501,3589.0000000000005,3447.9999999999995
2001,7,49.0,25.869983948635635,937.9999999999998,931.0000000000002
2001,7,50.0,27.61859551481421,3115.9999999999995,2993.0000000000005
2001,7,51.0,25.789571694599626,271.0,266.0
2001,7,52.0,29.0,0.0,1.0
2001,7,53.0,37.0,1.0,1.0
2001,7,55.0,30.333333333333332,8.000000000000002,6.999999999999998
2001,7,57.0,26.908096280087527,210.99999999999997,246.00000000000003
2001,7,59.0,31.375,33.0,31.0
2001,8,1.0,25.82082100591716,2690.9999999999995,2717.0000000000005
2001,8,2.0,27.071508379888268,463.00000000000006,431.99999999999994
2001,8,3.0,26.427860061287028,4023.000000000001,3808.999999999999
2001,8,4.0,25.249174422095468,1684.0,1647.0
2001,8,5.0,27.82377177102191,24522.999999999996,23534.000000000004
2001,8,6.0,27.523428380857094,3160.0000000000005,2836.9999999999995
2001,8,7.0,29.32167461579226,1916.9999999999995,1857.0000000000005
2001,8,8.0,27.120445344129553,500.0,488.0
2001,8,9.0,27.507982583454282,352.00000000000006,336.99999999999994
2001,8,10.0,27.215231965674445,9603.999999999998,9041.000000000002
2001,8,11.0,26.608721027180255,6118.0,5876.0
2001,8,12.0,27.839679358717436,768.0000000000001,728.9999999999999
2001,8,13.0,26.3413698630137,942.0,883.0
2001,8,14.0,27.637611026033692,8289.0,8036.000000000001
2001,8,15.0,26.40489858400306,4063.0000000000005,3775.9999999999995
2001,8,16.0,26.957581227436823,1688.9999999999995,1635.0000000000005
2001,8,17.0,26.678759508484493,1777.0000000000002,1640.9999999999998
2001,8,18.0,26.109230149133413,2539.9999999999995,2422.0000000000005
2001,8,19.0,25.543236161152965,3120.0,2986.0
2001,8,20.0,27.610972568578553,595.9999999999999,607.0000000000001
2001,8,21.0,28.51439182915506,3342.0000000000005,3119.9999999999995
2001,8,22.0,29.66967583093968,3729.0,3582.0
2001,8,23.0,27.33889591234724,6095.999999999999,5769.000000000001
2001,8,24.0,28.280372278544124,3047.9999999999995,2969.0000000000005
2001,8,25.0,24.986238532110093,1883.0000000000002,1822.9999999999998
2001,8,26.0,26.58671749010409,3454.0000000000005,3366.9999999999995
2001,8,27.0,26.800197823936696,532.0,478.99999999999994
2001,8,28.0,26.95865870463941,1081.0,1096.0
2001,8,29.0,26.919427973491455,1432.0000000000002,1434.9999999999998
2001,8,30.0,28.88,638.9999999999999,661.0000000000001
2001,8,31.0,29.25562411010916,5423.000000000001,5111.999999999999
2001,8,32.0,25.72576636288318,1241.0,1173.0
2001,8,33.0,28.66505812678219,11580.000000000002,11214.999999999998
2001,8,34.0,26.65093803297328,5338.0,5216.0
2001,8,35.0,26.922514619883042,354.00000000000006,329.99999999999994
2001,8,36.0,26.84977090062345,6805.0,6508.0
2001,8,37.0,25.460229783473267,2289.0000000000005,2236.9999999999995
2001,8,38.0,27.046901999506296,2084.0,1967.0
2001,8,39.0,27.879162107237768,6463.0,6331.0
2001,8,40.0,27.933390264731,609.0,562.0
2001,8,41.0,26.116676487919857,2643.0000000000005,2447.9999999999995
2001,8,42.0,26.50165380374862,444.99999999999994,462.00000000000006
2001,8,43.0,26.08005698005698,3659.0,3361.0
2001,8,44.0,26.239746873587464,17068.0,16116.999999999998
2001,8,45.0,26.347775175644028,2228.0,2041.9999999999998
2001,8,46.0,27.804347826086957,303.0,295.0
2001,8,47.0,27.721255544182874,4516.0,4277.0
2001,8,48.0,27.543580936024046,3600.9999999999995,3386.0000000000005
2001,8,49.0,25.995098039215687,950.9999999999999,885.0000000000001
2001,8,50.0,27.537296229211265,3100.0000000000005,2972.9999999999995
2001,8,51.0,25.438282647584973,293.99999999999994,265.00000000000006
2001,8,52.0,30.0,0.0,1.0
2001,8,53.0,33.0,0.0,4.0
2001,8,55.0,30.714285714285715,12.0,16.0
2001,8,57.0,27.422764227642276,262.0,230.00000000000003
2001,8,59.0,30.636363636363637,27.999999999999996,27.000000000000004
2001,9,1.0,25.745357566179376,2596.9999999999995,2465.0000000000005
2001,9,2.0,27.198837209302326,434.00000000000006,425.99999999999994
2001,9,3.0,26.390250399573787,3772.0000000000005,3735.9999999999995
2001,9,4.0,25.153434152488973,1594.0000000000002,1579.9999999999998
2001,9,5.0,27.837865718487304,23168.999999999996,22392.000000000004
2001,9,6.0,27.41696906860204,2936.0,2851.0
2001,9,7.0,29.28070659674303,1833.0000000000002,1789.9999999999998
2001,9,8.0,26.90304396843292,453.0,434.0
2001,9,9.0,27.74151857835218,314.00000000000006,304.99999999999994
2001,9,10.0,27.146239238785682,9044.0,8612.0
2001,9,11.0,26.61873848583209,5757.999999999999,5641.000000000001
2001,9,12.0,27.617783676177837,783.0,724.0
2001,9,13.0,26.259148170365926,840.9999999999999,826.0000000000001
2001,9,14.0,27.60140581672793,7953.999999999999,7553.000000000001
2001,9,15.0,26.544165145344756,3660.0,3461.0
2001,9,16.0,26.8632104934416,1640.0,1562.0
2001,9,17.0,26.805983680870355,1650.0,1659.0
2001,9,18.0,26.00397822445561,2433.0000000000005,2342.9999999999995
2001,9,19.0,25.634752389226758,2967.0,2788.0
2001,9,20.0,27.674570727718724,649.9999999999999,573.0000000000001
2001,9,21.0,28.514517437145173,3131.0000000000005,3033.9999999999995
2001,9,22.0,29.60594467333726,3431.9999999999995,3364.0000000000005
2001,9,23.0,27.410531972058035,5762.000000000001,5403.999999999999
2001,9,24.0,28.098042704626334,2936.0000000000005,2683.9999999999995
2001,9,25.0,25.104696132596686,1843.0,1777.0
2001,9,26.0,26.49433904528764,3296.0000000000005,3239.9999999999995
2001,9,27.0,26.646794150731157,456.99999999999994,432.00000000000006
2001,9,28.0,27.134842055634135,1068.9999999999998,1052.0000000000002
2001,9,29.0,26.835988414192613,1448.0,1314.0
2001,9,30.0,28.8776,653.0,597.0
2001,9,31.0,29.25164744645799,4930.000000000001,4781.999999999999
2001,9,32.0,25.860364267129228,1203.9999999999998,1102.0000000000002
2001,9,33.0,28.651632019565422,11062.0,10200.0
2001,9,34.0,26.622866725855776,5173.000000000001,4963.999999999999
2001,9,35.0,27.00778816199377,316.00000000000006,325.99999999999994
2001,9,36.0,26.91595063271364,6544.0,6258.0
2001,9,37.0,25.546712802768166,2220.0000000000005,2114.9999999999995
2001,9,38.0,27.259491942092325,1857.9999999999995,1803.0000000000005
2001,9,39.0,27.9238380310967,6094.0,5933.0
2001,9,40.0,28.465608465608465,582.0,552.0
2001,9,41.0,26.15334179357022,2421.0000000000005,2306.9999999999995
2001,9,42.0,26.601809954751133,454.99999999999994,429.00000000000006
2001,9,43.0,26.091224366706875,3401.0000000000005,3230.9999999999995
2001,9,44.0,26.16781630917509,16288.000000000002,15460.999999999998
2001,9,45.0,26.550811485642946,2036.0000000000002,1968.9999999999998
2001,9,46.0,27.90752688172043,253.00000000000006,211.99999999999994
2001,9,47.0,27.92205459770115,4255.0,4097.0
2001,9,48.0,27.505005390420454,3372.9999999999995,3120.0000000000005
2001,9,49.0,25.607487237663076,887.9999999999999,875.0000000000001
2001,9,50.0,27.676696871260045,2967.9999999999995,2881.0000000000005
2001,9,51.0,26.228915662650603,254.99999999999997,243.00000000000003
2001,9,52.0,23.0,2.0,0.0
2001,9,53.0,36.0,0.0,1.0
2001,9,55.0,25.833333333333332,6.999999999999999,5.000000000000001
2001,9,56.0,18.0,0.0,1.0
2001,9,57.0,26.944812362030905,214.0,239.0
2001,9,59.0,30.264150943396228,30.000000000000004,22.999999999999996
2001,10,1.0,25.672988505747128,2683.9999999999995,2536.0000000000005
2001,10,2.0,27.133495145631066,411.00000000000006,412.99999999999994
2001,10,3.0,26.494389617412466,3770.000000000001,3626.999999999999
2001,10,4.0,25.328631452581032,1717.0000000000002,1614.9999999999998
2001,10,5.0,27.866249263727394,23247.0,22592.0
2001,10,6.0,27.44124485780719,2939.0,2652.0
2001,10,7.0,29.383692391600764,1895.0,1772.0
2001,10,8.0,27.362946912242688,481.0,442.0
2001,10,9.0,27.622222222222224,298.00000000000006,331.99999999999994
2001,10,10.0,27.245696230115495,9472.999999999998,8883.000000000002
2001,10,11.0,26.51073337422238,5828.0,5585.0
2001,10,12.0,28.04689655172414,743.0,707.0
2001,10,13.0,26.311137301119622,830.0000000000001,866.9999999999999
2001,10,14.0,27.654950844952772,8007.0,7556.0
2001,10,15.0,26.538212260329463,3795.0,3611.0
2001,10,16.0,27.095238095238095,1605.0000000000002,1565.9999999999998
2001,10,17.0,26.80359246171967,1792.0,1604.0
2001,10,18.0,26.05280242371781,2309.0,2312.0
2001,10,19.0,25.607629898152943,2971.0,2822.0
2001,10,20.0,27.35066079295154,569.0,566.0
2001,10,21.0,28.447921681913016,3207.0,3024.0
2001,10,22.0,29.64450994841562,3399.0,3386.0
2001,10,23.0,27.18103370786517,5789.0,5336.0
2001,10,24.0,28.246000710984713,2865.0,2761.0
2001,10,25.0,25.120435967302452,1844.0000000000002,1825.9999999999998
2001,10,26.0,26.729069405539995,3270.0,3156.0
2001,10,27.0,26.973317865429234,437.00000000000006,424.99999999999994
2001,10,28.0,27.154291224686595,1050.0,1023.9999999999999
2001,10,29.0,27.04984662576687,1332.0000000000002,1275.9999999999998
2001,10,30.0,28.972560975609756,667.9999999999999,644.0000000000001
2001,10,31.0,29.40648559330786,4847.000000000001,4835.999999999999
2001,10,32.0,25.44949272165858,1167.9999999999998,1099.0000000000002
2001,10,33.0,28.74687717668911,10999.0,10536.0
2001,10,34.0,26.825210254331747,5065.999999999999,4803.000000000001
2001,10,35.0,27.556923076923077,295.99999999999994,354.00000000000006
2001,10,36.0,27.02046875,6575.999999999999,6224.000000000001
2001,10,37.0,25.6690934711132,2219.9999999999995,2038.0000000000005
2001,10,38.0,27.07620320855615,1890.0,1850.0
2001,10,39.0,27.971534653465348,6242.999999999999,5877.000000000001
2001,10,40.0,28.062381852551987,522.9999999999999,535.0000000000001
2001,10,41.0,26.077006039689387,2379.9999999999995,2256.0000000000005
2001,10,42.0,26.600671140939596,439.00000000000006,454.99999999999994
2001,10,43.0,26.069210964713008,3360.9999999999995,3242.0000000000005
2001,10,44.0,26.295009378555395,16700.999999999996,15820.000000000002
2001,10,45.0,26.53596109546967,1998.0,1909.0
2001,10,46.0,28.326454033771107,257.0,276.0
2001,10,47.0,27.83043167183401,4282.0,4104.0
2001,10,48.0,27.679274531080452,3279.0,3172.0
2001,10,49.0,25.831688914683692,890.0000000000001,832.9999999999999
2001,10,50.0,27.571182053494393,2894.9999999999995,2900.0000000000005
2001,10,51.0,25.5597609561753,274.0,228.00000000000003
2001,10,52.0,28.5,3.0,1.0
2001,10,53.0,34.0,0.0,1.0
2001,10,55.0,27.8,13.0,12.0
2001,10,57.0,27.029345372460497,227.99999999999994,215.00000000000006
2001,10,59.0,28.884615384615383,31.000000000000007,20.999999999999993
2001,11,1.0,25.623318385650226,2505.0000000000005,2400.9999999999995
2001,11,2.0,26.983006535947712,400.99999999999994,364.00000000000006
2001,11,3.0,26.29478138222849,3573.0000000000005,3516.9999999999995
2001,11,4.0,25.02619207521827,1533.9999999999998,1444.0000000000002
2001,11,5.0,27.88996397561426,22074.000000000004,21229.999999999996
2001,11,6.0,27.481932293647773,2673.9999999999995,2584.0000000000005
2001,11,7.0,29.273056057866185,1685.0,1633.0
2001,11,8.0,27.09610705596107,416.00000000000006,405.99999999999994
2001,11,9.0,28.006546644844516,301.00000000000006,309.99999999999994
2001,11,10.0,27.208942190137975,8778.000000000002,8398.999999999998
2001,11,11.0,26.55300270850845,5469.0,5238.0
2001,11,12.0,27.80509042196919,762.0,731.0
2001,11,13.0,26.18949343339587,819.0,780.0
2001,11,14.0,27.57475741424081,7495.000000000001,7138.999999999999
2001,11,15.0,26.423733804475855,3462.0000000000005,3329.9999999999995
2001,11,16.0,27.03023332237923,1566.0000000000002,1476.9999999999998
2001,11,17.0,26.80070944856498,1547.9999999999998,1553.0000000000002
2001,11,18.0,26.061079219288175,2247.0,2108.0
2001,11,19.0,25.513746334310852,2829.0,2627.0
2001,11,20.0,27.729853479853478,565.9999999999999,526.0000000000001
2001,11,21.0,28.469041560644612,2984.9999999999995,2910.0000000000005
2001,11,22.0,29.71227521501173,3222.0,3173.0
2001,11,23.0,27.414489079563182,5274.0,4982.0
2001,11,24.0,28.413806401851136,2646.9999999999995,2539.0000000000005
2001,11,25.0,25.192834255752985,1703.0,1730.0
2001,11,26.0,26.62668010752688,3140.0,2812.0
2001,11,27.0,26.972748815165875,429.00000000000006,414.99999999999994
2001,11,28.0,26.946876537137236,1035.0,998.0
2001,11,29.0,26.695600475624257,1255.0,1268.0
2001,11,30.0,28.536,554.0,571.0
2001,11,31.0,29.245490541135062,4630.000000000001,4461.999999999999
2001,11,32.0,25.61426684280053,1127.0,1144.0
2001,11,33.0,28.77520295202952,10398.999999999998,9926.000000000002
2001,11,34.0,26.719360749185668,4955.999999999999,4868.000000000001
2001,11,35.0,27.46566164154104,311.0,286.0
2001,11,36.0,27.017189771658256,5942.0,5751.0
2001,11,37.0,25.373549323017407,2124.0,2012.0000000000002
2001,11,38.0,27.015155690272803,1862.0,1767.0
2001,11,39.0,27.972177055103884,5714.0,5356.0
2001,11,40.0,28.109437751004016,506.0000000000001,489.9999999999999
2001,11,41.0,26.232307692307693,2388.0,2162.0
2001,11,42.0,26.78401997503121,430.0,371.0
2001,11,43.0,25.974152876280534,3162.9999999999995,3182.0000000000005
2001,11,44.0,26.275206885137372,15432.999999999998,14777.000000000002
2001,11,45.0,26.409054379855345,1949.0,1784.0
2001,11,46.0,28.75311203319502,254.99999999999994,227.00000000000006
2001,11,47.0,27.865793980915097,4274.999999999999,3899.000000000001
2001,11,48.0,27.54115390762346,3158.0,3099.0
2001,11,49.0,25.725163593099346,887.0,794.0
2001,11,50.0,27.63311132254995,2711.0000000000005,2543.9999999999995
2001,11,51.0,26.074688796680498,240.0,242.0
2001,11,52.0,25.0,1.0,0.0
2001,11,53.0,33.2,1.9999999999999996,3.0000000000000004
2001,11,54.0,24.0,2.0,0.0
2001,11,55.0,32.63636363636363,3.999999999999999,7.000000000000001
2001,11,57.0,26.606796116504853,202.0,210.0
2001,11,59.0,30.35135135135135,13.999999999999996,23.000000000000004
2001,12,1.0,25.693848644273572,2550.9999999999995,2391.0000000000005
2001,12,2.0,27.087390761548065,399.0000000000001,401.9999999999999
2001,12,3.0,26.40862840862841,3760.0,3611.0
2001,12,4.0,24.999347471451877,1579.0000000000002,1485.9999999999998
2001,12,5.0,27.71516828031351,21942.0,21438.0
2001,12,6.0,27.344944454904915,2754.0,2557.0
2001,12,7.0,29.362230979084572,1647.0000000000002,1651.9999999999998
2001,12,8.0,27.088465845464725,464.0,429.0
2001,12,9.0,27.744292237442924,334.99999999999994,322.00000000000006
2001,12,10.0,27.15904139433551,8738.0,8704.0
2001,12,11.0,26.56391453919971,5589.000000000001,5456.999999999999
2001,12,12.0,27.644474948524365,749.0000000000001,707.9999999999999
2001,12,13.0,26.2191435768262,775.0,813.0
2001,12,14.0,27.402788167290037,7515.0,7190.0
2001,12,15.0,26.395526695526694,3629.0000000000005,3300.9999999999995
2001,12,16.0,26.928430079155675,1565.0000000000002,1466.9999999999998
2001,12,17.0,26.57595526561044,1661.9999999999998,1557.0000000000002
2001,12,18.0,25.945454545454545,2301.0000000000005,2153.9999999999995
2001,12,19.0,25.606854476942402,2780.0,2793.0
2001,12,20.0,27.479876160990713,514.0,454.99999999999994
2001,12,21.0,28.404641775983855,3004.0,2942.0
2001,12,22.0,29.708495460440986,3105.0,3063.0
2001,12,23.0,27.412309473278025,5343.999999999999,5022.000000000001
2001,12,24.0,28.075160923892465,2746.0000000000005,2535.9999999999995
2001,12,25.0,24.923182066703117,1815.0,1843.0
2001,12,26.0,26.609720416124837,3173.0000000000005,2978.9999999999995
2001,12,27.0,26.894795127353266,455.0,448.0
2001,12,28.0,27.346615458473355,1032.0,1051.0
2001,12,29.0,26.74878322725571,1348.0,1323.0
2001,12,30.0,28.906976744186046,588.0000000000001,572.9999999999999
2001,12,31.0,29.226628583983302,4722.999999999999,4380.000000000001
2001,12,32.0,25.94646873594242,1106.9999999999998,1116.0000000000002
2001,12,33.0,28.608008325486892,10323.0,9856.0
2001,12,34.0,26.612815978362633,4892.0,4721.0
2001,12,35.0,26.959183673469386,278.0,310.0
2001,12,36.0,26.914468694699586,6051.999999999999,5815.000000000001
2001,12,37.0,25.481012658227847,2222.0,2044.0000000000002
2001,12,38.0,26.953931034482757,1857.0000000000002,1767.9999999999998
2001,12,39.0,27.836397548627765,5794.0,5465.0
2001,12,40.0,28.376979936642027,492.00000000000006,454.99999999999994
2001,12,41.0,26.12167381974249,2388.0,2272.0
2001,12,42.0,26.895631067961165,420.0,404.0
2001,12,43.0,25.998444306160547,3272.9999999999995,3155.0000000000005
2001,12,44.0,26.20549828178694,15615.999999999998,14939.000000000002
2001,12,45.0,26.292970895112575,1913.9999999999995,1728.0000000000005
2001,12,46.0,28.038539553752535,241.00000000000003,251.99999999999997
2001,12,47.0,27.690287724588515,4082.999999999999,3876.000000000001
2001,12,48.0,27.5640214985773,3134.9999999999995,3191.0000000000005
2001,12,49.0,25.565329883570506,809.0000000000001,736.9999999999999
2001,12,50.0,27.47670579603815,2696.0000000000005,2755.9999999999995
2001,12,51.0,25.766871165644172,258.00000000000006,230.99999999999997
2001,12,52.0,22.0,2.0,0.0
2001,12,53.0,28.5,3.0,3.0
2001,12,54.0,24.0,0.0,1.0
2001,12,55.0,30.0,9.0,4.0
2001,12,57.0,27.390934844192635,168.0,185.0
2001,12,59.0,31.076923076923077,33.0,19.0
2002,1,1.0,25.775675142913464,2575.0,2498.0
2002,1,2.0,26.946544980443285,379.0,388.0
2002,1,3.0,26.42964196502914,3775.000000000001,3430.999999999999
2002,1,4.0,25.24493670886076,1560.0,1600.0
2002,1,5.0,27.843139067338356,22261.0,21013.0
2002,1,6.0,27.26611000181521,2845.9999999999995,2663.0000000000005
2002,1,7.0,29.361665715915574,1809.0000000000002,1696.9999999999998
2002,1,8.0,27.462155963302752,456.99999999999994,415.00000000000006
2002,1,9.0,27.364197530864196,332.99999999999994,315.00000000000006
2002,1,10.0,27.15732317489197,9087.999999999998,8500.000000000002
2002,1,11.0,26.5366576819407,5667.999999999999,5462.000000000001
2002,1,12.0,27.785090664875757,751.0000000000001,737.9999999999999
2002,1,13.0,26.523752254960915,847.9999999999999,815.0000000000001
2002,1,14.0,27.42078063375493,7473.000000000002,7232.999999999998
2002,1,15.0,26.418076644974693,3501.0,3414.0
2002,1,16.0,27.07185039370079,1581.0,1467.0
2002,1,17.0,26.59130982367758,1653.9999999999998,1522.0000000000002
2002,1,18.0,26.06231655001129,2266.0,2163.0
2002,1,19.0,25.469571612428755,2790.9999999999995,2648.0000000000005
2002,1,20.0,27.50431447746884,516.9999999999999,526.0000000000001
2002,1,21.0,28.24103251759973,3141.9999999999995,2824.0000000000005
2002,1,22.0,29.585705348764467,3235.9999999999995,3158.0000000000005
2002,1,23.0,27.29366873940079,5489.999999999999,5124.000000000001
2002,1,24.0,28.13279382012139,2783.9999999999995,2653.0000000000005
2002,1,25.0,24.954128440366972,1775.9999999999998,1712.0000000000002
2002,1,26.0,26.485840847967093,3264.0000000000005,3056.9999999999995
2002,1,27.0,26.868483412322274,446.9999999999999,397.0000000000001
2002,1,28.0,27.181090545272635,1053.9999999999998,945.0000000000002
2002,1,29.0,26.67044167610419,1351.0,1298.0
2002,1,30.0,28.842424242424244,603.0000000000001,551.9999999999999
2002,1,31.0,29.115236464797775,4725.999999999999,4620.000000000001
2002,1,32.0,25.71718480138169,1176.0,1140.0
2002,1,33.0,28.647116086639084,10372.999999999998,10172.000000000002
2002,1,34.0,26.74278531925591,5154.999999999999,4790.000000000001
2002,1,35.0,26.901666666666667,295.0,305.0
2002,1,36.0,26.864062627415805,6231.999999999999,6031.000000000001
2002,1,37.0,25.40947343111325,2077.0,2082.0
2002,1,38.0,27.090177133655395,1906.0000000000002,1819.9999999999998
2002,1,39.0,27.865237764665046,5822.999999999999,5701.000000000001
2002,1,40.0,28.3292220113852,557.9999999999999,496.0000000000001
2002,1,41.0,26.235574837310196,2407.0,2203.0
2002,1,42.0,27.041128084606346,473.0,378.0
2002,1,43.0,25.997722095671982,3312.0,3273.0
2002,1,44.0,26.223657794184316,15846.000000000004,15035.999999999996
2002,1,45.0,26.52539763981529,1996.0,1902.0
2002,1,46.0,28.029469548133594,252.99999999999997,256.00000000000006
2002,1,47.0,27.680232558139537,4263.000000000001,3992.9999999999995
2002,1,48.0,27.547792408985284,3273.0000000000005,3181.9999999999995
2002,1,49.0,25.764705882352942,912.0000000000001,770.9999999999999
2002,1,50.0,27.508836524300442,2767.0,2665.0
2002,1,51.0,26.191650853889943,292.00000000000006,234.99999999999994
2002,1,52.0,18.0,1.0,0.0
2002,1,53.0,32.0,0.0,2.0
2002,1,55.0,31.428571428571427,3.0,4.0
2002,1,57.0,27.09695290858726,193.0,168.0
2002,1,59.0,30.204545454545453,20.0,24.0
2002,2,1.0,25.688103599648816,2304.0,2252.0
2002,2,2.0,27.038563829787233,388.0,364.0
2002,2,3.0,26.377457002457003,3325.0000000000005,3186.9999999999995
2002,2,4.0,25.20907840440165,1503.9999999999998,1404.0000000000002
2002,2,5.0,27.91721753279772,20125.999999999996,19206.000000000004
2002,2,6.0,27.383391540551028,2587.0000000000005,2566.9999999999995
2002,2,7.0,29.248372395833332,1551.9999999999998,1520.0000000000002
2002,2,8.0,27.030751708428244,446.00000000000006,431.99999999999994
2002,2,9.0,27.65084745762712,293.00000000000006,296.99999999999994
2002,2,10.0,27.156092584326977,8014.000000000001,7668.999999999999
2002,2,11.0,26.66519347868788,5174.999999999999,5007.000000000001
2002,2,12.0,27.855761482675263,646.0000000000001,594.9999999999999
2002,2,13.0,26.533925174381736,805.0000000000001,771.9999999999999
2002,2,14.0,27.493166618202967,7049.000000000001,6706.999999999999
2002,2,15.0,26.475622802995566,3316.0000000000005,3226.9999999999995
2002,2,16.0,27.017957746478874,1485.0,1355.0
2002,2,17.0,26.82833607907743,1554.0,1481.0
2002,2,18.0,25.988372093023255,2129.0,1913.0
2002,2,19.0,25.61382525846341,2528.0,2405.0
2002,2,20.0,27.85170731707317,544.0,481.0
2002,2,21.0,28.416232716825284,2900.0,2669.0
2002,2,22.0,29.75,3102.0,2926.0
2002,2,23.0,27.397170288024256,4996.0,4899.0
2002,2,24.0,28.165004887585532,2603.9999999999995,2511.0000000000005
2002,2,25.0,24.839593596059114,1650.9999999999998,1597.0000000000002
2002,2,26.0,26.564125722543352,2888.0,2648.0
2002,2,27.0,26.930795847750865,432.00000000000006,434.99999999999994
2002,2,28.0,27.22496225465526,987.0,1000.0
2002,2,29.0,26.83646770237122,1247.9999999999998,1198.0000000000002
2002,2,30.0,28.74860853432282,565.0000000000001,512.9999999999999
2002,2,31.0,29.336554132712457,4470.0,4120.0
2002,2,32.0,25.80037576326914,1045.0,1084.0
2002,2,33.0,28.650552558529302,9794.0,9299.0
2002,2,34.0,26.71833150384193,4730.000000000001,4379.999999999999
2002,2,35.0,27.258957654723126,308.0,306.0
2002,2,36.0,27.027550130775936,5940.999999999999,5529.000000000001
2002,2,37.0,25.505779604418187,1983.0000000000002,1909.9999999999998
2002,2,38.0,27.117127722189522,1750.0,1648.0
2002,2,39.0,27.847579529737207,5507.0,5338.0
2002,2,40.0,28.276356192425794,521.9999999999999,455.00000000000006
2002,2,41.0,26.156066651020886,2148.9999999999995,2112.0000000000005
2002,2,42.0,26.589024390243903,420.0,400.0
2002,2,43.0,26.09347532116295,3034.0000000000005,2881.9999999999995
2002,2,44.0,26.07560993214956,14055.999999999996,13652.000000000004
2002,2,45.0,26.47658402203857,1811.0000000000002,1818.9999999999998
2002,2,46.0,28.62526766595289,240.99999999999994,226.00000000000006
2002,2,47.0,27.861690885072655,3785.0,3785.0
2002,2,48.0,27.4705282826567,3052.0,2835.0
2002,2,49.0,25.659235668789808,807.0,763.0
2002,2,50.0,27.543138390272148,2632.0000000000005,2548.9999999999995
2002,2,51.0,25.71794871794872,237.0,231.0
2002,2,52.0,24.0,1.0,0.0
2002,2,53.0,31.5,0.0,2.0
2002,2,55.0,29.066666666666666,6.999999999999998,8.000000000000002
2002,2,57.0,27.414925373134327,177.99999999999997,157.00000000000003
2002,2,59.0,31.69047619047619,24.0,18.0
2002,3,1.0,25.895377128953772,2418.0,2514.0
2002,3,2.0,26.672727272727272,413.99999999999994,411.00000000000006
2002,3,3.0,26.4989491382934,3665.000000000001,3471.999999999999
2002,3,4.0,25.4157740993184,1569.0,1512.0
2002,3,5.0,27.956121268224948,22067.999999999996,21142.000000000004
2002,3,6.0,27.37900477164281,2983.0000000000005,2884.9999999999995
2002,3,7.0,29.60665137614679,1832.9999999999998,1655.0000000000002
2002,3,8.0,27.482718894009217,418.00000000000006,449.99999999999994
2002,3,9.0,27.67550702028081,313.0,328.0
2002,3,10.0,27.28256416435715,8542.000000000002,8055.999999999998
2002,3,11.0,26.90215528902516,5657.999999999999,5431.000000000001
2002,3,12.0,27.720588235294116,750.9999999999999,677.0000000000001
2002,3,13.0,26.609383832673828,904.0000000000002,864.9999999999998
2002,3,14.0,27.63795079204584,7462.999999999998,7372.000000000002
2002,3,15.0,26.500214132762313,3599.0,3406.0
2002,3,16.0,27.266014515620068,1642.0000000000002,1526.9999999999998
2002,3,17.0,26.520012128562765,1700.9999999999998,1597.0000000000002
2002,3,18.0,25.942446043165468,2263.0,2185.0
2002,3,19.0,25.63291634089132,2643.9999999999995,2472.0000000000005
2002,3,20.0,27.297670405522002,569.0,590.0
2002,3,21.0,28.327980535279806,3122.0000000000005,3042.9999999999995
2002,3,22.0,29.823511948938698,3497.000000000001,3239.999999999999
2002,3,23.0,27.544642857142858,5710.999999999999,5489.000000000001
2002,3,24.0,28.23797736916549,2858.9999999999995,2797.0000000000005
2002,3,25.0,25.180730101735488,1726.9999999999998,1615.0000000000002
2002,3,26.0,26.505854049719325,3221.0,3014.0
2002,3,27.0,26.980963045912652,445.00000000000006,447.99999999999994
2002,3,28.0,26.91132530120482,1079.0,996.0
2002,3,29.0,26.971204188481675,1377.0,1297.0
2002,3,30.0,28.902985074626866,618.0,588.0
2002,3,31.0,29.220287986245435,4682.0,4624.0
2002,3,32.0,25.647084612012275,1118.9999999999998,1162.0000000000002
2002,3,33.0,28.671834625322997,10593.000000000002,10304.999999999998
2002,3,34.0,26.803450400492913,5038.999999999999,4699.000000000001
2002,3,35.0,26.973058637083994,351.99999999999994,279.00000000000006
2002,3,36.0,27.018491834774256,6472.0,6020.0
2002,3,37.0,25.462073931829092,2122.0,2044.0
2002,3,38.0,27.14019658561821,2028.0000000000002,1837.9999999999998
2002,3,39.0,28.001790128718778,6045.999999999999,5685.000000000001
2002,3,40.0,27.989237668161437,576.9999999999999,538.0000000000001
2002,3,41.0,26.33311214333112,2313.0000000000005,2207.9999999999995
2002,3,42.0,26.686187845303866,483.00000000000006,421.99999999999994
2002,3,43.0,26.1206518332811,3241.0,3141.0
2002,3,44.0,26.221314519123656,15093.0,14530.0
2002,3,45.0,26.610488676996425,2160.9999999999995,2034.0000000000002
2002,3,46.0,28.095969289827256,273.00000000000006,247.99999999999994
2002,3,47.0,27.870544090056285,3995.0,4000.0
2002,3,48.0,27.722246599385695,3556.9999999999995,3280.0000000000005
2002,3,49.0,25.719883040935674,860.0000000000001,849.9999999999999
2002,3,50.0,27.60853306136325,2977.0000000000005,2905.9999999999995
2002,3,51.0,25.89679715302491,295.0,267.0
2002,3,53.0,29.0,0.0,1.0
2002,3,55.0,28.6875,8.0,8.0
2002,3,57.0,27.0990990990991,171.99999999999997,161.00000000000003
2002,3,59.0,29.82051282051282,12.0,27.0
2002,4,1.0,25.9187969924812,2406.9999999999995,2248.0000000000005
2002,4,2.0,26.72641509433962,433.00000000000006,414.99999999999994
2002,4,3.0,26.5893755548979,3502.999999999999,3255.000000000001
2002,4,4.0,25.28909329829172,1514.0000000000002,1529.9999999999998
2002,4,5.0,27.95300908809007,21399.999999999996,20523.000000000004
2002,4,6.0,27.552032235459006,2924.9999999999995,2783.0000000000005
2002,4,7.0,29.608428446005266,1792.0,1625.0
2002,4,8.0,27.631422924901187,545.0000000000001,466.9999999999999
2002,4,9.0,27.678333333333335,308.99999999999994,291.00000000000006
2002,4,10.0,27.34902204284384,8202.0,7903.0
2002,4,11.0,26.87503555513416,5422.000000000001,5124.999999999999
2002,4,12.0,27.68342776203966,744.0,668.0
2002,4,13.0,26.473124300111984,915.0,871.0
2002,4,14.0,27.815784093232466,7560.999999999998,7112.000000000002
2002,4,15.0,26.576862576862577,3521.0000000000005,3471.9999999999995
2002,4,16.0,27.262847790507365,1601.0000000000002,1453.9999999999998
2002,4,17.0,26.859615989927605,1594.0000000000002,1582.9999999999998
2002,4,18.0,25.98960258780037,2265.0,2063.0
2002,4,19.0,25.717536288740682,2623.0,2475.0
2002,4,20.0,27.69351851851852,550.0,530.0
2002,4,21.0,28.522325891369544,3073.0,2929.0
2002,4,22.0,29.93983063437825,3417.9999999999995,3313.0000000000005
2002,4,23.0,27.552326121274028,5450.0,5319.0
2002,4,24.0,28.193214285714287,2843.9999999999995,2756.0000000000005
2002,4,25.0,25.169533938066937,1617.0000000000002,1579.9999999999998
2002,4,26.0,26.842131809011434,3032.0000000000005,2915.9999999999995
2002,4,27.0,26.953813104189045,487.99999999999994,443.00000000000006
2002,4,28.0,27.13818359375,1068.0,980.0
2002,4,29.0,26.830910482019892,1298.0000000000002,1315.9999999999998
2002,4,30.0,29.010551948051948,639.0000000000001,592.9999999999999
2002,4,31.0,29.422201038025634,4855.000000000001,4585.999999999999
2002,4,32.0,26.046838407494146,1082.9999999999998,1052.0000000000002
2002,4,33.0,28.816897333269036,10672.000000000002,10064.999999999998
2002,4,34.0,26.87145759811785,4728.000000000001,4622.999999999999
2002,4,35.0,27.478851963746223,337.0,325.0
2002,4,36.0,27.110333916229493,6070.000000000001,5938.999999999999
2002,4,37.0,25.54374225526642,2035.0000000000002,1999.9999999999998
2002,4,38.0,27.30440587449933,1899.0000000000002,1845.9999999999998
2002,4,39.0,28.052292020373514,5993.000000000001,5786.999999999999
2002,4,40.0,28.35355450236967,568.0,487.0
2002,4,41.0,26.20548877296439,2226.0000000000005,2182.9999999999995
2002,4,42.0,26.76027397260274,446.99999999999994,429.00000000000006
2002,4,43.0,26.246472097498398,3216.0000000000005,3019.9999999999995
2002,4,44.0,26.31918174342105,14926.0,14258.0
2002,4,45.0,26.723820754716982,2157.0,2083.0
2002,4,46.0,28.52908067542214,264.0,269.0
2002,4,47.0,27.9879235982748,4179.999999999999,3935.0000000000005
2002,4,48.0,27.705153392776182,3430.000000000001,3186.999999999999
2002,4,49.0,25.81376037959668,876.0000000000002,809.9999999999998
2002,4,50.0,27.735457063711912,2982.0,2794.0
2002,4,51.0,25.82466281310212,270.00000000000006,248.99999999999997
2002,4,52.0,24.0,0.0,1.0
2002,4,53.0,28.6,3.0000000000000004,1.9999999999999996
2002,4,55.0,29.36842105263158,8.0,11.0
2002,4,57.0,27.56111111111111,181.0,179.0
2002,4,59.0,29.5625,16.0,16.0
2002,5,1.0,26.03005850312689,2458.0,2499.0
2002,5,2.0,27.33295583238958,427.00000000000006,455.99999999999994
2002,5,3.0,26.628093363329583,3619.0,3493.0
2002,5,4.0,25.41787673443046,1585.0000000000002,1513.9999999999998
2002,5,5.0,27.977349765416303,22835.999999999996,21711.000000000004
2002,5,6.0,27.599493670886076,3088.0,2837.0
2002,5,7.0,29.6564738292011,1851.9999999999998,1778.0000000000002
2002,5,8.0,27.14988558352403,431.99999999999994,442.00000000000006
2002,5,9.0,28.23202614379085,289.00000000000006,322.99999999999994
2002,5,10.0,27.486751361161524,8537.0,7993.0
2002,5,11.0,26.806884057971015,5723.000000000001,5316.999999999999
2002,5,12.0,28.133802816901408,737.0000000000001,682.9999999999999
2002,5,13.0,26.589613034623216,966.0000000000002,997.9999999999998
2002,5,14.0,27.87369800196528,7880.000000000001,7384.999999999999
2002,5,15.0,26.640640498795523,3627.0,3430.0
2002,5,16.0,27.539060068471834,1642.0000000000005,1570.9999999999995
2002,5,17.0,26.86993345432547,1694.0000000000002,1611.9999999999998
2002,5,18.0,26.120184899845917,2354.0000000000005,2188.9999999999995
2002,5,19.0,25.768397033656587,2665.9999999999995,2593.0000000000005
2002,5,20.0,27.669611307420496,592.9999999999999,539.0000000000001
2002,5,21.0,28.714833759590793,3186.0,3070.0
2002,5,22.0,29.99874319229158,3648.0000000000005,3512.9999999999995
2002,5,23.0,27.446321085257388,5764.999999999999,5366.000000000001
2002,5,24.0,28.453675730110774,3084.0000000000005,2873.9999999999995
2002,5,25.0,25.087008343265794,1706.0000000000005,1649.9999999999995
2002,5,26.0,26.67949712866677,3283.9999999999995,3159.0000000000005
2002,5,27.0,26.581094527363184,521.0000000000001,483.99999999999994
2002,5,28.0,27.1970051474029,1120.0000000000002,1016.9999999999998
2002,5,29.0,27.024193548387096,1434.0,1294.0
2002,5,30.0,29.114828897338402,704.0000000000001,610.9999999999999
2002,5,31.0,29.52032928420841,5057.000000000001,4903.999999999999
2002,5,32.0,25.733996539792386,1141.0,1171.0
2002,5,33.0,28.8867391807452,11025.999999999998,10579.000000000002
2002,5,34.0,26.943997524752476,4942.999999999999,4753.000000000001
2002,5,35.0,27.57669616519174,346.99999999999994,331.00000000000006
2002,5,36.0,27.15952151573539,6360.0,6096.0
2002,5,37.0,25.67051467051467,2119.9999999999995,2038.0000000000002
2002,5,38.0,27.427451971688573,2005.0,1951.0
2002,5,39.0,28.074031890660592,6319.999999999999,5972.000000000001
2002,5,40.0,28.444741532976828,579.0000000000001,542.9999999999999
2002,5,41.0,26.388839085611835,2248.0,2214.0
2002,5,42.0,26.552747252747253,459.0,451.0
2002,5,43.0,26.230970724191064,3284.9999999999995,3205.0000000000005
2002,5,44.0,26.40603363006924,15648.000000000004,14681.999999999996
2002,5,45.0,26.705332725615314,2244.9999999999995,2143.0000000000005
2002,5,46.0,28.608214849921012,314.99999999999994,318.00000000000006
2002,5,47.0,28.01136896390061,4428.000000000001,4103.999999999999
2002,5,48.0,27.73467916366258,3513.0,3422.0
2002,5,49.0,26.062011173184356,923.0000000000001,866.9999999999999
2002,5,50.0,27.789669771380186,3021.0000000000005,2883.9999999999995
2002,5,51.0,25.676579925650557,274.99999999999994,263.00000000000006
2002,5,55.0,29.8,1.9999999999999996,8.0
2002,5,57.0,27.79591836734694,191.0,201.0
2002,5,59.0,30.5,17.000000000000004,28.999999999999996
2002,6,1.0,25.947970639032814,2382.0000000000005,2249.9999999999995
2002,6,2.0,27.034912718204488,413.99999999999994,388.00000000000006
2002,6,3.0,26.442423374391293,3595.0,3387.0
2002,6,4.0,25.50742329264269,1553.0000000000002,1477.9999999999998
2002,6,5.0,27.907497246244347,21831.0,20838.0
2002,6,6.0,27.261427837699024,2977.9999999999995,2863.0000000000005
2002,6,7.0,29.36239860950174,1776.9999999999998,1675.0000000000002
2002,6,8.0,27.060433295324973,463.0,414.0
2002,6,9.0,27.342767295597483,318.99999999999994,317.00000000000006
2002,6,10.0,27.21090315287024,8136.999999999999,7785.000000000001
2002,6,11.0,26.71704598235021,5544.000000000001,5220.999999999999
2002,6,12.0,28.070866141732285,722.9999999999999,674.0000000000001
2002,6,13.0,26.174621653084984,889.9999999999999,828.0000000000001
2002,6,14.0,27.64362161802832,7697.000000000001,7345.999999999999
2002,6,15.0,26.426719840478565,3522.9999999999995,3498.0000000000005
2002,6,16.0,26.999012833168806,1581.0000000000002,1457.9999999999998
2002,6,17.0,26.706733794839522,1614.9999999999998,1563.0000000000002
2002,6,18.0,26.038231229847995,2233.0,2109.0
2002,6,19.0,25.568131647601845,2486.9999999999995,2496.0000000000005
2002,6,20.0,27.95371179039301,606.9999999999999,538.0000000000001
2002,6,21.0,28.37801652892562,3160.0,2890.0
2002,6,22.0,29.768943206326384,3560.0,3395.0
2002,6,23.0,27.556070519810977,5604.000000000001,5399.999999999999
2002,6,24.0,28.173677779717227,2933.0,2796.0
2002,6,25.0,25.07276062366249,1679.0000000000002,1591.9999999999998
2002,6,26.0,26.76287657920311,3174.9999999999995,2999.0000000000005
2002,6,27.0,26.593984962406015,481.99999999999994,449.00000000000006
2002,6,28.0,27.244607843137256,1031.0,1009.0
2002,6,29.0,27.29984894259819,1364.0,1284.0
2002,6,30.0,29.214961306964746,598.9999999999999,564.0000000000001
2002,6,31.0,29.37801724137931,4841.0,4439.0
2002,6,32.0,25.637554585152838,1193.9999999999998,1096.0000000000002
2002,6,33.0,28.761222308589197,10604.000000000002,9979.999999999998
2002,6,34.0,26.740876294049983,4886.999999999999,4676.000000000001
2002,6,35.0,27.015384615384615,344.99999999999994,305.00000000000006
2002,6,36.0,27.042246720849764,6354.0,6073.0
2002,6,37.0,25.24595786379226,2129.9999999999995,1952.0000000000002
2002,6,38.0,27.161652078774615,1893.9999999999998,1762.0000000000002
2002,6,39.0,27.922959443407432,6029.000000000001,5756.999999999999
2002,6,40.0,28.485844748858447,570.9999999999999,524.0000000000001
2002,6,41.0,26.38766416510319,2144.0,2120.0
2002,6,42.0,26.612197928653625,440.00000000000006,428.99999999999994
2002,6,43.0,26.16674629718108,3235.0,3044.0
2002,6,44.0,26.245828586745294,15330.000000000002,14515.999999999998
2002,6,45.0,26.58624031007752,2136.0,1991.9999999999998
2002,6,46.0,28.27016885553471,264.0,269.0
2002,6,47.0,27.841414017429727,4161.0,3985.9999999999995
2002,6,48.0,27.78199337548931,3387.0,3255.0
2002,6,49.0,25.930612244897958,898.0,817.0
2002,6,50.0,27.661265028750652,2960.9999999999995,2778.0000000000005
2002,6,51.0,26.24258289703316,287.00000000000006,285.99999999999994
2002,6,52.0,29.666666666666668,2.0,0.9999999999999998
2002,6,53.0,35.0,2.0,0.0
2002,6,55.0,30.63157894736842,11.0,8.0
2002,6,57.0,27.002481389578165,200.99999999999997,202.00000000000003
2002,6,59.0,29.736842105263158,17.000000000000004,20.999999999999996
2002,7,1.0,25.753609051892315,2645.0,2481.0
2002,7,2.0,27.162738496071828,445.99999999999994,445.00000000000006
2002,7,3.0,26.31817579212515,3808.0,3735.0
2002,7,4.0,25.10932768019382,1716.9999999999998,1585.0000000000002
2002,7,5.0,27.92777899104608,23286.999999999996,22503.000000000004
2002,7,6.0,27.468050065876152,3124.9999999999995,2947.0000000000005
2002,7,7.0,29.437860513896172,1946.9999999999998,1867.0000000000002
2002,7,8.0,27.02426160337553,484.99999999999994,463.00000000000006
2002,7,9.0,27.900914634146343,328.99999999999994,327.00000000000006
2002,7,10.0,27.30542037254573,9023.0,8854.0
2002,7,11.0,26.641337386018236,5928.999999999999,5915.000000000001
2002,7,12.0,27.865322055953154,838.9999999999999,698.0000000000001
2002,7,13.0,26.453749315818282,937.0000000000001,889.9999999999999
2002,7,14.0,27.750556792873052,8481.000000000002,8131.999999999998
2002,7,15.0,26.4473061760841,3898.0000000000005,3711.9999999999995
2002,7,16.0,27.017826336975272,1796.9999999999998,1681.0000000000002
2002,7,17.0,26.57054000565451,1830.0000000000002,1706.9999999999998
2002,7,18.0,25.92357591729171,2536.0,2397.0
2002,7,19.0,25.537539103232533,3009.0,2745.0
2002,7,20.0,27.66826923076923,625.0000000000001,622.9999999999999
2002,7,21.0,28.45898645563841,3282.0000000000005,3288.9999999999995
2002,7,22.0,29.823928077455047,3792.9999999999995,3437.0000000000005
2002,7,23.0,27.509552495697076,5969.0,5651.0
2002,7,24.0,28.163851074298837,3132.9999999999995,2964.0000000000005
2002,7,25.0,25.244919786096258,1898.0000000000002,1841.9999999999998
2002,7,26.0,26.596208389311837,3370.0,3329.0
2002,7,27.0,26.815399802566635,505.0,508.0
2002,7,28.0,27.244313395113732,1214.0000000000002,1159.9999999999998
2002,7,29.0,26.844851416724257,1521.0,1373.0
2002,7,30.0,28.884255930984903,726.9999999999999,664.0000000000001
2002,7,31.0,29.408094919146492,5369.0,5082.0
2002,7,32.0,25.73314378554021,1242.9999999999998,1219.0000000000002
2002,7,33.0,28.75228458075157,11474.000000000002,10958.999999999998
2002,7,34.0,26.605964405964407,5348.000000000001,5046.999999999999
2002,7,35.0,27.122962962962962,376.99999999999994,298.00000000000006
2002,7,36.0,27.04411654557711,6758.999999999999,6592.000000000001
2002,7,37.0,25.587294435683713,2291.0,2148.0
2002,7,38.0,27.208170254403132,2063.0000000000005,2024.9999999999995
2002,7,39.0,27.915095065814796,6763.000000000001,6227.999999999999
2002,7,40.0,28.079623287671232,577.9999999999999,590.0000000000001
2002,7,41.0,26.24494010739364,2458.0000000000005,2383.9999999999995
2002,7,42.0,26.95792563600783,520.0,502.00000000000006
2002,7,43.0,26.00899724278044,3458.0000000000005,3432.9999999999995
2002,7,44.0,26.25361663652803,17008.0,16172.0
2002,7,45.0,26.30081855388813,2310.9999999999995,2087.0000000000005
2002,7,46.0,28.050434782608697,308.00000000000006,266.99999999999994
2002,7,47.0,27.8710407239819,4548.0,4292.0
2002,7,48.0,27.804189700320048,3558.9999999999995,3315.0000000000005
2002,7,49.0,25.849946977730646,946.0000000000001,939.9999999999999
2002,7,50.0,27.582170415366935,3085.9999999999995,3005.0000000000005
2002,7,51.0,25.94557823129252,278.0,310.0
2002,7,52.0,22.0,0.0,2.0
2002,7,53.0,44.0,0.0,1.0
2002,7,55.0,27.9,3.999999999999999,6.000000000000001
2002,7,57.0,27.163967611336034,253.0,241.0
2002,7,59.0,30.613636363636363,28.000000000000004,15.999999999999996
2002,8,1.0,25.696830851470025,2634.0,2604.0
2002,8,2.0,26.80592105263158,484.0,428.0
2002,8,3.0,26.313656387665198,4106.0,3838.9999999999995
2002,8,4.0,25.360821581851624,1726.9999999999998,1535.0000000000002
2002,8,5.0,27.911302164244216,24047.000000000004,22943.999999999996
2002,8,6.0,27.5055564770277,3143.0000000000005,2885.9999999999995
2002,8,7.0,29.31070287539936,1946.9999999999998,1809.0000000000002
2002,8,8.0,27.19047619047619,504.0,504.0
2002,8,9.0,27.915993537964457,318.99999999999994,300.00000000000006
2002,8,10.0,27.258742770661044,9463.000000000002,9037.999999999998
2002,8,11.0,26.78661227208392,6028.0,5983.0
2002,8,12.0,27.974513749161638,804.0,687.0
2002,8,13.0,26.237992444684295,925.0000000000001,927.9999999999999
2002,8,14.0,27.67735755778025,8283.999999999998,7898.000000000002
2002,8,15.0,26.585388368719503,3970.000000000001,3612.999999999999
2002,8,16.0,26.96878787878788,1708.9999999999998,1591.0000000000002
2002,8,17.0,26.776068376068377,1761.0,1749.0
2002,8,18.0,26.03211382113821,2487.9999999999995,2432.0000000000005
2002,8,19.0,25.61027801179444,2975.0000000000005,2959.9999999999995
2002,8,20.0,27.632386799693016,673.9999999999999,629.0000000000001
2002,8,21.0,28.509054938365544,3318.0000000000005,3252.9999999999995
2002,8,22.0,29.86490212296664,3762.9999999999995,3491.0000000000005
2002,8,23.0,27.468040333187197,5785.0,5620.0
2002,8,24.0,28.227280279116133,3083.0000000000005,2935.9999999999995
2002,8,25.0,25.16352034033502,1944.9999999999995,1816.0000000000005
2002,8,26.0,26.586018326928762,3520.0000000000005,3245.9999999999995
2002,8,27.0,26.65412748171369,476.00000000000006,480.99999999999994
2002,8,28.0,26.92557334487235,1148.0000000000002,1162.9999999999998
2002,8,29.0,27.044940079893475,1480.9999999999998,1523.0000000000002
2002,8,30.0,28.74074074074074,647.0000000000001,648.9999999999999
2002,8,31.0,29.50828137178488,5320.0,4944.0
2002,8,32.0,25.806094182825486,1272.9999999999998,1254.0000000000002
2002,8,33.0,28.888829119598352,11484.999999999998,10823.000000000002
2002,8,34.0,26.8102875581285,5401.000000000001,5135.999999999999
2002,8,35.0,26.891583452211126,375.0,326.0
2002,8,36.0,27.02481500859556,6865.000000000001,6513.999999999999
2002,8,37.0,25.582170193606483,2333.9999999999995,2108.0000000000005
2002,8,38.0,27.186726102030708,2027.0,2011.0
2002,8,39.0,28.065025252525253,6551.000000000001,6120.999999999999
2002,8,40.0,28.321134492223237,561.0,532.0
2002,8,41.0,26.29410569105691,2604.0,2316.0
2002,8,42.0,26.714438502673797,459.00000000000006,475.99999999999994
2002,8,43.0,26.17200232828871,3492.0,3380.0
2002,8,44.0,26.27390618958389,17095.999999999996,16525.000000000004
2002,8,45.0,26.525284738041,2216.0,2174.0
2002,8,46.0,27.879338842975205,323.00000000000006,281.99999999999994
2002,8,47.0,27.820065307960814,4593.000000000001,4287.999999999999
2002,8,48.0,27.713386727688786,3586.0,3406.0
2002,8,49.0,26.044383561643837,959.0,866.0
2002,8,50.0,27.72536481390392,3166.0,2933.0
2002,8,51.0,25.869983948635635,323.0,300.0
2002,8,53.0,29.0,0.0,1.0
2002,8,55.0,30.866666666666667,5.999999999999998,9.000000000000002
2002,8,57.0,27.191304347826087,235.99999999999997,224.00000000000003
2002,8,59.0,30.365384615384617,35.0,16.999999999999996
2002,9,1.0,25.70835006021678,2579.0,2403.0
2002,9,2.0,27.003597122302157,446.0,388.0
2002,9,3.0,26.407901296111664,4136.0,3888.0
2002,9,4.0,25.14724116553007,1665.0,1561.0
2002,9,5.0,27.944372847696112,24133.999999999996,23199.000000000004
2002,9,6.0,27.47670068027211,3044.0000000000005,2835.9999999999995
2002,9,7.0,29.46358543417367,1836.9999999999998,1733.0000000000002
2002,9,8.0,27.38725985844287,504.0000000000001,484.9999999999999
2002,9,9.0,28.02377179080824,333.00000000000006,297.99999999999994
2002,9,10.0,27.274655770737713,9212.0,8654.0
2002,9,11.0,26.732018261693515,5916.0,5693.0
2002,9,12.0,27.74512353706112,807.9999999999999,730.0000000000001
2002,9,13.0,26.452193475815523,937.9999999999999,840.0000000000001
2002,9,14.0,27.679396149171623,8128.000000000001,7504.999999999999
2002,9,15.0,26.52453861927546,3668.0000000000005,3646.9999999999995
2002,9,16.0,27.087646872022866,1610.9999999999998,1538.0000000000002
2002,9,17.0,26.877521613832855,1787.0000000000002,1682.9999999999998
2002,9,18.0,26.065515062144513,2448.9999999999995,2298.0000000000005
2002,9,19.0,25.528755663994424,2958.9999999999995,2779.0000000000005
2002,9,20.0,28.008403361344538,606.0,584.0
2002,9,21.0,28.58803390935768,3129.9999999999995,3004.0000000000005
2002,9,22.0,29.86147681740126,3583.9999999999995,3404.0000000000005
2002,9,23.0,27.605632527392917,5654.000000000001,5388.999999999999
2002,9,24.0,28.226428079834825,3057.9999999999995,2754.0000000000005
2002,9,25.0,25.10831024930748,1891.0000000000002,1718.9999999999998
2002,9,26.0,26.522072636192863,3274.9999999999995,3113.0000000000005
2002,9,27.0,26.89648033126294,487.00000000000006,478.99999999999994
2002,9,28.0,26.899683687302304,1124.0,1089.0
2002,9,29.0,26.85163906725245,1514.0,1445.0
2002,9,30.0,29.325271059216014,627.0,572.0
2002,9,31.0,29.391530082459532,5113.999999999999,4709.000000000001
2002,9,32.0,25.691904953685057,1251.0,1232.0
2002,9,33.0,28.840892966939414,10746.999999999998,10396.000000000002
2002,9,34.0,26.7259,5056.000000000001,4943.999999999999
2002,9,35.0,26.845934379457915,350.99999999999994,350.00000000000006
2002,9,36.0,27.074634979807392,6642.0,6234.0
2002,9,37.0,25.65237760599672,2208.0,2061.0
2002,9,38.0,27.443132220795892,1993.0000000000002,1901.9999999999998
2002,9,39.0,28.094881096332124,6418.0,5987.0
2002,9,40.0,28.461320754716983,542.0,518.0
2002,9,41.0,26.453715775749675,2337.0,2265.0
2002,9,42.0,26.597330367074527,495.00000000000006,403.99999999999994
2002,9,43.0,26.109492340042056,3419.9999999999995,3238.0000000000005
2002,9,44.0,26.281446588664338,16627.0,16277.999999999998
2002,9,45.0,26.421916485638427,2082.0000000000005,2060.9999999999995
2002,9,46.0,28.256756756756758,273.0,245.00000000000003
2002,9,47.0,27.864506457564577,4340.000000000001,4331.999999999999
2002,9,48.0,27.75639120095125,3483.0,3245.0
2002,9,49.0,25.764673001676915,923.9999999999999,865.0000000000001
2002,9,50.0,27.646488692399252,2959.0,2922.0
2002,9,51.0,26.132727272727273,273.0,277.0
2002,9,52.0,30.0,0.0,1.0
2002,9,53.0,35.5,1.0,3.0
2002,9,55.0,30.59090909090909,12.0,10.0
2002,9,56.0,33.0,0.0,1.0
2002,9,57.0,27.40828402366864,273.00000000000006,233.99999999999994
2002,9,59.0,30.872340425531913,19.999999999999996,27.000000000000004
2002,10,1.0,25.919373776908024,2627.9999999999995,2482.0000000000005
2002,10,2.0,27.08891454965358,430.0,436.0
2002,10,3.0,26.310903983656793,4017.9999999999995,3814.0000000000005
2002,10,4.0,25.46760822843107,1731.0,1526.0
2002,10,5.0,27.949267289399263,23824.999999999996,22851.000000000004
2002,10,6.0,27.44258331894319,2986.9999999999995,2804.0000000000005
2002,10,7.0,29.577008310249308,1786.0,1824.0
2002,10,8.0,27.280860702151756,445.0,438.0
2002,10,9.0,28.260575296108293,300.0,291.0
2002,10,10.0,27.35507564130673,9489.999999999998,8754.000000000002
2002,10,11.0,26.73995457721873,5879.999999999999,5568.000000000001
2002,10,12.0,27.8299674267101,782.9999999999999,752.0000000000001
2002,10,13.0,26.28353140916808,865.9999999999999,901.0000000000001
2002,10,14.0,27.71913233251769,7722.0,7399.0
2002,10,15.0,26.647323866739487,3815.0,3509.0
2002,10,16.0,27.037511436413542,1694.0000000000002,1584.9999999999998
2002,10,17.0,26.931797786419384,1689.9999999999998,1653.0000000000002
2002,10,18.0,26.199613235926083,2429.9999999999995,2224.0000000000005
2002,10,19.0,25.596509598603838,2913.0,2817.0
2002,10,20.0,27.399484536082475,577.0,587.0
2002,10,21.0,28.580009767214715,3188.0,2955.0
2002,10,22.0,30.0,3377.0,3397.0
2002,10,23.0,27.56148535174473,5498.000000000001,5219.999999999999
2002,10,24.0,28.29458848094658,2934.0,2813.0
2002,10,25.0,25.154650522839844,1872.0,1762.0
2002,10,26.0,26.601568506842995,3331.0000000000005,3171.9999999999995
2002,10,27.0,26.46622369878184,433.0,470.0
2002,10,28.0,27.30332209918151,1067.9999999999998,1009.0000000000001
2002,10,29.0,27.233247894544125,1383.0000000000002,1347.9999999999998
2002,10,30.0,29.116613418530353,658.0000000000001,593.9999999999999
2002,10,31.0,29.52822129563714,5021.0,4812.0
2002,10,32.0,25.83882783882784,1216.0000000000002,1240.9999999999998
2002,10,33.0,28.85807382581576,11124.000000000002,10358.999999999998
2002,10,34.0,26.88010763404425,5132.000000000001,4901.999999999999
2002,10,35.0,27.280068728522338,304.99999999999994,277.00000000000006
2002,10,36.0,26.995233257794794,6513.0,6284.0
2002,10,37.0,25.731202575304668,2262.0,2087.0
2002,10,38.0,27.30481991525424,1949.0,1827.0
2002,10,39.0,28.06157392163319,6134.999999999999,6013.000000000001
2002,10,40.0,28.178472861085556,534.0,553.0
2002,10,41.0,26.400169383866185,2350.0000000000005,2372.9999999999995
2002,10,42.0,26.551155115511552,451.99999999999994,457.00000000000006
2002,10,43.0,26.12041964421469,3305.0000000000005,3271.9999999999995
2002,10,44.0,26.35926415036393,16538.0,16023.000000000002
2002,10,45.0,26.56570433051269,2034.9999999999995,1983.0000000000005
2002,10,46.0,28.0748031496063,254.0,254.0
2002,10,47.0,27.940232040314076,4277.0,4256.0
2002,10,48.0,27.768657850737196,3267.0,3312.0
2002,10,49.0,26.05510092744135,939.9999999999999,893.0000000000001
2002,10,50.0,27.6020159888773,2915.0000000000005,2838.9999999999995
2002,10,51.0,25.987632508833922,298.0,268.0
2002,10,52.0,29.0,0.0,1.0
2002,10,53.0,35.0,2.0,0.0
2002,10,55.0,31.53846153846154,8.0,5.0
2002,10,57.0,27.240618101545255,243.00000000000003,209.99999999999997
2002,10,59.0,29.902439024390244,15.000000000000004,25.999999999999996
2002,11,1.0,25.780762564991335,2324.9999999999995,2291.0000000000005
2002,11,2.0,27.40909090909091,378.99999999999994,369.00000000000006
2002,11,3.0,26.577836780324205,3619.999999999999,3536.000000000001
2002,11,4.0,25.16022291884361,1446.9999999999998,1424.0000000000002
2002,11,5.0,27.909935026035665,22046.999999999996,21355.000000000004
2002,11,6.0,27.317826501429934,2716.0,2529.0
2002,11,7.0,29.504422079902408,1675.9999999999998,1603.0000000000002
2002,11,8.0,27.376522702104097,485.0,418.0
2002,11,9.0,27.95245398773006,331.99999999999994,320.00000000000006
2002,11,10.0,27.265213989044724,8475.999999999998,8137.000000000002
2002,11,11.0,26.659647451167224,5412.999999999999,5082.000000000001
2002,11,12.0,27.982107355864812,801.0,708.0
2002,11,13.0,26.14276960784314,849.0000000000001,782.9999999999999
2002,11,14.0,27.68657661460532,7266.000000000001,6947.999999999999
2002,11,15.0,26.653552912473316,3326.0,3232.0
2002,11,16.0,27.196882412741445,1473.9999999999998,1477.0000000000002
2002,11,17.0,26.60551053484603,1549.9999999999998,1535.0000000000002
2002,11,18.0,26.095428840716306,2142.0000000000005,2101.9999999999995
2002,11,19.0,25.580917642541756,2671.0000000000005,2537.9999999999995
2002,11,20.0,27.67274472168906,528.0000000000001,513.9999999999999
2002,11,21.0,28.606701030927834,2984.9999999999995,2835.0000000000005
2002,11,22.0,29.788169200264374,3073.0000000000005,2978.9999999999995
2002,11,23.0,27.449038270870513,5166.0,4920.0
2002,11,24.0,28.191866913123846,2759.0000000000005,2650.9999999999995
2002,11,25.0,25.01443174984967,1718.0,1608.0
2002,11,26.0,26.71746835443038,3090.9999999999995,2834.0000000000005
2002,11,27.0,26.29265402843602,427.0,417.0
2002,11,28.0,26.957105943152456,965.9999999999998,969.0000000000002
2002,11,29.0,27.098283931357255,1357.0,1207.0
2002,11,30.0,29.21376146788991,534.0000000000001,555.9999999999999
2002,11,31.0,29.337332159366056,4703.0,4383.0
2002,11,32.0,25.682247403210575,1055.0,1063.0
2002,11,33.0,28.76192142357293,10185.000000000002,9820.999999999998
2002,11,34.0,26.785441031806755,4706.0,4443.0
2002,11,35.0,27.26065573770492,320.99999999999994,289.00000000000006
2002,11,36.0,27.142311789772727,5906.000000000001,5357.999999999999
2002,11,37.0,25.46844181459566,2107.0,1949.0
2002,11,38.0,27.099135446685878,1733.0,1737.0
2002,11,39.0,28.02434845342231,5647.000000000001,5441.999999999999
2002,11,40.0,28.271169354838708,502.00000000000006,489.99999999999994
2002,11,41.0,26.417896888485124,2259.0,2144.0
2002,11,42.0,27.044685990338163,418.0,410.0
2002,11,43.0,26.200760079312623,3076.0,2976.0
2002,11,44.0,26.252341978108667,15619.000000000002,14803.999999999998
2002,11,45.0,26.574281150159745,1966.9999999999998,1789.0000000000002
2002,11,46.0,28.71069182389937,247.99999999999997,229.00000000000003
2002,11,47.0,28.002674477840042,4001.000000000001,3850.999999999999
2002,11,48.0,27.75876120619397,3159.9999999999995,2975.0000000000005
2002,11,49.0,25.757090012330455,828.0000000000001,793.9999999999999
2002,11,50.0,27.663072776280323,2629.0000000000005,2564.9999999999995
2002,11,51.0,25.598058252427183,286.00000000000006,228.99999999999997
2002,11,53.0,28.0,0.0,1.0
2002,11,55.0,32.06666666666667,8.000000000000002,6.999999999999998
2002,11,57.0,27.215962441314552,219.0,207.0
2002,11,59.0,31.235294117647058,17.999999999999996,16.000000000000004
2002,12,1.0,25.679960707269156,2614.0,2476.0
2002,12,2.0,27.139506172839507,408.00000000000006,401.99999999999994
2002,12,3.0,26.47562254259502,3930.0000000000005,3699.9999999999995
2002,12,4.0,25.360450563204004,1606.0000000000002,1589.9999999999998
2002,12,5.0,27.943904094096357,22572.999999999996,21637.000000000004
2002,12,6.0,27.50982209043736,2773.0000000000005,2622.9999999999995
2002,12,7.0,29.466099207513942,1770.0,1637.0
2002,12,8.0,27.510224948875255,508.99999999999994,469.00000000000006
2002,12,9.0,27.918006430868168,326.00000000000006,295.99999999999994
2002,12,10.0,27.234489253268336,9167.999999999998,8884.000000000002
2002,12,11.0,26.670107719928186,5671.999999999999,5468.000000000001
2002,12,12.0,27.60810810810811,801.0,679.0
2002,12,13.0,26.383863080684595,850.0000000000001,785.9999999999999
2002,12,14.0,27.573074549070707,7464.0,7117.0
2002,12,15.0,26.617856643845187,3605.0000000000005,3551.9999999999995
2002,12,16.0,26.98090849242923,1545.0000000000002,1492.9999999999998
2002,12,17.0,26.544737640279042,1668.9999999999998,1628.0000000000002
2002,12,18.0,26.021507712361505,2343.0000000000005,2259.9999999999995
2002,12,19.0,25.6120112715745,2976.9999999999995,2701.0000000000005
2002,12,20.0,27.785019455252918,529.0,499.00000000000006
2002,12,21.0,28.47169190256748,3113.0,2963.0
2002,12,22.0,29.879041160700204,3183.0,3158.0
2002,12,23.0,27.478248425872923,5388.0,5094.0
2002,12,24.0,27.986042240587697,2769.0,2676.0
2002,12,25.0,25.207052186177716,1795.0000000000005,1749.9999999999995
2002,12,26.0,26.58482496435926,3269.0000000000005,3043.9999999999995
2002,12,27.0,26.724022346368717,478.0,417.0
2002,12,28.0,27.29492455418381,1107.9999999999998,1079.0000000000002
2002,12,29.0,26.76691729323308,1363.0,1297.0
2002,12,30.0,29.08356807511737,569.0,495.99999999999994
2002,12,31.0,29.35741728922092,4812.0,4558.0
2002,12,32.0,26.04681230494873,1167.0,1076.0
2002,12,33.0,28.757580174927114,10679.000000000002,9900.999999999998
2002,12,34.0,26.8778649281858,4916.000000000001,4900.999999999999
2002,12,35.0,27.14395099540582,333.0,320.0
2002,12,36.0,27.06802949061662,6125.000000000001,5810.999999999999
2002,12,37.0,25.430283475455173,2238.0,2101.0
2002,12,38.0,27.27333705980995,1847.9999999999998,1730.0000000000002
2002,12,39.0,27.979718650211442,5902.000000000001,5684.999999999999
2002,12,40.0,28.33085501858736,526.0000000000001,549.9999999999999
2002,12,41.0,26.288600922468703,2350.0000000000005,2202.9999999999995
2002,12,42.0,26.45308924485126,445.0,429.0
2002,12,43.0,26.08603300733496,3330.0000000000005,3213.9999999999995
2002,12,44.0,26.32612545437599,16414.0,15772.999999999998
2002,12,45.0,26.646823411705853,2048.0000000000005,1949.9999999999998
2002,12,46.0,28.04527559055118,263.0,245.00000000000003
2002,12,47.0,27.951443411039982,4151.0,4128.0
2002,12,48.0,27.761462108082558,3204.0000000000005,3142.9999999999995
2002,12,49.0,25.80349344978166,818.0000000000001,784.9999999999999
2002,12,50.0,27.643911111111112,2924.0,2701.0
2002,12,51.0,25.856046065259118,260.99999999999994,260.00000000000006
2002,12,52.0,41.0,1.0,0.0
2002,12,53.0,26.75,2.0,2.0
2002,12,55.0,30.076923076923077,5.0,8.0
2002,12,57.0,26.798053527980535,200.00000000000003,210.99999999999997
2002,12,59.0,29.31111111111111,19.000000000000004,25.999999999999996
2004,1,1.0,27.04694746128444,129022.99999999999,122620.00000000001
2004,1,2.0,28.205668378704406,41063.00000000001,39347.99999999999
2004,1,3.0,26.981536189069423,692.0,662.0
2004,2,1.0,27.154251451223516,122973.00000000001,117685.99999999999
2004,2,2.0,28.27616677874916,38008.0,36342.0
2004,2,3.0,27.629515757109914,616.9999999999999,684.0000000000001
2004,3,1.0,27.229723903177003,135565.0,128835.00000000001
2004,3,2.0,28.278240483681905,41575.00000000001,39469.99999999999
2004,3,3.0,27.662171753016324,755.9999999999999,653.0000000000001
2004,4,1.0,27.312555965752885,130664.00000000001,123955.99999999999
2004,4,2.0,28.250914551965806,39603.99999999999,38303.00000000001
2004,4,3.0,27.863260706235913,672.0,659.0
2004,5,1.0,27.34964260074289,131882.0,124414.00000000001
2004,5,2.0,28.28081706695824,41319.0,39164.0
2004,5,3.0,27.468682505399567,700.9999999999999,688.0000000000001
2004,6,1.0,27.269932823187872,133239.00000000003,127862.99999999999
2004,6,2.0,28.316715896075713,42436.00000000001,40508.99999999999
2004,6,3.0,27.80236861584012,717.0,634.0
2004,7,1.0,27.19653634120239,139379.0,132530.0
2004,7,2.0,28.277015090810423,44419.99999999999,42189.00000000001
2004,7,3.0,27.535248041775457,794.0,738.0
2004,8,1.0,27.175677548131475,136612.99999999997,130416.00000000003
2004,8,2.0,28.34266668188615,44731.00000000001,42875.99999999999
2004,8,3.0,27.605281445448227,751.0000000000001,687.9999999999999
2004,9,1.0,27.17858122194467,136240.99999999997,129974.00000000003
2004,9,2.0,28.322423453061315,45729.99999999999,43333.00000000001
2004,9,3.0,27.59438596491228,736.0,689.0
2004,10,1.0,27.205270665677233,132950.0,127130.99999999999
2004,10,2.0,28.31060018256504,44641.00000000001,42998.99999999999
2004,10,3.0,27.760979121670267,703.0000000000001,685.9999999999999
2004,11,1.0,27.13381392655311,127929.0,122456.0
2004,11,2.0,28.322339255949213,43328.00000000001,41262.99999999999
2004,11,3.0,27.381095273818456,688.0,645.0
2004,12,1.0,27.061661929572196,132587.0,126714.0
2004,12,2.0,28.32952602500727,43770.0,42205.0
2004,12,3.0,27.328530259365994,700.0,688.0
2014,1,1.0,27.626428694954956,130351.0,124077.0
2014,1,2.0,30.215612969577364,36795.00000000001,35157.99999999999
2014,1,3.0,28.1254851228978,379.00000000000006,393.99999999999994
2014,2,1.0,27.71227397001575,119027.99999999997,113961.00000000003
2014,2,2.0,30.2242312987609,33673.0,31697.0
2014,2,3.0,28.28021978021978,376.99999999999994,351.00000000000006
2014,3,1.0,27.802904892034057,129500.00000000003,123727.99999999997
2014,3,2.0,30.141947496340094,36081.00000000001,34275.99999999999
2014,3,3.0,28.297814207650273,393.0,339.0
2014,4,1.0,27.87498702646601,128661.0,121849.0
2014,4,2.0,30.190875545119088,35197.99999999999,33365.00000000001
2014,4,3.0,28.478321678321677,371.0,344.0
2014,5,1.0,27.958229829711822,134266.00000000003,126996.99999999999
2014,5,2.0,30.20485031899231,37602.0,35754.0
2014,5,3.0,28.335757575757576,419.99999999999994,405.00000000000006
2014,6,1.0,27.907372972972972,130577.00000000001,123797.99999999999
2014,6,2.0,30.182909466514054,36582.0,35060.0
2014,6,3.0,28.594594594594593,382.00000000000006,357.99999999999994
2014,7,1.0,27.853181746180322,141904.0,135868.0
2014,7,2.0,30.211404782401996,40030.0,37797.0
2014,7,3.0,28.401416765053128,424.99999999999994,422.00000000000006
2014,8,1.0,27.81027934174557,141302.0,134883.0
2014,8,2.0,30.199551569506728,39950.0,38100.0
2014,8,3.0,28.527950310559007,495.99999999999994,470.00000000000006
2014,9,1.0,27.81118943154642,138095.00000000003,132445.99999999997
2014,9,2.0,30.158796521917562,39860.0,38114.0
2014,9,3.0,28.332207207207208,450.00000000000006,437.99999999999994
2014,10,1.0,27.898630661615346,135733.00000000003,130599.99999999997
2014,10,2.0,30.250921503478352,39132.00000000001,37915.99999999999
2014,10,3.0,28.225113122171944,418.0000000000001,465.9999999999999
2014,11,1.0,27.839036403966595,125356.99999999999,119891.00000000001
2014,11,2.0,30.214954427351838,37201.99999999999,35539.00000000001
2014,11,3.0,28.379518072289155,442.0,388.0
2014,12,1.0,27.78378573025999,134750.99999999997,129066.00000000003
2014,12,2.0,30.296583790260613,39261.00000000001,37519.99999999999
2014,12,3.0,28.084821428571427,457.9999999999999,438.0000000000001
2015,1,1.0,27.77411343559652,128277.99999999997,122578.00000000003
2015,1,2.0,30.245446926259497,38409.0,36760.0
2015,1,3.0,28.573407202216067,373.99999999999994,348.00000000000006
2015,2,1.0,27.866094096509464,117784.00000000001,112638.99999999999
2015,2,2.0,30.208453906572963,34731.0,33001.0
2015,2,3.0,28.045454545454547,350.0,310.0
2015,3,1.0,27.966610527964907,130789.00000000001,124530.99999999999
2015,3,2.0,30.216849478714163,37779.99999999999,35884.00000000001
2015,3,3.0,27.92054794520548,349.00000000000006,380.99999999999994
2015,4,1.0,28.037916537842253,127932.00000000001,121114.99999999999
2015,4,2.0,30.265436390943982,36911.00000000001,34996.99999999999
2015,4,3.0,28.3499245852187,357.00000000000006,305.99999999999994
2015,5,1.0,28.066721058834194,130120.99999999997,123592.00000000003
2015,5,2.0,30.25423386553943,38099.0,36183.0
2015,5,3.0,28.38095238095238,361.0,353.0
2015,6,1.0,28.066010094696377,131622.0,124354.00000000001
2015,6,2.0,30.277412618304975,38327.00000000001,36373.99999999999
2015,6,3.0,28.593360995850624,353.00000000000006,369.99999999999994
2015,7,1.0,28.015318134624103,139904.00000000003,133627.99999999997
2015,7,2.0,30.271176066454313,40945.00000000001,39109.99999999999
2015,7,3.0,28.616060225846926,402.99999999999994,394.00000000000006
2015,8,1.0,27.99441198788834,138763.0,132711.0
2015,8,2.0,30.26911277000087,41029.00000000001,39479.99999999999
2015,8,3.0,28.481852315394242,428.99999999999994,370.00000000000006
2015,9,1.0,28.003368387996424,137007.0,130479.99999999999
2015,9,2.0,30.204123608531432,41154.00000000001,39066.99999999999
2015,9,3.0,28.670557717250325,388.0,383.0
2015,10,1.0,28.08013044312296,133104.0,127546.0
2015,10,2.0,30.335715195516496,40319.0,38191.0
2015,10,3.0,28.30510752688172,376.0,368.0
2015,11,1.0,28.04517647635744,124889.00000000001,119817.99999999999
2015,11,2.0,30.304170260944577,37859.0,36333.0
2015,11,3.0,29.01416430594901,364.0,342.0
2015,12,1.0,28.01411405240036,131432.0,126467.00000000001
2015,12,2.0,30.32972889670849,39769.0,38098.0
2015,12,3.0,28.946913580246914,425.0000000000001,384.9999999999999
2016,1,1.0,28.005033826821517,124311.0,118248.0
2016,1,2.0,30.325113798583242,37865.99999999999,36388.00000000001
2016,1,3.0,28.093354430379748,318.0,314.0
2016,2,1.0,28.082219511781943,120425.0,115699.0
2016,2,2.0,30.329268640945827,35790.99999999999,34243.00000000001
2016,2,3.0,28.824324324324323,311.00000000000006,280.99999999999994
2016,3,1.0,28.202480722782383,129914.00000000001,123882.99999999999
2016,3,2.0,30.377254870520325,38295.99999999999,36542.00000000001
2016,3,3.0,28.51274787535411,365.00000000000006,340.99999999999994
2016,4,1.0,28.264118625414767,123499.0,118203.0
2016,4,2.0,30.36811598231909,37046.00000000001,34895.99999999999
2016,4,3.0,28.839820359281436,343.00000000000006,324.99999999999994
2016,5,1.0,28.314268369618265,129564.0,122469.0
2016,5,2.0,30.37894416673279,38821.0,36797.0
2016,5,3.0,28.822477650063856,413.00000000000006,369.99999999999994
2016,6,1.0,28.26783581914819,131013.0,125241.0
2016,6,2.0,30.386756703599293,39175.00000000001,37089.99999999999
2016,6,3.0,28.612055641421946,360.0,287.0
2016,7,1.0,28.198597245997,135258.00000000003,128793.99999999997
2016,7,2.0,30.357359337551834,40489.0,38370.0
2016,7,3.0,28.538251366120218,386.0,346.0
2016,8,1.0,28.199231809064216,140320.0,134872.0
2016,8,2.0,30.437124880746797,42172.0,40635.0
2016,8,3.0,28.963414634146343,370.99999999999994,367.00000000000006
2016,9,1.0,28.18725800774375,135050.00000000003,129162.99999999997
2016,9,2.0,30.360078949626704,41513.99999999999,40057.00000000001
2016,9,3.0,29.134952766531715,370.99999999999994,370.00000000000006
2016,10,1.0,28.25694276361472,128492.00000000001,123532.99999999999
2016,10,2.0,30.433529367222796,40616.0,38622.0
2016,10,3.0,28.869822485207102,356.0,320.0
2016,11,1.0,28.216148280011208,124125.0,118551.0
2016,11,2.0,30.456656870139664,39328.99999999999,37569.00000000001
2016,11,3.0,29.296783625730995,354.00000000000006,329.99999999999994
2016,12,1.0,28.174163624442485,126560.99999999999,120517.00000000001
2016,12,2.0,30.455964411530253,39499.0,38279.0
2016,12,3.0,28.73371104815864,354.99999999999994,351.00000000000006
2017,1,1.0,28.149719534691112,122680.0,116387.0
2017,1,2.0,30.499846439396975,38432.0,36457.0
2017,1,3.0,28.753510140405616,315.0,326.0
2017,2,1.0,28.226212594022257,113315.00000000001,108440.99999999999
2017,2,2.0,30.474304370408845,34565.99999999999,32819.00000000001
2017,2,3.0,28.719710669077756,292.00000000000006,260.99999999999994
2017,3,1.0,28.288874098004044,126009.0,120389.0
2017,3,2.0,30.51943443607381,37600.00000000001,35671.99999999999
2017,3,3.0,28.360730593607308,326.00000000000006,330.99999999999994
2017,4,1.0,28.372112965184513,118244.0,112659.0
2017,4,2.0,30.505654933641086,35488.0,33832.0
2017,4,3.0,28.56574394463668,299.0,279.0
2017,5,1.0,28.42966163808726,127801.00000000001,120512.99999999999
2017,5,2.0,30.503530997304583,38019.0,36181.0
2017,5,3.0,29.31297709923664,332.00000000000006,322.99999999999994
2017,6,1.0,28.40676418649165,127898.99999999997,121828.00000000003
2017,6,2.0,30.56662176724138,38134.0,36106.0
2017,6,3.0,28.91891891891892,320.00000000000006,345.99999999999994
2017,7,1.0,28.31372936986429,131647.99999999997,126106.00000000003
2017,7,2.0,30.533247122720805,39876.0,37454.0
2017,7,3.0,28.665064102564102,324.99999999999994,299.00000000000006
2017,8,1.0,28.315156112487895,138787.0,132780.0
2017,8,2.0,30.553390365592463,41491.99999999999,39281.00000000001
2017,8,3.0,28.873015873015873,357.0,336.0
2017,9,1.0,28.326111427013103,131977.00000000003,126541.99999999997
2017,9,2.0,30.493127038724662,40492.0,38295.0
2017,9,3.0,29.165722379603398,351.00000000000006,354.99999999999994
2017,10,1.0,28.40818249854478,128840.00000000001,123698.99999999999
2017,10,2.0,30.549382716049383,39364.0,38234.0
2017,10,3.0,29.1664,317.00000000000006,307.99999999999994
2017,11,1.0,28.413340675355645,123276.00000000001,118255.99999999999
2017,11,2.0,30.607318761481324,38579.99999999999,36542.00000000001
2017,11,3.0,29.335463258785943,317.00000000000006,308.99999999999994
2017,12,1.0,28.351289685415313,123279.00000000001,118213.99999999999
2017,12,2.0,30.61924175573645,37960.0,36607.0
2017,12,3.0,28.83480825958702,353.99999999999994,324.00000000000006
2018,1,1.0,28.338293786576084,123590.00000000001,117516.99999999999
2018,1,2.0,30.618521377591787,37669.0,36170.0
2018,1,3.0,29.16228748068006,363.0,284.0
2018,2,1.0,28.386543204810817,111786.99999999999,107552.00000000001
2018,2,2.0,30.649158694515364,33384.99999999999,31633.000000000004
2018,2,3.0,29.140651801029158,293.99999999999994,289.00000000000006
2018,3,1.0,28.48799891959583,124797.0,119556.0
2018,3,2.0,30.644454961789556,37046.0,34793.0
2018,3,3.0,29.025316455696203,332.99999999999994,299.00000000000006
2018,4,1.0,28.56254959005554,117940.00000000001,112700.99999999999
2018,4,2.0,30.645007434013927,34922.99999999999,33008.00000000001
2018,4,3.0,29.354430379746834,271.99999999999994,281.00000000000006
2018,5,1.0,28.59828587338544,127091.00000000003,120731.99999999997
2018,5,2.0,30.678190979543775,37533.0,35501.0
2018,5,3.0,29.060913705583758,317.00000000000006,273.99999999999994
2018,6,1.0,28.56593722297009,124295.0,119361.0
2018,6,2.0,30.68943036998612,36530.0,34797.0
2018,6,3.0,29.57641196013289,322.00000000000006,279.99999999999994
2018,7,1.0,28.51720609936055,130001.00000000001,124123.99999999999
2018,7,2.0,30.66220103339903,38178.99999999999,36913.00000000001
2018,7,3.0,28.80441640378549,329.00000000000006,304.99999999999994
2018,8,1.0,28.530625799745582,136205.99999999997,130285.00000000003
2018,8,2.0,30.717122188542753,40324.00000000001,38193.99999999999
2018,8,3.0,29.321533923303836,343.00000000000006,334.99999999999994
2018,9,1.0,28.496985513550086,126502.0,121799.0
2018,9,2.0,30.607121836374336,38311.99999999999,36444.00000000001
2018,9,3.0,29.187898089171973,306.0,322.0
2018,10,1.0,28.588915402421158,128601.99999999999,123261.00000000001
2018,10,2.0,30.723936325706237,38412.99999999999,36845.00000000001
2018,10,3.0,28.77382875605816,328.00000000000006,290.99999999999994
2018,11,1.0,28.56949848453552,120890.00000000001,116330.99999999999
2018,11,2.0,30.742022019784272,36571.0,35001.0
2018,11,3.0,29.59824046920821,351.0,331.0
2018,12,1.0,28.49454784615836,122093.99999999999,116619.00000000001
2018,12,2.0,30.713559486376795,36670.99999999999,35522.00000000001
2018,12,3.0,28.79111111111111,364.00000000000006,310.99999999999994
2019,1,1.0,28.472730609452945,122555.99999999997,117200.00000000003
2019,1,2.0,30.768872686483455,36726.0,34594.0
2019,1,3.0,29.54485049833887,322.00000000000006,279.99999999999994
2019,2,1.0,28.536091996490093,110676.99999999999,105853.00000000001
2019,2,2.0,30.744179461364208,32566.000000000007,31001.999999999993
2019,2,3.0,29.428571428571427,280.0,301.0
2019,3,1.0,28.62280623570207,120794.00000000003,114816.99999999997
2019,3,2.0,30.738566940129168,35384.00000000001,33363.99999999999
2019,3,3.0,29.365625,335.99999999999994,304.00000000000006
2019,4,1.0,28.675512120324587,118814.00000000001,113357.99999999999
2019,4,2.0,30.760568426080727,34350.0,32642.0
2019,4,3.0,29.607445008460235,307.99999999999994,283.00000000000006
2019,5,1.0,28.73207726950672,125544.0,120038.0
2019,5,2.0,30.753825325417083,36731.99999999999,34177.00000000001
2019,5,3.0,29.152466367713004,350.00000000000006,318.99999999999994
2019,6,1.0,28.69749565763937,120420.00000000001,115050.99999999999
2019,6,2.0,30.739222131719803,35680.0,33072.0
2019,6,3.0,29.40483870967742,311.99999999999994,308.00000000000006
2019,7,1.0,28.67615838312721,132530.0,126537.99999999999
2019,7,2.0,30.76778119566671,38308.00000000001,36461.99999999999
2019,7,3.0,29.60735294117647,346.0,334.0
2019,8,1.0,28.594798207633428,135452.0,129226.00000000001
2019,8,2.0,30.73841213941685,39700.00000000001,37535.99999999999
2019,8,3.0,29.627311522048362,359.0,344.0
2019,9,1.0,28.573213745441805,128144.99999999997,123051.00000000003
2019,9,2.0,30.648119415761595,38262.99999999999,36501.00000000001
2019,9,3.0,29.337606837606838,345.99999999999994,356.00000000000006
2019,10,1.0,28.679085608544103,127845.00000000001,122900.99999999999
2019,10,2.0,30.77844953550411,38178.00000000001,36418.99999999999
2019,10,3.0,29.695863746958636,432.0,390.0
2019,11,1.0,28.681248961530727,116616.00000000001,112085.99999999999
2019,11,2.0,30.834112183127957,35629.99999999999,33917.00000000001
2019,11,3.0,29.141538461538463,337.00000000000006,312.99999999999994
2019,12,1.0,28.599894605931578,121043.00000000001,116161.99999999999
2019,12,2.0,30.80835250644914,36643.99999999999,35071.00000000001
2019,12,3.0,29.365356622998544,348.99999999999994,338.00000000000006
2020,1,1.0,28.59527898455234,119737.99999999999,115508.00000000001
2020,1,2.0,30.879143586947162,35685.00000000001,34000.99999999999
2020,1,3.0,29.248344370860927,321.99999999999994,282.00000000000006
2020,2,1.0,28.670488857265354,112352.0,106894.0
2020,2,2.0,30.84554636126231,32432.999999999996,31133.000000000004
2020,2,3.0,29.345549738219894,315.00000000000006,257.99999999999994
2020,3,1.0,28.77538830170499,120018.00000000003,114528.99999999997
2020,3,2.0,30.855061030068473,34178.00000000001,33001.99999999999
2020,3,3.0,29.173841059602648,287.0,317.0
2020,4,1.0,28.82392188267358,115758.00000000001,110260.99999999999
2020,4,2.0,30.8595746665423,32973.0,31352.999999999996
2020,4,3.0,29.188235294117646,326.00000000000006,268.99999999999994
2020,5,1.0,28.877297118025734,120398.0,114788.0
2020,5,2.0,30.865934298727435,33791.0,32295.999999999996
2020,5,3.0,29.696343402225754,330.0,299.0
2020,6,1.0,28.85285106347013,121141.00000000001,115489.99999999999
2020,6,2.0,30.929875855312506,33513.0,31814.000000000004
2020,6,3.0,29.415584415584416,341.0,275.0
2020,7,1.0,28.796485857963468,128588.00000000001,122966.99999999999
2020,7,2.0,30.940489480463718,35734.0,34136.0
2020,7,3.0,29.594634873323397,335.99999999999994,335.00000000000006
2020,8,1.0,28.74227463777679,128423.0,121630.0
2020,8,2.0,30.908368659341928,35370.99999999999,33983.00000000001
2020,8,3.0,29.396992481203007,343.99999999999994,321.00000000000006
2020,9,1.0,28.74112795803253,124409.99999999999,118826.00000000001
2020,9,2.0,30.805221030451133,34679.00000000001,33659.99999999999
2020,9,3.0,29.244367417677644,295.99999999999994,281.00000000000006
2020,10,1.0,28.82842019338388,121395.99999999999,116266.00000000001
2020,10,2.0,30.985861412072865,34236.00000000001,32955.99999999999
2020,10,3.0,29.207492795389047,394.0,300.0
2020,11,1.0,28.766134511644026,112168.99999999999,107128.00000000001
2020,11,2.0,30.907934143597384,32390.999999999996,30716.000000000004
2020,11,3.0,29.58745874587459,288.0,318.0
2020,12,1.0,28.607901909745046,116677.00000000003,111520.99999999997
2020,12,2.0,30.746896203849847,31323.999999999996,30133.000000000004
2020,12,3.0,29.0784,315.0,310.0
2021,1,1.0,28.72464462108878,112342.00000000001,106930.99999999999
2021,1,2.0,30.839292826098248,29417.000000000004,28333.999999999996
2021,1,3.0,29.44990176817289,265.00000000000006,243.99999999999997
2021,2,1.0,28.85719222666698,108012.00000000001,103222.99999999999
2021,2,2.0,30.998708856155666,28154.000000000004,26835.999999999996
2021,2,3.0,29.17,239.0,261.0
2021,3,1.0,28.959015366627693,122437.99999999999,117042.00000000001
2021,3,2.0,30.999429323272516,32351.0,30732.0
2021,3,3.0,29.375,306.0,270.0
2021,4,1.0,29.016057934508815,119226.0,112622.0
2021,4,2.0,30.984011105667157,31214.0,30016.0
2021,4,3.0,29.570652173913043,285.0,267.0
2021,5,1.0,29.03155645647291,121826.00000000001,115462.99999999999
2021,5,2.0,30.975757575757576,32429.0,30931.0
2021,5,3.0,29.64265129682997,386.0,308.0
2021,6,1.0,29.039421230168337,126852.0,120984.0
2021,6,2.0,31.020866700224225,33523.0,32036.000000000004
2021,6,3.0,29.41176470588235,336.0,293.0
2021,7,1.0,28.99091917128684,131249.0,125775.99999999999
2021,7,2.0,31.024508593261952,35072.99999999999,33760.00000000001
2021,7,3.0,29.863213811420984,373.0,380.0
2021,8,1.0,29.011767977352342,132291.99999999997,126631.00000000003
2021,8,2.0,30.991818860272893,36359.0,34658.0
2021,8,3.0,29.28125,413.00000000000006,386.99999999999994
2021,9,1.0,28.952134652779417,129474.99999999997,124571.00000000003
2021,9,2.0,30.881804566005513,36627.00000000001,34813.99999999999
2021,9,3.0,29.770491803278688,430.0,363.0
2021,10,1.0,29.051998825898718,125460.99999999999,119833.00000000001
2021,10,2.0,30.952234957020057,35523.0,34277.0
2021,10,3.0,29.722699386503066,406.0,409.0
2021,11,1.0,29.08259877055137,118951.99999999999,114974.00000000001
2021,11,2.0,31.010355489148928,34495.99999999999,33101.00000000001
2021,11,3.0,29.84096692111959,416.00000000000006,369.99999999999994
2021,12,1.0,29.004410542068506,122742.99999999997,117817.00000000003
2021,12,2.0,30.999544743206716,36042.0,34248.0
2021,12,3.0,29.608383233532933,448.0,387.0
2022,1,1.0,28.972958367748625,116180.99999999999,111431.00000000001
2022,1,2.0,30.956241994578654,34265.0,32877.0
2022,1,3.0,29.554937413073713,358.99999999999994,360.00000000000006
2022,2,1.0,29.062168643099348,109479.00000000001,104036.99999999999
2022,2,2.0,31.039029179341092,32015.0,30118.0
2022,2,3.0,29.678333333333335,296.00000000000006,303.99999999999994
2022,3,1.0,29.09410125328431,122030.00000000001,116223.99999999999
2022,3,2.0,31.025455333911534,35381.99999999999,33798.00000000001
2022,3,3.0,29.895678092399404,343.00000000000006,327.99999999999994
2022,4,1.0,29.139990335311015,114239.0,109255.0
2022,4,2.0,31.012102781489503,33418.0,31691.0
2022,4,3.0,29.54953560371517,316.00000000000006,329.99999999999994
2022,5,1.0,29.173359413117726,117390.0,112162.0
2022,5,2.0,30.98782514079019,34815.0,33194.0
2022,5,3.0,29.886821705426357,331.99999999999994,313.00000000000006
2022,6,1.0,29.120938414438186,120717.00000000001,115766.99999999999
2022,6,2.0,30.997993127544685,35374.0,33888.0
2022,6,3.0,29.207492795389047,363.0,331.0
2022,7,1.0,29.03771988493058,126879.0,121319.0
2022,7,2.0,30.985998952677562,37139.0,35427.0
2022,7,3.0,29.48099606815203,418.0,345.0
2022,8,1.0,29.044477865185872,132316.00000000003,127003.99999999999
2022,8,2.0,30.960806066380403,39210.99999999999,37408.00000000001
2022,8,3.0,29.448051948051948,397.0,373.0
2022,9,1.0,29.02312032814875,121990.0,118145.0
2022,9,2.0,30.86865270249664,36990.00000000001,35146.99999999999
2022,9,3.0,29.423705722070846,380.00000000000006,353.99999999999994
2022,10,1.0,29.131534188999673,120444.99999999999,114148.00000000001
2022,10,2.0,30.942687583001327,36982.0,35306.0
2022,10,3.0,29.39381153305204,369.00000000000006,341.99999999999994
2022,11,1.0,29.108673833906032,120149.99999999999,114994.00000000001
2022,11,2.0,31.02083044214383,36508.99999999999,35549.00000000001
2022,11,3.0,29.41903409090909,355.99999999999994,348.00000000000006
2022,12,1.0,29.060671695670575,122592.99999999999,118409.00000000001
2022,12,2.0,30.96331096196868,37847.00000000001,35907.99999999999
2022,12,3.0,29.720987654320986,434.00000000000006,375.99999999999994
2023,1,1.0,29.002952708684976,116994.99999999999,112286.00000000001
2023,1,2.0,30.94379107328686,35824.0,34325.0
2023,1,3.0,29.165277777777778,360.0,360.0
2023,2,1.0,29.09238324996043,106489.99999999999,102011.00000000001
2023,2,2.0,30.91313267301343,31798.000000000004,30595.999999999996
2023,2,3.0,29.30995106035889,322.0,291.0
2023,3,1.0,29.108025495406313,118006.99999999999,112309.00000000001
2023,3,2.0,30.949950761744773,35400.99999999999,33651.00000000001
2023,3,3.0,29.36878453038674,348.0,376.0
2023,4,1.0,29.215356900545117,109350.0,104365.0
2023,4,2.0,30.912582189987834,33401.0,31540.0
2023,4,3.0,29.25283630470016,306.00000000000006,310.99999999999994
2023,5,1.0,29.254889922318597,117312.0,112344.0
2023,5,2.0,30.886559608757203,35977.99999999999,33953.00000000001
2023,5,3.0,29.736686390532544,343.00000000000006,332.99999999999994
2023,6,1.0,29.21811572381157,119421.00000000001,113028.99999999999
2023,6,2.0,30.94731872313438,36435.0,34520.0
2023,6,3.0,29.626099706744867,365.0,317.0
2023,7,1.0,29.165364757945554,122077.00000000003,116546.99999999997
2023,7,2.0,30.900420565228707,37623.00000000001,35373.99999999999
2023,7,3.0,29.166216216216217,377.0,363.0
2023,8,1.0,29.193382580005526,126034.99999999999,120073.00000000001
2023,8,2.0,30.877064100045832,39150.00000000001,37214.99999999999
2023,8,3.0,29.216142270861834,376.00000000000006,354.99999999999994
2023,9,1.0,29.175200552057277,118740.99999999999,113119.00000000001
2023,9,2.0,30.781923400103,37985.00000000001,35800.99999999999
2023,9,3.0,29.40941512125535,361.99999999999994,339.00000000000006
2023,10,1.0,29.2695127357043,119591.99999999999,115024.00000000001
2023,10,2.0,30.847464214871604,38098.0,36514.0
2023,10,3.0,30.304285714285715,371.0,329.0
2023,11,1.0,29.240885410883767,114764.00000000001,110396.99999999999
2023,11,2.0,30.88251455753301,37450.00000000001,35707.99999999999
2023,11,3.0,29.305555555555557,376.99999999999994,343.00000000000006
2023,12,1.0,29.184600614268632,114918.0,110065.0
2023,12,2.0,30.806877511412406,37389.00000000001,35776.99999999999
2023,12,3.0,29.205882352941178,343.0,337.0
2024,1,1.0,29.159663828099585,114566.99999999999,109842.00000000001
2024,1,2.0,30.854365597307137,37286.0,35499.0
2024,1,3.0,29.405629139072847,303.0,301.0
2024,2,1.0,29.239224408697716,109632.99999999999,105274.00000000001
2024,2,2.0,30.825884829612736,34936.0,33467.0
2024,2,3.0,29.47992700729927,271.0,277.0
2024,3,1.0,29.262811479863416,115554.00000000001,110824.99999999999
2024,3,2.0,30.85630277862936,36630.99999999999,35131.00000000001
2024,3,3.0,30.339256865912763,309.0,310.0
2024,4,1.0,29.330629574474827,113016.00000000001,107910.99999999999
2024,4,2.0,30.88089694712028,35221.00000000001,33500.99999999999
2024,4,3.0,29.486678507992895,289.99999999999994,273.00000000000006
2024,5,1.0,29.372395731370425,117511.99999999999,112351.00000000001
2024,5,2.0,30.88200549824437,37729.00000000001,35748.99999999999
2024,5,3.0,29.856164383561644,311.99999999999994,272.00000000000006
2024,6,1.0,29.289667580534612,113604.00000000001,108163.99999999999
2024,6,2.0,30.746765869963497,36601.00000000001,34901.99999999999
2024,6,3.0,29.85369774919614,320.0,302.0
2024,7,1.0,29.29176650374363,123120.00000000001,117688.99999999999
2024,7,2.0,30.80123835056811,40206.99999999999,38123.00000000001
2024,7,3.0,29.565110565110565,419.99999999999994,394.00000000000006
2024,8,1.0,29.263366166813682,125347.0,119525.0
2024,8,2.0,30.784765268071023,41431.99999999999,39554.00000000001
2024,8,3.0,29.651289009497965,398.0,339.0
2024,9,1.0,29.24128752681262,117778.00000000001,112523.99999999999
2024,9,2.0,30.70151908777947,39825.00000000001,38313.99999999999
2024,9,3.0,29.22589928057554,349.00000000000006,345.99999999999994
2024,10,1.0,29.392017142565603,119552.00000000001,115651.99999999999
2024,10,2.0,30.834806839772007,40241.0,38709.0
2024,10,3.0,30.081521739130434,382.0,354.0
2024,11,1.0,29.351193112612115,110676.00000000001,106067.99999999999
2024,11,2.0,30.86224415156069,38283.99999999999,36907.00000000001
2024,11,3.0,30.260663507109005,317.0,316.0
2024,12,1.0,29.31594416192516,116164.0,112139.0
2024,12,2.0,30.863659141429068,39922.0,37905.0
2024,12,3.0,29.721448467966574,360.0,358.0
