date,year,month,maternal_age_band,newborn_sex_code,newborn_sex_label,series_id,birth_count
1989-01-01,1989,1,under_20,1,male,under_20_male,21776
1989-01-01,1989,1,under_20,2,female,under_20_female,20447
1989-01-01,1989,1,age_20_24,1,male,age_20_24_male,44594
1989-01-01,1989,1,age_20_24,2,female,age_20_24_female,42640
1989-01-01,1989,1,age_25_29,1,male,age_25_29_male,50740
1989-01-01,1989,1,age_25_29,2,female,age_25_29_female,48704
1989-01-01,1989,1,age_30_34,1,male,age_30_34_male,33484
1989-01-01,1989,1,age_30_34,2,female,age_30_34_female,31840
1989-01-01,1989,1,age_35_39,1,male,age_35_39_male,11621
1989-01-01,1989,1,age_35_39,2,female,age_35_39_female,11261
1989-01-01,1989,1,age_40_plus,1,male,age_40_plus_male,1837
1989-01-01,1989,1,age_40_plus,2,female,age_40_plus_female,1857
1989-02-01,1989,2,under_20,1,male,under_20_male,20015
1989-02-01,1989,2,under_20,2,female,under_20_female,18893
1989-02-01,1989,2,age_20_24,1,male,age_20_24_male,41252
1989-02-01,1989,2,age_20_24,2,female,age_20_24_female,39337
1989-02-01,1989,2,age_25_29,1,male,age_25_29_male,48494
1989-02-01,1989,2,age_25_29,2,female,age_25_29_female,46374
1989-02-01,1989,2,age_30_34,1,male,age_30_34_male,31721
1989-02-01,1989,2,age_30_34,2,female,age_30_34_female,30198
1989-02-01,1989,2,age_35_39,1,male,age_35_39_male,10869
1989-02-01,1989,2,age_35_39,2,female,age_35_39_female,10317
1989-02-01,1989,2,age_40_plus,1,male,age_40_plus_male,1696
1989-02-01,1989,2,age_40_plus,2,female,age_40_plus_female,1591
1989-03-01,1989,3,under_20,1,male,under_20_male,22214
1989-03-01,1989,3,under_20,2,female,under_20_female,21524
1989-03-01,1989,3,age_20_24,1,male,age_20_24_male,46149
1989-03-01,1989,3,age_20_24,2,female,age_20_24_female,43645
1989-03-01,1989,3,age_25_29,1,male,age_25_29_male,55260
1989-03-01,1989,3,age_25_29,2,female,age_25_29_female,52229
1989-03-01,1989,3,age_30_34,1,male,age_30_34_male,36480
1989-03-01,1989,3,age_30_34,2,female,age_30_34_female,34855
1989-03-01,1989,3,age_35_39,1,male,age_35_39_male,12441
1989-03-01,1989,3,age_35_39,2,female,age_35_39_female,11889
1989-03-01,1989,3,age_40_plus,1,male,age_40_plus_male,1889
1989-03-01,1989,3,age_40_plus,2,female,age_40_plus_female,1747
1989-04-01,1989,4,under_20,1,male,under_20_male,20808
1989-04-01,1989,4,under_20,2,female,under_20_female,19712
1989-04-01,1989,4,age_20_24,1,male,age_20_24_male,42499
1989-04-01,1989,4,age_20_24,2,female,age_20_24_female,40718
1989-04-01,1989,4,age_25_29,1,male,age_25_29_male,51943
1989-04-01,1989,4,age_25_29,2,female,age_25_29_female,49615
1989-04-01,1989,4,age_30_34,1,male,age_30_34_male,34643
1989-04-01,1989,4,age_30_34,2,female,age_30_34_female,32935
1989-04-01,1989,4,age_35_39,1,male,age_35_39_male,11773
1989-04-01,1989,4,age_35_39,2,female,age_35_39_female,11042
1989-04-01,1989,4,age_40_plus,1,male,age_40_plus_male,1766
1989-04-01,1989,4,age_40_plus,2,female,age_40_plus_female,1667
1989-05-01,1989,5,under_20,1,male,under_20_male,21461
1989-05-01,1989,5,under_20,2,female,under_20_female,20175
1989-05-01,1989,5,age_20_24,1,male,age_20_24_male,45218
1989-05-01,1989,5,age_20_24,2,female,age_20_24_female,42910
1989-05-01,1989,5,age_25_29,1,male,age_25_29_male,54878
1989-05-01,1989,5,age_25_29,2,female,age_25_29_female,52274
1989-05-01,1989,5,age_30_34,1,male,age_30_34_male,37024
1989-05-01,1989,5,age_30_34,2,female,age_30_34_female,34955
1989-05-01,1989,5,age_35_39,1,male,age_35_39_male,12397
1989-05-01,1989,5,age_35_39,2,female,age_35_39_female,11735
1989-05-01,1989,5,age_40_plus,1,male,age_40_plus_male,1914
1989-05-01,1989,5,age_40_plus,2,female,age_40_plus_female,1751
1989-06-01,1989,6,under_20,1,male,under_20_male,21578
1989-06-01,1989,6,under_20,2,female,under_20_female,20745
1989-06-01,1989,6,age_20_24,1,male,age_20_24_male,46531
1989-06-01,1989,6,age_20_24,2,female,age_20_24_female,44105
1989-06-01,1989,6,age_25_29,1,male,age_25_29_male,55117
1989-06-01,1989,6,age_25_29,2,female,age_25_29_female,52325
1989-06-01,1989,6,age_30_34,1,male,age_30_34_male,36453
1989-06-01,1989,6,age_30_34,2,female,age_30_34_female,34726
1989-06-01,1989,6,age_35_39,1,male,age_35_39_male,12280
1989-06-01,1989,6,age_35_39,2,female,age_35_39_female,11766
1989-06-01,1989,6,age_40_plus,1,male,age_40_plus_male,1864
1989-06-01,1989,6,age_40_plus,2,female,age_40_plus_female,1858
1989-07-01,1989,7,under_20,1,male,under_20_male,23420
1989-07-01,1989,7,under_20,2,female,under_20_female,22442
1989-07-01,1989,7,age_20_24,1,male,age_20_24_male,49589
1989-07-01,1989,7,age_20_24,2,female,age_20_24_female,47337
1989-07-01,1989,7,age_25_29,1,male,age_25_29_male,57028
1989-07-01,1989,7,age_25_29,2,female,age_25_29_female,53965
1989-07-01,1989,7,age_30_34,1,male,age_30_34_male,37791
1989-07-01,1989,7,age_30_34,2,female,age_30_34_female,35901
1989-07-01,1989,7,age_35_39,1,male,age_35_39_male,13217
1989-07-01,1989,7,age_35_39,2,female,age_35_39_female,12440
1989-07-01,1989,7,age_40_plus,1,male,age_40_plus_male,2018
1989-07-01,1989,7,age_40_plus,2,female,age_40_plus_female,1969
1989-08-01,1989,8,under_20,1,male,under_20_male,24322
1989-08-01,1989,8,under_20,2,female,under_20_female,23164
1989-08-01,1989,8,age_20_24,1,male,age_20_24_male,51032
1989-08-01,1989,8,age_20_24,2,female,age_20_24_female,48421
1989-08-01,1989,8,age_25_29,1,male,age_25_29_male,58349
1989-08-01,1989,8,age_25_29,2,female,age_25_29_female,55482
1989-08-01,1989,8,age_30_34,1,male,age_30_34_male,38568
1989-08-01,1989,8,age_30_34,2,female,age_30_34_female,36941
1989-08-01,1989,8,age_35_39,1,male,age_35_39_male,13672
1989-08-01,1989,8,age_35_39,2,female,age_35_39_female,12921
1989-08-01,1989,8,age_40_plus,1,male,age_40_plus_male,2131
1989-08-01,1989,8,age_40_plus,2,female,age_40_plus_female,2057
1989-09-01,1989,9,under_20,1,male,under_20_male,23569
1989-09-01,1989,9,under_20,2,female,under_20_female,22656
1989-09-01,1989,9,age_20_24,1,male,age_20_24_male,48878
1989-09-01,1989,9,age_20_24,2,female,age_20_24_female,46930
1989-09-01,1989,9,age_25_29,1,male,age_25_29_male,56833
1989-09-01,1989,9,age_25_29,2,female,age_25_29_female,53913
1989-09-01,1989,9,age_30_34,1,male,age_30_34_male,38112
1989-09-01,1989,9,age_30_34,2,female,age_30_34_female,36509
1989-09-01,1989,9,age_35_39,1,male,age_35_39_male,13479
1989-09-01,1989,9,age_35_39,2,female,age_35_39_female,12776
1989-09-01,1989,9,age_40_plus,1,male,age_40_plus_male,2091
1989-09-01,1989,9,age_40_plus,2,female,age_40_plus_female,2024
1989-10-01,1989,10,under_20,1,male,under_20_male,22511
1989-10-01,1989,10,under_20,2,female,under_20_female,21294
1989-10-01,1989,10,age_20_24,1,male,age_20_24_male,46681
1989-10-01,1989,10,age_20_24,2,female,age_20_24_female,44950
1989-10-01,1989,10,age_25_29,1,male,age_25_29_male,54967
1989-10-01,1989,10,age_25_29,2,female,age_25_29_female,52107
1989-10-01,1989,10,age_30_34,1,male,age_30_34_male,36795
1989-10-01,1989,10,age_30_34,2,female,age_30_34_female,35101
1989-10-01,1989,10,age_35_39,1,male,age_35_39_male,13160
1989-10-01,1989,10,age_35_39,2,female,age_35_39_female,12784
1989-10-01,1989,10,age_40_plus,1,male,age_40_plus_male,2144
1989-10-01,1989,10,age_40_plus,2,female,age_40_plus_female,2067
1989-11-01,1989,11,under_20,1,male,under_20_male,21359
1989-11-01,1989,11,under_20,2,female,under_20_female,20066
1989-11-01,1989,11,age_20_24,1,male,age_20_24_male,44127
1989-11-01,1989,11,age_20_24,2,female,age_20_24_female,42017
1989-11-01,1989,11,age_25_29,1,male,age_25_29_male,51576
1989-11-01,1989,11,age_25_29,2,female,age_25_29_female,49058
1989-11-01,1989,11,age_30_34,1,male,age_30_34_male,35016
1989-11-01,1989,11,age_30_34,2,female,age_30_34_female,33757
1989-11-01,1989,11,age_35_39,1,male,age_35_39_male,12786
1989-11-01,1989,11,age_35_39,2,female,age_35_39_female,12174
1989-11-01,1989,11,age_40_plus,1,male,age_40_plus_male,2059
1989-11-01,1989,11,age_40_plus,2,female,age_40_plus_female,1941
1989-12-01,1989,12,under_20,1,male,under_20_male,22682
1989-12-01,1989,12,under_20,2,female,under_20_female,21531
1989-12-01,1989,12,age_20_24,1,male,age_20_24_male,45667
1989-12-01,1989,12,age_20_24,2,female,age_20_24_female,43560
1989-12-01,1989,12,age_25_29,1,male,age_25_29_male,52811
1989-12-01,1989,12,age_25_29,2,female,age_25_29_female,50707
1989-12-01,1989,12,age_30_34,1,male,age_30_34_male,35726
1989-12-01,1989,12,age_30_34,2,female,age_30_34_female,33952
1989-12-01,1989,12,age_35_39,1,male,age_35_39_male,13027
1989-12-01,1989,12,age_35_39,2,female,age_35_39_female,12421
1989-12-01,1989,12,age_40_plus,1,male,age_40_plus_male,2109
1989-12-01,1989,12,age_40_plus,2,female,age_40_plus_female,2015
1990-01-01,1990,1,under_20,1,male,under_20_male,23096
1990-01-01,1990,1,under_20,2,female,under_20_female,21717
1990-01-01,1990,1,age_20_24,1,male,age_20_24_male,45915
1990-01-01,1990,1,age_20_24,2,female,age_20_24_female,43292
1990-01-01,1990,1,age_25_29,1,male,age_25_29_male,53005
1990-01-01,1990,1,age_25_29,2,female,age_25_29_female,50445
1990-01-01,1990,1,age_30_34,1,male,age_30_34_male,35215
1990-01-01,1990,1,age_30_34,2,female,age_30_34_female,33848
1990-01-01,1990,1,age_35_39,1,male,age_35_39_male,12850
1990-01-01,1990,1,age_35_39,2,female,age_35_39_female,12337
1990-01-01,1990,1,age_40_plus,1,male,age_40_plus_male,1992
1990-01-01,1990,1,age_40_plus,2,female,age_40_plus_female,1937
1990-02-01,1990,2,under_20,1,male,under_20_male,20892
1990-02-01,1990,2,under_20,2,female,under_20_female,19931
1990-02-01,1990,2,age_20_24,1,male,age_20_24_male,42159
1990-02-01,1990,2,age_20_24,2,female,age_20_24_female,40292
1990-02-01,1990,2,age_25_29,1,male,age_25_29_male,49458
1990-02-01,1990,2,age_25_29,2,female,age_25_29_female,47480
1990-02-01,1990,2,age_30_34,1,male,age_30_34_male,33716
1990-02-01,1990,2,age_30_34,2,female,age_30_34_female,32199
1990-02-01,1990,2,age_35_39,1,male,age_35_39_male,11816
1990-02-01,1990,2,age_35_39,2,female,age_35_39_female,11288
1990-02-01,1990,2,age_40_plus,1,male,age_40_plus_male,1874
1990-02-01,1990,2,age_40_plus,2,female,age_40_plus_female,1825
1990-03-01,1990,3,under_20,1,male,under_20_male,23197
1990-03-01,1990,3,under_20,2,female,under_20_female,21985
1990-03-01,1990,3,age_20_24,1,male,age_20_24_male,46311
1990-03-01,1990,3,age_20_24,2,female,age_20_24_female,44590
1990-03-01,1990,3,age_25_29,1,male,age_25_29_male,56183
1990-03-01,1990,3,age_25_29,2,female,age_25_29_female,53519
1990-03-01,1990,3,age_30_34,1,male,age_30_34_male,38347
1990-03-01,1990,3,age_30_34,2,female,age_30_34_female,36766
1990-03-01,1990,3,age_35_39,1,male,age_35_39_male,13347
1990-03-01,1990,3,age_35_39,2,female,age_35_39_female,12630
1990-03-01,1990,3,age_40_plus,1,male,age_40_plus_male,2114
1990-03-01,1990,3,age_40_plus,2,female,age_40_plus_female,1973
1990-04-01,1990,4,under_20,1,male,under_20_male,21725
1990-04-01,1990,4,under_20,2,female,under_20_female,20548
1990-04-01,1990,4,age_20_24,1,male,age_20_24_male,44767
1990-04-01,1990,4,age_20_24,2,female,age_20_24_female,42337
1990-04-01,1990,4,age_25_29,1,male,age_25_29_male,53861
1990-04-01,1990,4,age_25_29,2,female,age_25_29_female,51668
1990-04-01,1990,4,age_30_34,1,male,age_30_34_male,37123
1990-04-01,1990,4,age_30_34,2,female,age_30_34_female,35644
1990-04-01,1990,4,age_35_39,1,male,age_35_39_male,12899
1990-04-01,1990,4,age_35_39,2,female,age_35_39_female,12348
1990-04-01,1990,4,age_40_plus,1,male,age_40_plus_male,1900
1990-04-01,1990,4,age_40_plus,2,female,age_40_plus_female,1924
1990-05-01,1990,5,under_20,1,male,under_20_male,22336
1990-05-01,1990,5,under_20,2,female,under_20_female,21376
1990-05-01,1990,5,age_20_24,1,male,age_20_24_male,46464
1990-05-01,1990,5,age_20_24,2,female,age_20_24_female,44635
1990-05-01,1990,5,age_25_29,1,male,age_25_29_male,56591
1990-05-01,1990,5,age_25_29,2,female,age_25_29_female,54460
1990-05-01,1990,5,age_30_34,1,male,age_30_34_male,40117
1990-05-01,1990,5,age_30_34,2,female,age_30_34_female,37558
1990-05-01,1990,5,age_35_39,1,male,age_35_39_male,13739
1990-05-01,1990,5,age_35_39,2,female,age_35_39_female,13095
1990-05-01,1990,5,age_40_plus,1,male,age_40_plus_male,2119
1990-05-01,1990,5,age_40_plus,2,female,age_40_plus_female,2003
1990-06-01,1990,6,under_20,1,male,under_20_male,22233
1990-06-01,1990,6,under_20,2,female,under_20_female,20665
1990-06-01,1990,6,age_20_24,1,male,age_20_24_male,46791
1990-06-01,1990,6,age_20_24,2,female,age_20_24_female,44184
1990-06-01,1990,6,age_25_29,1,male,age_25_29_male,55803
1990-06-01,1990,6,age_25_29,2,female,age_25_29_female,52798
1990-06-01,1990,6,age_30_34,1,male,age_30_34_male,38373
1990-06-01,1990,6,age_30_34,2,female,age_30_34_female,36757
1990-06-01,1990,6,age_35_39,1,male,age_35_39_male,13553
1990-06-01,1990,6,age_35_39,2,female,age_35_39_female,12582
1990-06-01,1990,6,age_40_plus,1,male,age_40_plus_male,2046
1990-06-01,1990,6,age_40_plus,2,female,age_40_plus_female,1955
1990-07-01,1990,7,under_20,1,male,under_20_male,24341
1990-07-01,1990,7,under_20,2,female,under_20_female,22964
1990-07-01,1990,7,age_20_24,1,male,age_20_24_male,50009
1990-07-01,1990,7,age_20_24,2,female,age_20_24_female,47623
1990-07-01,1990,7,age_25_29,1,male,age_25_29_male,57818
1990-07-01,1990,7,age_25_29,2,female,age_25_29_female,55028
1990-07-01,1990,7,age_30_34,1,male,age_30_34_male,40086
1990-07-01,1990,7,age_30_34,2,female,age_30_34_female,37878
1990-07-01,1990,7,age_35_39,1,male,age_35_39_male,14310
1990-07-01,1990,7,age_35_39,2,female,age_35_39_female,13664
1990-07-01,1990,7,age_40_plus,1,male,age_40_plus_male,2273
1990-07-01,1990,7,age_40_plus,2,female,age_40_plus_female,2113
1990-08-01,1990,8,under_20,1,male,under_20_male,24662
1990-08-01,1990,8,under_20,2,female,under_20_female,23529
1990-08-01,1990,8,age_20_24,1,male,age_20_24_male,50811
1990-08-01,1990,8,age_20_24,2,female,age_20_24_female,48478
1990-08-01,1990,8,age_25_29,1,male,age_25_29_male,58386
1990-08-01,1990,8,age_25_29,2,female,age_25_29_female,55776
1990-08-01,1990,8,age_30_34,1,male,age_30_34_male,40519
1990-08-01,1990,8,age_30_34,2,female,age_30_34_female,38069
1990-08-01,1990,8,age_35_39,1,male,age_35_39_male,14408
1990-08-01,1990,8,age_35_39,2,female,age_35_39_female,13827
1990-08-01,1990,8,age_40_plus,1,male,age_40_plus_male,2315
1990-08-01,1990,8,age_40_plus,2,female,age_40_plus_female,2166
1990-09-01,1990,9,under_20,1,male,under_20_male,23518
1990-09-01,1990,9,under_20,2,female,under_20_female,22505
1990-09-01,1990,9,age_20_24,1,male,age_20_24_male,48567
1990-09-01,1990,9,age_20_24,2,female,age_20_24_female,46519
1990-09-01,1990,9,age_25_29,1,male,age_25_29_male,56034
1990-09-01,1990,9,age_25_29,2,female,age_25_29_female,53329
1990-09-01,1990,9,age_30_34,1,male,age_30_34_male,39394
1990-09-01,1990,9,age_30_34,2,female,age_30_34_female,37256
1990-09-01,1990,9,age_35_39,1,male,age_35_39_male,14099
1990-09-01,1990,9,age_35_39,2,female,age_35_39_female,13512
1990-09-01,1990,9,age_40_plus,1,male,age_40_plus_male,2228
1990-09-01,1990,9,age_40_plus,2,female,age_40_plus_female,2171
1990-10-01,1990,10,under_20,1,male,under_20_male,22855
1990-10-01,1990,10,under_20,2,female,under_20_female,22001
1990-10-01,1990,10,age_20_24,1,male,age_20_24_male,47930
1990-10-01,1990,10,age_20_24,2,female,age_20_24_female,45235
1990-10-01,1990,10,age_25_29,1,male,age_25_29_male,54697
1990-10-01,1990,10,age_25_29,2,female,age_25_29_female,52319
1990-10-01,1990,10,age_30_34,1,male,age_30_34_male,38980
1990-10-01,1990,10,age_30_34,2,female,age_30_34_female,36954
1990-10-01,1990,10,age_35_39,1,male,age_35_39_male,14435
1990-10-01,1990,10,age_35_39,2,female,age_35_39_female,13693
1990-10-01,1990,10,age_40_plus,1,male,age_40_plus_male,2350
1990-10-01,1990,10,age_40_plus,2,female,age_40_plus_female,2163
1990-11-01,1990,11,under_20,1,male,under_20_male,22012
1990-11-01,1990,11,under_20,2,female,under_20_female,21210
1990-11-01,1990,11,age_20_24,1,male,age_20_24_male,45212
1990-11-01,1990,11,age_20_24,2,female,age_20_24_female,42931
1990-11-01,1990,11,age_25_29,1,male,age_25_29_male,50619
1990-11-01,1990,11,age_25_29,2,female,age_25_29_female,49119
1990-11-01,1990,11,age_30_34,1,male,age_30_34_male,36740
1990-11-01,1990,11,age_30_34,2,female,age_30_34_female,34692
1990-11-01,1990,11,age_35_39,1,male,age_35_39_male,13649
1990-11-01,1990,11,age_35_39,2,female,age_35_39_female,12942
1990-11-01,1990,11,age_40_plus,1,male,age_40_plus_male,2283
1990-11-01,1990,11,age_40_plus,2,female,age_40_plus_female,2142
1990-12-01,1990,12,under_20,1,male,under_20_male,22853
1990-12-01,1990,12,under_20,2,female,under_20_female,21709
1990-12-01,1990,12,age_20_24,1,male,age_20_24_male,46057
1990-12-01,1990,12,age_20_24,2,female,age_20_24_female,43862
1990-12-01,1990,12,age_25_29,1,male,age_25_29_male,51321
1990-12-01,1990,12,age_25_29,2,female,age_25_29_female,48998
1990-12-01,1990,12,age_30_34,1,male,age_30_34_male,36168
1990-12-01,1990,12,age_30_34,2,female,age_30_34_female,34722
1990-12-01,1990,12,age_35_39,1,male,age_35_39_male,13791
1990-12-01,1990,12,age_35_39,2,female,age_35_39_female,13136
1990-12-01,1990,12,age_40_plus,1,male,age_40_plus_male,2294
1990-12-01,1990,12,age_40_plus,2,female,age_40_plus_female,2140
1991-01-01,1991,1,under_20,1,male,under_20_male,22842
1991-01-01,1991,1,under_20,2,female,under_20_female,22198
1991-01-01,1991,1,age_20_24,1,male,age_20_24_male,45975
1991-01-01,1991,1,age_20_24,2,female,age_20_24_female,43913
1991-01-01,1991,1,age_25_29,1,male,age_25_29_male,50699
1991-01-01,1991,1,age_25_29,2,female,age_25_29_female,48840
1991-01-01,1991,1,age_30_34,1,male,age_30_34_male,35951
1991-01-01,1991,1,age_30_34,2,female,age_30_34_female,34280
1991-01-01,1991,1,age_35_39,1,male,age_35_39_male,13453
1991-01-01,1991,1,age_35_39,2,female,age_35_39_female,12881
1991-01-01,1991,1,age_40_plus,1,male,age_40_plus_male,2278
1991-01-01,1991,1,age_40_plus,2,female,age_40_plus_female,2193
1991-02-01,1991,2,under_20,1,male,under_20_male,20782
1991-02-01,1991,2,under_20,2,female,under_20_female,19838
1991-02-01,1991,2,age_20_24,1,male,age_20_24_male,41902
1991-02-01,1991,2,age_20_24,2,female,age_20_24_female,40109
1991-02-01,1991,2,age_25_29,1,male,age_25_29_male,47377
1991-02-01,1991,2,age_25_29,2,female,age_25_29_female,45417
1991-02-01,1991,2,age_30_34,1,male,age_30_34_male,33479
1991-02-01,1991,2,age_30_34,2,female,age_30_34_female,32031
1991-02-01,1991,2,age_35_39,1,male,age_35_39_male,12561
1991-02-01,1991,2,age_35_39,2,female,age_35_39_female,11926
1991-02-01,1991,2,age_40_plus,1,male,age_40_plus_male,2062
1991-02-01,1991,2,age_40_plus,2,female,age_40_plus_female,1939
1991-03-01,1991,3,under_20,1,male,under_20_male,23123
1991-03-01,1991,3,under_20,2,female,under_20_female,21800
1991-03-01,1991,3,age_20_24,1,male,age_20_24_male,45999
1991-03-01,1991,3,age_20_24,2,female,age_20_24_female,43832
1991-03-01,1991,3,age_25_29,1,male,age_25_29_male,53280
1991-03-01,1991,3,age_25_29,2,female,age_25_29_female,50237
1991-03-01,1991,3,age_30_34,1,male,age_30_34_male,38087
1991-03-01,1991,3,age_30_34,2,female,age_30_34_female,36219
1991-03-01,1991,3,age_35_39,1,male,age_35_39_male,13853
1991-03-01,1991,3,age_35_39,2,female,age_35_39_female,13507
1991-03-01,1991,3,age_40_plus,1,male,age_40_plus_male,2308
1991-03-01,1991,3,age_40_plus,2,female,age_40_plus_female,2156
1991-04-01,1991,4,under_20,1,male,under_20_male,21764
1991-04-01,1991,4,under_20,2,female,under_20_female,20872
1991-04-01,1991,4,age_20_24,1,male,age_20_24_male,44391
1991-04-01,1991,4,age_20_24,2,female,age_20_24_female,42274
1991-04-01,1991,4,age_25_29,1,male,age_25_29_male,52661
1991-04-01,1991,4,age_25_29,2,female,age_25_29_female,49761
1991-04-01,1991,4,age_30_34,1,male,age_30_34_male,37629
1991-04-01,1991,4,age_30_34,2,female,age_30_34_female,35946
1991-04-01,1991,4,age_35_39,1,male,age_35_39_male,13565
1991-04-01,1991,4,age_35_39,2,female,age_35_39_female,12971
1991-04-01,1991,4,age_40_plus,1,male,age_40_plus_male,2208
1991-04-01,1991,4,age_40_plus,2,female,age_40_plus_female,1954
1991-05-01,1991,5,under_20,1,male,under_20_male,22506
1991-05-01,1991,5,under_20,2,female,under_20_female,21683
1991-05-01,1991,5,age_20_24,1,male,age_20_24_male,46896
1991-05-01,1991,5,age_20_24,2,female,age_20_24_female,45221
1991-05-01,1991,5,age_25_29,1,male,age_25_29_male,54913
1991-05-01,1991,5,age_25_29,2,female,age_25_29_female,52121
1991-05-01,1991,5,age_30_34,1,male,age_30_34_male,39841
1991-05-01,1991,5,age_30_34,2,female,age_30_34_female,37743
1991-05-01,1991,5,age_35_39,1,male,age_35_39_male,14362
1991-05-01,1991,5,age_35_39,2,female,age_35_39_female,13816
1991-05-01,1991,5,age_40_plus,1,male,age_40_plus_male,2246
1991-05-01,1991,5,age_40_plus,2,female,age_40_plus_female,2144
1991-06-01,1991,6,under_20,1,male,under_20_male,21846
1991-06-01,1991,6,under_20,2,female,under_20_female,20392
1991-06-01,1991,6,age_20_24,1,male,age_20_24_male,45286
1991-06-01,1991,6,age_20_24,2,female,age_20_24_female,43324
1991-06-01,1991,6,age_25_29,1,male,age_25_29_male,51501
1991-06-01,1991,6,age_25_29,2,female,age_25_29_female,49134
1991-06-01,1991,6,age_30_34,1,male,age_30_34_male,37214
1991-06-01,1991,6,age_30_34,2,female,age_30_34_female,35314
1991-06-01,1991,6,age_35_39,1,male,age_35_39_male,13650
1991-06-01,1991,6,age_35_39,2,female,age_35_39_female,12869
1991-06-01,1991,6,age_40_plus,1,male,age_40_plus_male,2097
1991-06-01,1991,6,age_40_plus,2,female,age_40_plus_female,2015
1991-07-01,1991,7,under_20,1,male,under_20_male,23948
1991-07-01,1991,7,under_20,2,female,under_20_female,22817
1991-07-01,1991,7,age_20_24,1,male,age_20_24_male,49820
1991-07-01,1991,7,age_20_24,2,female,age_20_24_female,47227
1991-07-01,1991,7,age_25_29,1,male,age_25_29_male,54623
1991-07-01,1991,7,age_25_29,2,female,age_25_29_female,53150
1991-07-01,1991,7,age_30_34,1,male,age_30_34_male,40024
1991-07-01,1991,7,age_30_34,2,female,age_30_34_female,38139
1991-07-01,1991,7,age_35_39,1,male,age_35_39_male,14777
1991-07-01,1991,7,age_35_39,2,female,age_35_39_female,14038
1991-07-01,1991,7,age_40_plus,1,male,age_40_plus_male,2437
1991-07-01,1991,7,age_40_plus,2,female,age_40_plus_female,2327
1991-08-01,1991,8,under_20,1,male,under_20_male,24382
1991-08-01,1991,8,under_20,2,female,under_20_female,23447
1991-08-01,1991,8,age_20_24,1,male,age_20_24_male,50120
1991-08-01,1991,8,age_20_24,2,female,age_20_24_female,48214
1991-08-01,1991,8,age_25_29,1,male,age_25_29_male,54976
1991-08-01,1991,8,age_25_29,2,female,age_25_29_female,52756
1991-08-01,1991,8,age_30_34,1,male,age_30_34_male,40431
1991-08-01,1991,8,age_30_34,2,female,age_30_34_female,38335
1991-08-01,1991,8,age_35_39,1,male,age_35_39_male,15183
1991-08-01,1991,8,age_35_39,2,female,age_35_39_female,14609
1991-08-01,1991,8,age_40_plus,1,male,age_40_plus_male,2399
1991-08-01,1991,8,age_40_plus,2,female,age_40_plus_female,2368
1991-09-01,1991,9,under_20,1,male,under_20_male,23472
1991-09-01,1991,9,under_20,2,female,under_20_female,22639
1991-09-01,1991,9,age_20_24,1,male,age_20_24_male,48803
1991-09-01,1991,9,age_20_24,2,female,age_20_24_female,46519
1991-09-01,1991,9,age_25_29,1,male,age_25_29_male,53414
1991-09-01,1991,9,age_25_29,2,female,age_25_29_female,51190
1991-09-01,1991,9,age_30_34,1,male,age_30_34_male,39337
1991-09-01,1991,9,age_30_34,2,female,age_30_34_female,37490
1991-09-01,1991,9,age_35_39,1,male,age_35_39_male,14567
1991-09-01,1991,9,age_35_39,2,female,age_35_39_female,14149
1991-09-01,1991,9,age_40_plus,1,male,age_40_plus_male,2406
1991-09-01,1991,9,age_40_plus,2,female,age_40_plus_female,2375
1991-10-01,1991,10,under_20,1,male,under_20_male,22921
1991-10-01,1991,10,under_20,2,female,under_20_female,21854
1991-10-01,1991,10,age_20_24,1,male,age_20_24_male,47460
1991-10-01,1991,10,age_20_24,2,female,age_20_24_female,45834
1991-10-01,1991,10,age_25_29,1,male,age_25_29_male,51823
1991-10-01,1991,10,age_25_29,2,female,age_25_29_female,50362
1991-10-01,1991,10,age_30_34,1,male,age_30_34_male,38586
1991-10-01,1991,10,age_30_34,2,female,age_30_34_female,36957
1991-10-01,1991,10,age_35_39,1,male,age_35_39_male,14731
1991-10-01,1991,10,age_35_39,2,female,age_35_39_female,14120
1991-10-01,1991,10,age_40_plus,1,male,age_40_plus_male,2369
1991-10-01,1991,10,age_40_plus,2,female,age_40_plus_female,2363
1991-11-01,1991,11,under_20,1,male,under_20_male,21300
1991-11-01,1991,11,under_20,2,female,under_20_female,20673
1991-11-01,1991,11,age_20_24,1,male,age_20_24_male,44171
1991-11-01,1991,11,age_20_24,2,female,age_20_24_female,42271
1991-11-01,1991,11,age_25_29,1,male,age_25_29_male,48302
1991-11-01,1991,11,age_25_29,2,female,age_25_29_female,46145
1991-11-01,1991,11,age_30_34,1,male,age_30_34_male,35498
1991-11-01,1991,11,age_30_34,2,female,age_30_34_female,34146
1991-11-01,1991,11,age_35_39,1,male,age_35_39_male,13849
1991-11-01,1991,11,age_35_39,2,female,age_35_39_female,13277
1991-11-01,1991,11,age_40_plus,1,male,age_40_plus_male,2200
1991-11-01,1991,11,age_40_plus,2,female,age_40_plus_female,2180
1991-12-01,1991,12,under_20,1,male,under_20_male,23117
1991-12-01,1991,12,under_20,2,female,under_20_female,21781
1991-12-01,1991,12,age_20_24,1,male,age_20_24_male,46716
1991-12-01,1991,12,age_20_24,2,female,age_20_24_female,44525
1991-12-01,1991,12,age_25_29,1,male,age_25_29_male,50309
1991-12-01,1991,12,age_25_29,2,female,age_25_29_female,48441
1991-12-01,1991,12,age_30_34,1,male,age_30_34_male,37606
1991-12-01,1991,12,age_30_34,2,female,age_30_34_female,35628
1991-12-01,1991,12,age_35_39,1,male,age_35_39_male,14606
1991-12-01,1991,12,age_35_39,2,female,age_35_39_female,14006
1991-12-01,1991,12,age_40_plus,1,male,age_40_plus_male,2471
1991-12-01,1991,12,age_40_plus,2,female,age_40_plus_female,2379
1992-01-01,1992,1,under_20,1,male,under_20_male,22569
1992-01-01,1992,1,under_20,2,female,under_20_female,21234
1992-01-01,1992,1,age_20_24,1,male,age_20_24_male,45935
1992-01-01,1992,1,age_20_24,2,female,age_20_24_female,43653
1992-01-01,1992,1,age_25_29,1,male,age_25_29_male,49820
1992-01-01,1992,1,age_25_29,2,female,age_25_29_female,47410
1992-01-01,1992,1,age_30_34,1,male,age_30_34_male,36501
1992-01-01,1992,1,age_30_34,2,female,age_30_34_female,34730
1992-01-01,1992,1,age_35_39,1,male,age_35_39_male,14297
1992-01-01,1992,1,age_35_39,2,female,age_35_39_female,13542
1992-01-01,1992,1,age_40_plus,1,male,age_40_plus_male,2380
1992-01-01,1992,1,age_40_plus,2,female,age_40_plus_female,2305
1992-02-01,1992,2,under_20,1,male,under_20_male,21156
1992-02-01,1992,2,under_20,2,female,under_20_female,20028
1992-02-01,1992,2,age_20_24,1,male,age_20_24_male,42950
1992-02-01,1992,2,age_20_24,2,female,age_20_24_female,41065
1992-02-01,1992,2,age_25_29,1,male,age_25_29_male,47257
1992-02-01,1992,2,age_25_29,2,female,age_25_29_female,45180
1992-02-01,1992,2,age_30_34,1,male,age_30_34_male,34804
1992-02-01,1992,2,age_30_34,2,female,age_30_34_female,33430
1992-02-01,1992,2,age_35_39,1,male,age_35_39_male,13089
1992-02-01,1992,2,age_35_39,2,female,age_35_39_female,12469
1992-02-01,1992,2,age_40_plus,1,male,age_40_plus_male,2154
1992-02-01,1992,2,age_40_plus,2,female,age_40_plus_female,2161
1992-03-01,1992,3,under_20,1,male,under_20_male,22375
1992-03-01,1992,3,under_20,2,female,under_20_female,21128
1992-03-01,1992,3,age_20_24,1,male,age_20_24_male,45305
1992-03-01,1992,3,age_20_24,2,female,age_20_24_female,43248
1992-03-01,1992,3,age_25_29,1,male,age_25_29_male,51345
1992-03-01,1992,3,age_25_29,2,female,age_25_29_female,48844
1992-03-01,1992,3,age_30_34,1,male,age_30_34_male,38650
1992-03-01,1992,3,age_30_34,2,female,age_30_34_female,36532
1992-03-01,1992,3,age_35_39,1,male,age_35_39_male,14390
1992-03-01,1992,3,age_35_39,2,female,age_35_39_female,13377
1992-03-01,1992,3,age_40_plus,1,male,age_40_plus_male,2324
1992-03-01,1992,3,age_40_plus,2,female,age_40_plus_female,2339
1992-04-01,1992,4,under_20,1,male,under_20_male,21267
1992-04-01,1992,4,under_20,2,female,under_20_female,20296
1992-04-01,1992,4,age_20_24,1,male,age_20_24_male,43960
1992-04-01,1992,4,age_20_24,2,female,age_20_24_female,41965
1992-04-01,1992,4,age_25_29,1,male,age_25_29_male,50580
1992-04-01,1992,4,age_25_29,2,female,age_25_29_female,48344
1992-04-01,1992,4,age_30_34,1,male,age_30_34_male,38479
1992-04-01,1992,4,age_30_34,2,female,age_30_34_female,36397
1992-04-01,1992,4,age_35_39,1,male,age_35_39_male,14276
1992-04-01,1992,4,age_35_39,2,female,age_35_39_female,13553
1992-04-01,1992,4,age_40_plus,1,male,age_40_plus_male,2317
1992-04-01,1992,4,age_40_plus,2,female,age_40_plus_female,2237
1992-05-01,1992,5,under_20,1,male,under_20_male,21330
1992-05-01,1992,5,under_20,2,female,under_20_female,20354
1992-05-01,1992,5,age_20_24,1,male,age_20_24_male,45737
1992-05-01,1992,5,age_20_24,2,female,age_20_24_female,43679
1992-05-01,1992,5,age_25_29,1,male,age_25_29_male,52177
1992-05-01,1992,5,age_25_29,2,female,age_25_29_female,49693
1992-05-01,1992,5,age_30_34,1,male,age_30_34_male,40236
1992-05-01,1992,5,age_30_34,2,female,age_30_34_female,37817
1992-05-01,1992,5,age_35_39,1,male,age_35_39_male,14713
1992-05-01,1992,5,age_35_39,2,female,age_35_39_female,14131
1992-05-01,1992,5,age_40_plus,1,male,age_40_plus_male,2391
1992-05-01,1992,5,age_40_plus,2,female,age_40_plus_female,2267
1992-06-01,1992,6,under_20,1,male,under_20_male,21483
1992-06-01,1992,6,under_20,2,female,under_20_female,20145
1992-06-01,1992,6,age_20_24,1,male,age_20_24_male,45586
1992-06-01,1992,6,age_20_24,2,female,age_20_24_female,43612
1992-06-01,1992,6,age_25_29,1,male,age_25_29_male,50792
1992-06-01,1992,6,age_25_29,2,female,age_25_29_female,48910
1992-06-01,1992,6,age_30_34,1,male,age_30_34_male,39197
1992-06-01,1992,6,age_30_34,2,female,age_30_34_female,37148
1992-06-01,1992,6,age_35_39,1,male,age_35_39_male,14826
1992-06-01,1992,6,age_35_39,2,female,age_35_39_female,13836
1992-06-01,1992,6,age_40_plus,1,male,age_40_plus_male,2366
1992-06-01,1992,6,age_40_plus,2,female,age_40_plus_female,2167
1992-07-01,1992,7,under_20,1,male,under_20_male,23409
1992-07-01,1992,7,under_20,2,female,under_20_female,22024
1992-07-01,1992,7,age_20_24,1,male,age_20_24_male,48827
1992-07-01,1992,7,age_20_24,2,female,age_20_24_female,46457
1992-07-01,1992,7,age_25_29,1,male,age_25_29_male,53622
1992-07-01,1992,7,age_25_29,2,female,age_25_29_female,50993
1992-07-01,1992,7,age_30_34,1,male,age_30_34_male,40561
1992-07-01,1992,7,age_30_34,2,female,age_30_34_female,38491
1992-07-01,1992,7,age_35_39,1,male,age_35_39_male,15472
1992-07-01,1992,7,age_35_39,2,female,age_35_39_female,14656
1992-07-01,1992,7,age_40_plus,1,male,age_40_plus_male,2516
1992-07-01,1992,7,age_40_plus,2,female,age_40_plus_female,2469
1992-08-01,1992,8,under_20,1,male,under_20_male,22552
1992-08-01,1992,8,under_20,2,female,under_20_female,21909
1992-08-01,1992,8,age_20_24,1,male,age_20_24_male,47587
1992-08-01,1992,8,age_20_24,2,female,age_20_24_female,45410
1992-08-01,1992,8,age_25_29,1,male,age_25_29_male,51567
1992-08-01,1992,8,age_25_29,2,female,age_25_29_female,49458
1992-08-01,1992,8,age_30_34,1,male,age_30_34_male,38865
1992-08-01,1992,8,age_30_34,2,female,age_30_34_female,37316
1992-08-01,1992,8,age_35_39,1,male,age_35_39_male,15174
1992-08-01,1992,8,age_35_39,2,female,age_35_39_female,14509
1992-08-01,1992,8,age_40_plus,1,male,age_40_plus_male,2526
1992-08-01,1992,8,age_40_plus,2,female,age_40_plus_female,2493
1992-09-01,1992,9,under_20,1,male,under_20_male,22549
1992-09-01,1992,9,under_20,2,female,under_20_female,21411
1992-09-01,1992,9,age_20_24,1,male,age_20_24_male,47001
1992-09-01,1992,9,age_20_24,2,female,age_20_24_female,44754
1992-09-01,1992,9,age_25_29,1,male,age_25_29_male,51689
1992-09-01,1992,9,age_25_29,2,female,age_25_29_female,48815
1992-09-01,1992,9,age_30_34,1,male,age_30_34_male,39324
1992-09-01,1992,9,age_30_34,2,female,age_30_34_female,37422
1992-09-01,1992,9,age_35_39,1,male,age_35_39_male,15339
1992-09-01,1992,9,age_35_39,2,female,age_35_39_female,14703
1992-09-01,1992,9,age_40_plus,1,male,age_40_plus_male,2510
1992-09-01,1992,9,age_40_plus,2,female,age_40_plus_female,2438
1992-10-01,1992,10,under_20,1,male,under_20_male,22407
1992-10-01,1992,10,under_20,2,female,under_20_female,21660
1992-10-01,1992,10,age_20_24,1,male,age_20_24_male,46585
1992-10-01,1992,10,age_20_24,2,female,age_20_24_female,44269
1992-10-01,1992,10,age_25_29,1,male,age_25_29_male,49675
1992-10-01,1992,10,age_25_29,2,female,age_25_29_female,47530
1992-10-01,1992,10,age_30_34,1,male,age_30_34_male,39169
1992-10-01,1992,10,age_30_34,2,female,age_30_34_female,37151
1992-10-01,1992,10,age_35_39,1,male,age_35_39_male,15583
1992-10-01,1992,10,age_35_39,2,female,age_35_39_female,14721
1992-10-01,1992,10,age_40_plus,1,male,age_40_plus_male,2657
1992-10-01,1992,10,age_40_plus,2,female,age_40_plus_female,2576
1992-11-01,1992,11,under_20,1,male,under_20_male,21661
1992-11-01,1992,11,under_20,2,female,under_20_female,20467
1992-11-01,1992,11,age_20_24,1,male,age_20_24_male,43301
1992-11-01,1992,11,age_20_24,2,female,age_20_24_female,41401
1992-11-01,1992,11,age_25_29,1,male,age_25_29_male,46837
1992-11-01,1992,11,age_25_29,2,female,age_25_29_female,44607
1992-11-01,1992,11,age_30_34,1,male,age_30_34_male,36056
1992-11-01,1992,11,age_30_34,2,female,age_30_34_female,34604
1992-11-01,1992,11,age_35_39,1,male,age_35_39_male,14564
1992-11-01,1992,11,age_35_39,2,female,age_35_39_female,13877
1992-11-01,1992,11,age_40_plus,1,male,age_40_plus_male,2530
1992-11-01,1992,11,age_40_plus,2,female,age_40_plus_female,2386
1992-12-01,1992,12,under_20,1,male,under_20_male,22637
1992-12-01,1992,12,under_20,2,female,under_20_female,21940
1992-12-01,1992,12,age_20_24,1,male,age_20_24_male,45824
1992-12-01,1992,12,age_20_24,2,female,age_20_24_female,43540
1992-12-01,1992,12,age_25_29,1,male,age_25_29_male,49230
1992-12-01,1992,12,age_25_29,2,female,age_25_29_female,46343
1992-12-01,1992,12,age_30_34,1,male,age_30_34_male,37533
1992-12-01,1992,12,age_30_34,2,female,age_30_34_female,35879
1992-12-01,1992,12,age_35_39,1,male,age_35_39_male,15316
1992-12-01,1992,12,age_35_39,2,female,age_35_39_female,14602
1992-12-01,1992,12,age_40_plus,1,male,age_40_plus_male,2641
1992-12-01,1992,12,age_40_plus,2,female,age_40_plus_female,2611
1993-01-01,1993,1,under_20,1,male,under_20_male,22181
1993-01-01,1993,1,under_20,2,female,under_20_female,21091
1993-01-01,1993,1,age_20_24,1,male,age_20_24_male,44288
1993-01-01,1993,1,age_20_24,2,female,age_20_24_female,42153
1993-01-01,1993,1,age_25_29,1,male,age_25_29_male,46664
1993-01-01,1993,1,age_25_29,2,female,age_25_29_female,44027
1993-01-01,1993,1,age_30_34,1,male,age_30_34_male,35910
1993-01-01,1993,1,age_30_34,2,female,age_30_34_female,34052
1993-01-01,1993,1,age_35_39,1,male,age_35_39_male,14307
1993-01-01,1993,1,age_35_39,2,female,age_35_39_female,13858
1993-01-01,1993,1,age_40_plus,1,male,age_40_plus_male,2546
1993-01-01,1993,1,age_40_plus,2,female,age_40_plus_female,2343
1993-02-01,1993,2,under_20,1,male,under_20_male,20232
1993-02-01,1993,2,under_20,2,female,under_20_female,19154
1993-02-01,1993,2,age_20_24,1,male,age_20_24_male,40885
1993-02-01,1993,2,age_20_24,2,female,age_20_24_female,38796
1993-02-01,1993,2,age_25_29,1,male,age_25_29_male,44594
1993-02-01,1993,2,age_25_29,2,female,age_25_29_female,42353
1993-02-01,1993,2,age_30_34,1,male,age_30_34_male,34757
1993-02-01,1993,2,age_30_34,2,female,age_30_34_female,33044
1993-02-01,1993,2,age_35_39,1,male,age_35_39_male,13561
1993-02-01,1993,2,age_35_39,2,female,age_35_39_female,12952
1993-02-01,1993,2,age_40_plus,1,male,age_40_plus_male,2349
1993-02-01,1993,2,age_40_plus,2,female,age_40_plus_female,2270
1993-03-01,1993,3,under_20,1,male,under_20_male,22561
1993-03-01,1993,3,under_20,2,female,under_20_female,21407
1993-03-01,1993,3,age_20_24,1,male,age_20_24_male,45104
1993-03-01,1993,3,age_20_24,2,female,age_20_24_female,43028
1993-03-01,1993,3,age_25_29,1,male,age_25_29_male,50347
1993-03-01,1993,3,age_25_29,2,female,age_25_29_female,47648
1993-03-01,1993,3,age_30_34,1,male,age_30_34_male,39437
1993-03-01,1993,3,age_30_34,2,female,age_30_34_female,37904
1993-03-01,1993,3,age_35_39,1,male,age_35_39_male,15471
1993-03-01,1993,3,age_35_39,2,female,age_35_39_female,14528
1993-03-01,1993,3,age_40_plus,1,male,age_40_plus_male,2585
1993-03-01,1993,3,age_40_plus,2,female,age_40_plus_female,2498
1993-04-01,1993,4,under_20,1,male,under_20_male,21002
1993-04-01,1993,4,under_20,2,female,under_20_female,19796
1993-04-01,1993,4,age_20_24,1,male,age_20_24_male,42491
1993-04-01,1993,4,age_20_24,2,female,age_20_24_female,40547
1993-04-01,1993,4,age_25_29,1,male,age_25_29_male,48771
1993-04-01,1993,4,age_25_29,2,female,age_25_29_female,46389
1993-04-01,1993,4,age_30_34,1,male,age_30_34_male,38428
1993-04-01,1993,4,age_30_34,2,female,age_30_34_female,36465
1993-04-01,1993,4,age_35_39,1,male,age_35_39_male,14530
1993-04-01,1993,4,age_35_39,2,female,age_35_39_female,14086
1993-04-01,1993,4,age_40_plus,1,male,age_40_plus_male,2452
1993-04-01,1993,4,age_40_plus,2,female,age_40_plus_female,2415
1993-05-01,1993,5,under_20,1,male,under_20_male,21286
1993-05-01,1993,5,under_20,2,female,under_20_female,20190
1993-05-01,1993,5,age_20_24,1,male,age_20_24_male,44312
1993-05-01,1993,5,age_20_24,2,female,age_20_24_female,41534
1993-05-01,1993,5,age_25_29,1,male,age_25_29_male,49450
1993-05-01,1993,5,age_25_29,2,female,age_25_29_female,47091
1993-05-01,1993,5,age_30_34,1,male,age_30_34_male,40163
1993-05-01,1993,5,age_30_34,2,female,age_30_34_female,37697
1993-05-01,1993,5,age_35_39,1,male,age_35_39_male,15220
1993-05-01,1993,5,age_35_39,2,female,age_35_39_female,14405
1993-05-01,1993,5,age_40_plus,1,male,age_40_plus_male,2560
1993-05-01,1993,5,age_40_plus,2,female,age_40_plus_female,2460
1993-06-01,1993,6,under_20,1,male,under_20_male,21081
1993-06-01,1993,6,under_20,2,female,under_20_female,20197
1993-06-01,1993,6,age_20_24,1,male,age_20_24_male,44068
1993-06-01,1993,6,age_20_24,2,female,age_20_24_female,42100
1993-06-01,1993,6,age_25_29,1,male,age_25_29_male,49319
1993-06-01,1993,6,age_25_29,2,female,age_25_29_female,46715
1993-06-01,1993,6,age_30_34,1,male,age_30_34_male,39430
1993-06-01,1993,6,age_30_34,2,female,age_30_34_female,37677
1993-06-01,1993,6,age_35_39,1,male,age_35_39_male,15488
1993-06-01,1993,6,age_35_39,2,female,age_35_39_female,14703
1993-06-01,1993,6,age_40_plus,1,male,age_40_plus_male,2548
1993-06-01,1993,6,age_40_plus,2,female,age_40_plus_female,2377
1993-07-01,1993,7,under_20,1,male,under_20_male,23132
1993-07-01,1993,7,under_20,2,female,under_20_female,21923
1993-07-01,1993,7,age_20_24,1,male,age_20_24_male,47372
1993-07-01,1993,7,age_20_24,2,female,age_20_24_female,45114
1993-07-01,1993,7,age_25_29,1,male,age_25_29_male,50770
1993-07-01,1993,7,age_25_29,2,female,age_25_29_female,48257
1993-07-01,1993,7,age_30_34,1,male,age_30_34_male,40889
1993-07-01,1993,7,age_30_34,2,female,age_30_34_female,38861
1993-07-01,1993,7,age_35_39,1,male,age_35_39_male,16166
1993-07-01,1993,7,age_35_39,2,female,age_35_39_female,15122
1993-07-01,1993,7,age_40_plus,1,male,age_40_plus_male,2732
1993-07-01,1993,7,age_40_plus,2,female,age_40_plus_female,2611
1993-08-01,1993,8,under_20,1,male,under_20_male,23053
1993-08-01,1993,8,under_20,2,female,under_20_female,22170
1993-08-01,1993,8,age_20_24,1,male,age_20_24_male,46717
1993-08-01,1993,8,age_20_24,2,female,age_20_24_female,45171
1993-08-01,1993,8,age_25_29,1,male,age_25_29_male,50498
1993-08-01,1993,8,age_25_29,2,female,age_25_29_female,48149
1993-08-01,1993,8,age_30_34,1,male,age_30_34_male,40401
1993-08-01,1993,8,age_30_34,2,female,age_30_34_female,38341
1993-08-01,1993,8,age_35_39,1,male,age_35_39_male,16146
1993-08-01,1993,8,age_35_39,2,female,age_35_39_female,15290
1993-08-01,1993,8,age_40_plus,1,male,age_40_plus_male,2706
1993-08-01,1993,8,age_40_plus,2,female,age_40_plus_female,2664
1993-09-01,1993,9,under_20,1,male,under_20_male,22805
1993-09-01,1993,9,under_20,2,female,under_20_female,21874
1993-09-01,1993,9,age_20_24,1,male,age_20_24_male,46349
1993-09-01,1993,9,age_20_24,2,female,age_20_24_female,43777
1993-09-01,1993,9,age_25_29,1,male,age_25_29_male,49769
1993-09-01,1993,9,age_25_29,2,female,age_25_29_female,47905
1993-09-01,1993,9,age_30_34,1,male,age_30_34_male,40342
1993-09-01,1993,9,age_30_34,2,female,age_30_34_female,38591
1993-09-01,1993,9,age_35_39,1,male,age_35_39_male,16125
1993-09-01,1993,9,age_35_39,2,female,age_35_39_female,15382
1993-09-01,1993,9,age_40_plus,1,male,age_40_plus_male,2842
1993-09-01,1993,9,age_40_plus,2,female,age_40_plus_female,2638
1993-10-01,1993,10,under_20,1,male,under_20_male,22081
1993-10-01,1993,10,under_20,2,female,under_20_female,21094
1993-10-01,1993,10,age_20_24,1,male,age_20_24_male,43783
1993-10-01,1993,10,age_20_24,2,female,age_20_24_female,42287
1993-10-01,1993,10,age_25_29,1,male,age_25_29_male,47623
1993-10-01,1993,10,age_25_29,2,female,age_25_29_female,45044
1993-10-01,1993,10,age_30_34,1,male,age_30_34_male,38585
1993-10-01,1993,10,age_30_34,2,female,age_30_34_female,36732
1993-10-01,1993,10,age_35_39,1,male,age_35_39_male,15699
1993-10-01,1993,10,age_35_39,2,female,age_35_39_female,15018
1993-10-01,1993,10,age_40_plus,1,male,age_40_plus_male,2748
1993-10-01,1993,10,age_40_plus,2,female,age_40_plus_female,2619
1993-11-01,1993,11,under_20,1,male,under_20_male,21167
1993-11-01,1993,11,under_20,2,female,under_20_female,20204
1993-11-01,1993,11,age_20_24,1,male,age_20_24_male,42419
1993-11-01,1993,11,age_20_24,2,female,age_20_24_female,40118
1993-11-01,1993,11,age_25_29,1,male,age_25_29_male,44591
1993-11-01,1993,11,age_25_29,2,female,age_25_29_female,42784
1993-11-01,1993,11,age_30_34,1,male,age_30_34_male,36241
1993-11-01,1993,11,age_30_34,2,female,age_30_34_female,34793
1993-11-01,1993,11,age_35_39,1,male,age_35_39_male,14977
1993-11-01,1993,11,age_35_39,2,female,age_35_39_female,14332
1993-11-01,1993,11,age_40_plus,1,male,age_40_plus_male,2677
1993-11-01,1993,11,age_40_plus,2,female,age_40_plus_female,2448
1993-12-01,1993,12,under_20,1,male,under_20_male,22673
1993-12-01,1993,12,under_20,2,female,under_20_female,21619
1993-12-01,1993,12,age_20_24,1,male,age_20_24_male,44432
1993-12-01,1993,12,age_20_24,2,female,age_20_24_female,42261
1993-12-01,1993,12,age_25_29,1,male,age_25_29_male,46756
1993-12-01,1993,12,age_25_29,2,female,age_25_29_female,44769
1993-12-01,1993,12,age_30_34,1,male,age_30_34_male,37416
1993-12-01,1993,12,age_30_34,2,female,age_30_34_female,36081
1993-12-01,1993,12,age_35_39,1,male,age_35_39_male,15335
1993-12-01,1993,12,age_35_39,2,female,age_35_39_female,14764
1993-12-01,1993,12,age_40_plus,1,male,age_40_plus_male,2672
1993-12-01,1993,12,age_40_plus,2,female,age_40_plus_female,2699
1994-01-01,1994,1,under_20,1,male,under_20_male,22284
1994-01-01,1994,1,under_20,2,female,under_20_female,21281
1994-01-01,1994,1,age_20_24,1,male,age_20_24_male,43030
1994-01-01,1994,1,age_20_24,2,female,age_20_24_female,41319
1994-01-01,1994,1,age_25_29,1,male,age_25_29_male,45036
1994-01-01,1994,1,age_25_29,2,female,age_25_29_female,42992
1994-01-01,1994,1,age_30_34,1,male,age_30_34_male,35941
1994-01-01,1994,1,age_30_34,2,female,age_30_34_female,34534
1994-01-01,1994,1,age_35_39,1,male,age_35_39_male,15009
1994-01-01,1994,1,age_35_39,2,female,age_35_39_female,14346
1994-01-01,1994,1,age_40_plus,1,male,age_40_plus_male,2682
1994-01-01,1994,1,age_40_plus,2,female,age_40_plus_female,2543
1994-02-01,1994,2,under_20,1,male,under_20_male,20756
1994-02-01,1994,2,under_20,2,female,under_20_female,19791
1994-02-01,1994,2,age_20_24,1,male,age_20_24_male,39634
1994-02-01,1994,2,age_20_24,2,female,age_20_24_female,37778
1994-02-01,1994,2,age_25_29,1,male,age_25_29_male,42703
1994-02-01,1994,2,age_25_29,2,female,age_25_29_female,41180
1994-02-01,1994,2,age_30_34,1,male,age_30_34_male,34668
1994-02-01,1994,2,age_30_34,2,female,age_30_34_female,32881
1994-02-01,1994,2,age_35_39,1,male,age_35_39_male,14052
1994-02-01,1994,2,age_35_39,2,female,age_35_39_female,13403
1994-02-01,1994,2,age_40_plus,1,male,age_40_plus_male,2362
1994-02-01,1994,2,age_40_plus,2,female,age_40_plus_female,2420
1994-03-01,1994,3,under_20,1,male,under_20_male,22669
1994-03-01,1994,3,under_20,2,female,under_20_female,21838
1994-03-01,1994,3,age_20_24,1,male,age_20_24_male,44110
1994-03-01,1994,3,age_20_24,2,female,age_20_24_female,41683
1994-03-01,1994,3,age_25_29,1,male,age_25_29_male,48646
1994-03-01,1994,3,age_25_29,2,female,age_25_29_female,46172
1994-03-01,1994,3,age_30_34,1,male,age_30_34_male,39912
1994-03-01,1994,3,age_30_34,2,female,age_30_34_female,37928
1994-03-01,1994,3,age_35_39,1,male,age_35_39_male,16118
1994-03-01,1994,3,age_35_39,2,female,age_35_39_female,15530
1994-03-01,1994,3,age_40_plus,1,male,age_40_plus_male,2826
1994-03-01,1994,3,age_40_plus,2,female,age_40_plus_female,2646
1994-04-01,1994,4,under_20,1,male,under_20_male,20642
1994-04-01,1994,4,under_20,2,female,under_20_female,19981
1994-04-01,1994,4,age_20_24,1,male,age_20_24_male,40269
1994-04-01,1994,4,age_20_24,2,female,age_20_24_female,38328
1994-04-01,1994,4,age_25_29,1,male,age_25_29_male,45854
1994-04-01,1994,4,age_25_29,2,female,age_25_29_female,43172
1994-04-01,1994,4,age_30_34,1,male,age_30_34_male,38530
1994-04-01,1994,4,age_30_34,2,female,age_30_34_female,36546
1994-04-01,1994,4,age_35_39,1,male,age_35_39_male,14946
1994-04-01,1994,4,age_35_39,2,female,age_35_39_female,14450
1994-04-01,1994,4,age_40_plus,1,male,age_40_plus_male,2537
1994-04-01,1994,4,age_40_plus,2,female,age_40_plus_female,2458
1994-05-01,1994,5,under_20,1,male,under_20_male,21005
1994-05-01,1994,5,under_20,2,female,under_20_female,19976
1994-05-01,1994,5,age_20_24,1,male,age_20_24_male,41861
1994-05-01,1994,5,age_20_24,2,female,age_20_24_female,39732
1994-05-01,1994,5,age_25_29,1,male,age_25_29_male,47973
1994-05-01,1994,5,age_25_29,2,female,age_25_29_female,45244
1994-05-01,1994,5,age_30_34,1,male,age_30_34_male,40409
1994-05-01,1994,5,age_30_34,2,female,age_30_34_female,37869
1994-05-01,1994,5,age_35_39,1,male,age_35_39_male,15898
1994-05-01,1994,5,age_35_39,2,female,age_35_39_female,15270
1994-05-01,1994,5,age_40_plus,1,male,age_40_plus_male,2775
1994-05-01,1994,5,age_40_plus,2,female,age_40_plus_female,2588
1994-06-01,1994,6,under_20,1,male,under_20_male,21216
1994-06-01,1994,6,under_20,2,female,under_20_female,19996
1994-06-01,1994,6,age_20_24,1,male,age_20_24_male,42604
1994-06-01,1994,6,age_20_24,2,female,age_20_24_female,40538
1994-06-01,1994,6,age_25_29,1,male,age_25_29_male,47284
1994-06-01,1994,6,age_25_29,2,female,age_25_29_female,44858
1994-06-01,1994,6,age_30_34,1,male,age_30_34_male,39729
1994-06-01,1994,6,age_30_34,2,female,age_30_34_female,37365
1994-06-01,1994,6,age_35_39,1,male,age_35_39_male,15953
1994-06-01,1994,6,age_35_39,2,female,age_35_39_female,15165
1994-06-01,1994,6,age_40_plus,1,male,age_40_plus_male,2724
1994-06-01,1994,6,age_40_plus,2,female,age_40_plus_female,2654
1994-07-01,1994,7,under_20,1,male,under_20_male,23450
1994-07-01,1994,7,under_20,2,female,under_20_female,22109
1994-07-01,1994,7,age_20_24,1,male,age_20_24_male,45351
1994-07-01,1994,7,age_20_24,2,female,age_20_24_female,42760
1994-07-01,1994,7,age_25_29,1,male,age_25_29_male,48621
1994-07-01,1994,7,age_25_29,2,female,age_25_29_female,46326
1994-07-01,1994,7,age_30_34,1,male,age_30_34_male,40670
1994-07-01,1994,7,age_30_34,2,female,age_30_34_female,38866
1994-07-01,1994,7,age_35_39,1,male,age_35_39_male,16464
1994-07-01,1994,7,age_35_39,2,female,age_35_39_female,15907
1994-07-01,1994,7,age_40_plus,1,male,age_40_plus_male,3023
1994-07-01,1994,7,age_40_plus,2,female,age_40_plus_female,2678
1994-08-01,1994,8,under_20,1,male,under_20_male,23940
1994-08-01,1994,8,under_20,2,female,under_20_female,22778
1994-08-01,1994,8,age_20_24,1,male,age_20_24_male,46037
1994-08-01,1994,8,age_20_24,2,female,age_20_24_female,43565
1994-08-01,1994,8,age_25_29,1,male,age_25_29_male,49230
1994-08-01,1994,8,age_25_29,2,female,age_25_29_female,47134
1994-08-01,1994,8,age_30_34,1,male,age_30_34_male,41078
1994-08-01,1994,8,age_30_34,2,female,age_30_34_female,39602
1994-08-01,1994,8,age_35_39,1,male,age_35_39_male,16837
1994-08-01,1994,8,age_35_39,2,female,age_35_39_female,16378
1994-08-01,1994,8,age_40_plus,1,male,age_40_plus_male,3075
1994-08-01,1994,8,age_40_plus,2,female,age_40_plus_female,2926
1994-09-01,1994,9,under_20,1,male,under_20_male,22756
1994-09-01,1994,9,under_20,2,female,under_20_female,21763
1994-09-01,1994,9,age_20_24,1,male,age_20_24_male,43740
1994-09-01,1994,9,age_20_24,2,female,age_20_24_female,42198
1994-09-01,1994,9,age_25_29,1,male,age_25_29_male,47645
1994-09-01,1994,9,age_25_29,2,female,age_25_29_female,45302
1994-09-01,1994,9,age_30_34,1,male,age_30_34_male,40126
1994-09-01,1994,9,age_30_34,2,female,age_30_34_female,38139
1994-09-01,1994,9,age_35_39,1,male,age_35_39_male,16363
1994-09-01,1994,9,age_35_39,2,female,age_35_39_female,15818
1994-09-01,1994,9,age_40_plus,1,male,age_40_plus_male,2970
1994-09-01,1994,9,age_40_plus,2,female,age_40_plus_female,2800
1994-10-01,1994,10,under_20,1,male,under_20_male,22135
1994-10-01,1994,10,under_20,2,female,under_20_female,21339
1994-10-01,1994,10,age_20_24,1,male,age_20_24_male,42321
1994-10-01,1994,10,age_20_24,2,female,age_20_24_female,41159
1994-10-01,1994,10,age_25_29,1,male,age_25_29_male,45902
1994-10-01,1994,10,age_25_29,2,female,age_25_29_female,43978
1994-10-01,1994,10,age_30_34,1,male,age_30_34_male,38689
1994-10-01,1994,10,age_30_34,2,female,age_30_34_female,37399
1994-10-01,1994,10,age_35_39,1,male,age_35_39_male,16295
1994-10-01,1994,10,age_35_39,2,female,age_35_39_female,15448
1994-10-01,1994,10,age_40_plus,1,male,age_40_plus_male,3014
1994-10-01,1994,10,age_40_plus,2,female,age_40_plus_female,2862
1994-11-01,1994,11,under_20,1,male,under_20_male,21820
1994-11-01,1994,11,under_20,2,female,under_20_female,20800
1994-11-01,1994,11,age_20_24,1,male,age_20_24_male,41278
1994-11-01,1994,11,age_20_24,2,female,age_20_24_female,39647
1994-11-01,1994,11,age_25_29,1,male,age_25_29_male,43983
1994-11-01,1994,11,age_25_29,2,female,age_25_29_female,42400
1994-11-01,1994,11,age_30_34,1,male,age_30_34_male,37375
1994-11-01,1994,11,age_30_34,2,female,age_30_34_female,35707
1994-11-01,1994,11,age_35_39,1,male,age_35_39_male,15877
1994-11-01,1994,11,age_35_39,2,female,age_35_39_female,15112
1994-11-01,1994,11,age_40_plus,1,male,age_40_plus_male,2919
1994-11-01,1994,11,age_40_plus,2,female,age_40_plus_female,2848
1994-12-01,1994,12,under_20,1,male,under_20_male,22661
1994-12-01,1994,12,under_20,2,female,under_20_female,21705
1994-12-01,1994,12,age_20_24,1,male,age_20_24_male,42734
1994-12-01,1994,12,age_20_24,2,female,age_20_24_female,40738
1994-12-01,1994,12,age_25_29,1,male,age_25_29_male,45311
1994-12-01,1994,12,age_25_29,2,female,age_25_29_female,43258
1994-12-01,1994,12,age_30_34,1,male,age_30_34_male,37444
1994-12-01,1994,12,age_30_34,2,female,age_30_34_female,36113
1994-12-01,1994,12,age_35_39,1,male,age_35_39_male,15973
1994-12-01,1994,12,age_35_39,2,female,age_35_39_female,15411
1994-12-01,1994,12,age_40_plus,1,male,age_40_plus_male,2937
1994-12-01,1994,12,age_40_plus,2,female,age_40_plus_female,2806
1995-01-01,1995,1,under_20,1,male,under_20_male,22383
1995-01-01,1995,1,under_20,2,female,under_20_female,21303
1995-01-01,1995,1,age_20_24,1,male,age_20_24_male,41316
1995-01-01,1995,1,age_20_24,2,female,age_20_24_female,39532
1995-01-01,1995,1,age_25_29,1,male,age_25_29_male,43492
1995-01-01,1995,1,age_25_29,2,female,age_25_29_female,41376
1995-01-01,1995,1,age_30_34,1,male,age_30_34_male,36188
1995-01-01,1995,1,age_30_34,2,female,age_30_34_female,34668
1995-01-01,1995,1,age_35_39,1,male,age_35_39_male,15520
1995-01-01,1995,1,age_35_39,2,female,age_35_39_female,14884
1995-01-01,1995,1,age_40_plus,1,male,age_40_plus_male,2850
1995-01-01,1995,1,age_40_plus,2,female,age_40_plus_female,2775
1995-02-01,1995,2,under_20,1,male,under_20_male,20354
1995-02-01,1995,2,under_20,2,female,under_20_female,19512
1995-02-01,1995,2,age_20_24,1,male,age_20_24_male,37930
1995-02-01,1995,2,age_20_24,2,female,age_20_24_female,36210
1995-02-01,1995,2,age_25_29,1,male,age_25_29_male,41144
1995-02-01,1995,2,age_25_29,2,female,age_25_29_female,39348
1995-02-01,1995,2,age_30_34,1,male,age_30_34_male,34445
1995-02-01,1995,2,age_30_34,2,female,age_30_34_female,32999
1995-02-01,1995,2,age_35_39,1,male,age_35_39_male,14412
1995-02-01,1995,2,age_35_39,2,female,age_35_39_female,13906
1995-02-01,1995,2,age_40_plus,1,male,age_40_plus_male,2594
1995-02-01,1995,2,age_40_plus,2,female,age_40_plus_female,2510
1995-03-01,1995,3,under_20,1,male,under_20_male,22356
1995-03-01,1995,3,under_20,2,female,under_20_female,21051
1995-03-01,1995,3,age_20_24,1,male,age_20_24_male,41281
1995-03-01,1995,3,age_20_24,2,female,age_20_24_female,39285
1995-03-01,1995,3,age_25_29,1,male,age_25_29_male,46608
1995-03-01,1995,3,age_25_29,2,female,age_25_29_female,44087
1995-03-01,1995,3,age_30_34,1,male,age_30_34_male,39288
1995-03-01,1995,3,age_30_34,2,female,age_30_34_female,37289
1995-03-01,1995,3,age_35_39,1,male,age_35_39_male,16170
1995-03-01,1995,3,age_35_39,2,female,age_35_39_female,15582
1995-03-01,1995,3,age_40_plus,1,male,age_40_plus_male,2975
1995-03-01,1995,3,age_40_plus,2,female,age_40_plus_female,2802
1995-04-01,1995,4,under_20,1,male,under_20_male,20517
1995-04-01,1995,4,under_20,2,female,under_20_female,19541
1995-04-01,1995,4,age_20_24,1,male,age_20_24_male,38251
1995-04-01,1995,4,age_20_24,2,female,age_20_24_female,36288
1995-04-01,1995,4,age_25_29,1,male,age_25_29_male,43748
1995-04-01,1995,4,age_25_29,2,female,age_25_29_female,42038
1995-04-01,1995,4,age_30_34,1,male,age_30_34_male,37823
1995-04-01,1995,4,age_30_34,2,female,age_30_34_female,35782
1995-04-01,1995,4,age_35_39,1,male,age_35_39_male,15348
1995-04-01,1995,4,age_35_39,2,female,age_35_39_female,14729
1995-04-01,1995,4,age_40_plus,1,male,age_40_plus_male,2760
1995-04-01,1995,4,age_40_plus,2,female,age_40_plus_female,2536
1995-05-01,1995,5,under_20,1,male,under_20_male,21519
1995-05-01,1995,5,under_20,2,female,under_20_female,20339
1995-05-01,1995,5,age_20_24,1,male,age_20_24_male,41619
1995-05-01,1995,5,age_20_24,2,female,age_20_24_female,39424
1995-05-01,1995,5,age_25_29,1,male,age_25_29_male,47610
1995-05-01,1995,5,age_25_29,2,female,age_25_29_female,45045
1995-05-01,1995,5,age_30_34,1,male,age_30_34_male,41554
1995-05-01,1995,5,age_30_34,2,female,age_30_34_female,38897
1995-05-01,1995,5,age_35_39,1,male,age_35_39_male,16997
1995-05-01,1995,5,age_35_39,2,female,age_35_39_female,16178
1995-05-01,1995,5,age_40_plus,1,male,age_40_plus_male,2936
1995-05-01,1995,5,age_40_plus,2,female,age_40_plus_female,2718
1995-06-01,1995,6,under_20,1,male,under_20_male,21378
1995-06-01,1995,6,under_20,2,female,under_20_female,20240
1995-06-01,1995,6,age_20_24,1,male,age_20_24_male,41767
1995-06-01,1995,6,age_20_24,2,female,age_20_24_female,39421
1995-06-01,1995,6,age_25_29,1,male,age_25_29_male,46613
1995-06-01,1995,6,age_25_29,2,female,age_25_29_female,44105
1995-06-01,1995,6,age_30_34,1,male,age_30_34_male,40203
1995-06-01,1995,6,age_30_34,2,female,age_30_34_female,38086
1995-06-01,1995,6,age_35_39,1,male,age_35_39_male,16665
1995-06-01,1995,6,age_35_39,2,female,age_35_39_female,15784
1995-06-01,1995,6,age_40_plus,1,male,age_40_plus_male,2931
1995-06-01,1995,6,age_40_plus,2,female,age_40_plus_female,2891
1995-07-01,1995,7,under_20,1,male,under_20_male,22869
1995-07-01,1995,7,under_20,2,female,under_20_female,21841
1995-07-01,1995,7,age_20_24,1,male,age_20_24_male,43356
1995-07-01,1995,7,age_20_24,2,female,age_20_24_female,41668
1995-07-01,1995,7,age_25_29,1,male,age_25_29_male,47651
1995-07-01,1995,7,age_25_29,2,female,age_25_29_female,45437
1995-07-01,1995,7,age_30_34,1,male,age_30_34_male,40385
1995-07-01,1995,7,age_30_34,2,female,age_30_34_female,38733
1995-07-01,1995,7,age_35_39,1,male,age_35_39_male,17071
1995-07-01,1995,7,age_35_39,2,female,age_35_39_female,16239
1995-07-01,1995,7,age_40_plus,1,male,age_40_plus_male,3034
1995-07-01,1995,7,age_40_plus,2,female,age_40_plus_female,2896
1995-08-01,1995,8,under_20,1,male,under_20_male,23878
1995-08-01,1995,8,under_20,2,female,under_20_female,22355
1995-08-01,1995,8,age_20_24,1,male,age_20_24_male,45060
1995-08-01,1995,8,age_20_24,2,female,age_20_24_female,42787
1995-08-01,1995,8,age_25_29,1,male,age_25_29_male,48779
1995-08-01,1995,8,age_25_29,2,female,age_25_29_female,46700
1995-08-01,1995,8,age_30_34,1,male,age_30_34_male,41257
1995-08-01,1995,8,age_30_34,2,female,age_30_34_female,39334
1995-08-01,1995,8,age_35_39,1,male,age_35_39_male,17588
1995-08-01,1995,8,age_35_39,2,female,age_35_39_female,16919
1995-08-01,1995,8,age_40_plus,1,male,age_40_plus_male,3302
1995-08-01,1995,8,age_40_plus,2,female,age_40_plus_female,3063
1995-09-01,1995,9,under_20,1,male,under_20_male,22865
1995-09-01,1995,9,under_20,2,female,under_20_female,21417
1995-09-01,1995,9,age_20_24,1,male,age_20_24_male,43453
1995-09-01,1995,9,age_20_24,2,female,age_20_24_female,40929
1995-09-01,1995,9,age_25_29,1,male,age_25_29_male,46828
1995-09-01,1995,9,age_25_29,2,female,age_25_29_female,45601
1995-09-01,1995,9,age_30_34,1,male,age_30_34_male,40186
1995-09-01,1995,9,age_30_34,2,female,age_30_34_female,38259
1995-09-01,1995,9,age_35_39,1,male,age_35_39_male,17286
1995-09-01,1995,9,age_35_39,2,female,age_35_39_female,16400
1995-09-01,1995,9,age_40_plus,1,male,age_40_plus_male,3128
1995-09-01,1995,9,age_40_plus,2,female,age_40_plus_female,3055
1995-10-01,1995,10,under_20,1,male,under_20_male,22005
1995-10-01,1995,10,under_20,2,female,under_20_female,21163
1995-10-01,1995,10,age_20_24,1,male,age_20_24_male,41629
1995-10-01,1995,10,age_20_24,2,female,age_20_24_female,39960
1995-10-01,1995,10,age_25_29,1,male,age_25_29_male,45704
1995-10-01,1995,10,age_25_29,2,female,age_25_29_female,43624
1995-10-01,1995,10,age_30_34,1,male,age_30_34_male,38948
1995-10-01,1995,10,age_30_34,2,female,age_30_34_female,37710
1995-10-01,1995,10,age_35_39,1,male,age_35_39_male,16845
1995-10-01,1995,10,age_35_39,2,female,age_35_39_female,16497
1995-10-01,1995,10,age_40_plus,1,male,age_40_plus_male,3172
1995-10-01,1995,10,age_40_plus,2,female,age_40_plus_female,3054
1995-11-01,1995,11,under_20,1,male,under_20_male,20922
1995-11-01,1995,11,under_20,2,female,under_20_female,19882
1995-11-01,1995,11,age_20_24,1,male,age_20_24_male,39262
1995-11-01,1995,11,age_20_24,2,female,age_20_24_female,37387
1995-11-01,1995,11,age_25_29,1,male,age_25_29_male,42871
1995-11-01,1995,11,age_25_29,2,female,age_25_29_female,41215
1995-11-01,1995,11,age_30_34,1,male,age_30_34_male,36908
1995-11-01,1995,11,age_30_34,2,female,age_30_34_female,35105
1995-11-01,1995,11,age_35_39,1,male,age_35_39_male,16116
1995-11-01,1995,11,age_35_39,2,female,age_35_39_female,15403
1995-11-01,1995,11,age_40_plus,1,male,age_40_plus_male,3102
1995-11-01,1995,11,age_40_plus,2,female,age_40_plus_female,2957
1995-12-01,1995,12,under_20,1,male,under_20_male,21740
1995-12-01,1995,12,under_20,2,female,under_20_female,20931
1995-12-01,1995,12,age_20_24,1,male,age_20_24_male,40135
1995-12-01,1995,12,age_20_24,2,female,age_20_24_female,38371
1995-12-01,1995,12,age_25_29,1,male,age_25_29_male,43532
1995-12-01,1995,12,age_25_29,2,female,age_25_29_female,41493
1995-12-01,1995,12,age_30_34,1,male,age_30_34_male,36528
1995-12-01,1995,12,age_30_34,2,female,age_30_34_female,34949
1995-12-01,1995,12,age_35_39,1,male,age_35_39_male,16170
1995-12-01,1995,12,age_35_39,2,female,age_35_39_female,15411
1995-12-01,1995,12,age_40_plus,1,male,age_40_plus_male,3031
1995-12-01,1995,12,age_40_plus,2,female,age_40_plus_female,2965
1996-01-01,1996,1,under_20,1,male,under_20_male,21926
1996-01-01,1996,1,under_20,2,female,under_20_female,20872
1996-01-01,1996,1,age_20_24,1,male,age_20_24_male,39988
1996-01-01,1996,1,age_20_24,2,female,age_20_24_female,38531
1996-01-01,1996,1,age_25_29,1,male,age_25_29_male,43768
1996-01-01,1996,1,age_25_29,2,female,age_25_29_female,41367
1996-01-01,1996,1,age_30_34,1,male,age_30_34_male,36231
1996-01-01,1996,1,age_30_34,2,female,age_30_34_female,34507
1996-01-01,1996,1,age_35_39,1,male,age_35_39_male,16017
1996-01-01,1996,1,age_35_39,2,female,age_35_39_female,15285
1996-01-01,1996,1,age_40_plus,1,male,age_40_plus_male,3077
1996-01-01,1996,1,age_40_plus,2,female,age_40_plus_female,3002
1996-02-01,1996,2,under_20,1,male,under_20_male,20416
1996-02-01,1996,2,under_20,2,female,under_20_female,19485
1996-02-01,1996,2,age_20_24,1,male,age_20_24_male,37890
1996-02-01,1996,2,age_20_24,2,female,age_20_24_female,36292
1996-02-01,1996,2,age_25_29,1,male,age_25_29_male,42263
1996-02-01,1996,2,age_25_29,2,female,age_25_29_female,40539
1996-02-01,1996,2,age_30_34,1,male,age_30_34_male,35615
1996-02-01,1996,2,age_30_34,2,female,age_30_34_female,33459
1996-02-01,1996,2,age_35_39,1,male,age_35_39_male,15562
1996-02-01,1996,2,age_35_39,2,female,age_35_39_female,14684
1996-02-01,1996,2,age_40_plus,1,male,age_40_plus_male,2937
1996-02-01,1996,2,age_40_plus,2,female,age_40_plus_female,2877
1996-03-01,1996,3,under_20,1,male,under_20_male,21755
1996-03-01,1996,3,under_20,2,female,under_20_female,20656
1996-03-01,1996,3,age_20_24,1,male,age_20_24_male,39361
1996-03-01,1996,3,age_20_24,2,female,age_20_24_female,37970
1996-03-01,1996,3,age_25_29,1,male,age_25_29_male,45805
1996-03-01,1996,3,age_25_29,2,female,age_25_29_female,43620
1996-03-01,1996,3,age_30_34,1,male,age_30_34_male,38631
1996-03-01,1996,3,age_30_34,2,female,age_30_34_female,36550
1996-03-01,1996,3,age_35_39,1,male,age_35_39_male,16710
1996-03-01,1996,3,age_35_39,2,female,age_35_39_female,15752
1996-03-01,1996,3,age_40_plus,1,male,age_40_plus_male,3049
1996-03-01,1996,3,age_40_plus,2,female,age_40_plus_female,2988
1996-04-01,1996,4,under_20,1,male,under_20_male,20245
1996-04-01,1996,4,under_20,2,female,under_20_female,19181
1996-04-01,1996,4,age_20_24,1,male,age_20_24_male,38197
1996-04-01,1996,4,age_20_24,2,female,age_20_24_female,36041
1996-04-01,1996,4,age_25_29,1,male,age_25_29_male,44869
1996-04-01,1996,4,age_25_29,2,female,age_25_29_female,42806
1996-04-01,1996,4,age_30_34,1,male,age_30_34_male,37851
1996-04-01,1996,4,age_30_34,2,female,age_30_34_female,36287
1996-04-01,1996,4,age_35_39,1,male,age_35_39_male,16118
1996-04-01,1996,4,age_35_39,2,female,age_35_39_female,15605
1996-04-01,1996,4,age_40_plus,1,male,age_40_plus_male,2976
1996-04-01,1996,4,age_40_plus,2,female,age_40_plus_female,2704
1996-05-01,1996,5,under_20,1,male,under_20_male,20478
1996-05-01,1996,5,under_20,2,female,under_20_female,19532
1996-05-01,1996,5,age_20_24,1,male,age_20_24_male,39435
1996-05-01,1996,5,age_20_24,2,female,age_20_24_female,37256
1996-05-01,1996,5,age_25_29,1,male,age_25_29_male,46782
1996-05-01,1996,5,age_25_29,2,female,age_25_29_female,44476
1996-05-01,1996,5,age_30_34,1,male,age_30_34_male,40075
1996-05-01,1996,5,age_30_34,2,female,age_30_34_female,38290
1996-05-01,1996,5,age_35_39,1,male,age_35_39_male,17283
1996-05-01,1996,5,age_35_39,2,female,age_35_39_female,16406
1996-05-01,1996,5,age_40_plus,1,male,age_40_plus_male,2967
1996-05-01,1996,5,age_40_plus,2,female,age_40_plus_female,3023
1996-06-01,1996,6,under_20,1,male,under_20_male,20466
1996-06-01,1996,6,under_20,2,female,under_20_female,19531
1996-06-01,1996,6,age_20_24,1,male,age_20_24_male,39459
1996-06-01,1996,6,age_20_24,2,female,age_20_24_female,37539
1996-06-01,1996,6,age_25_29,1,male,age_25_29_male,45297
1996-06-01,1996,6,age_25_29,2,female,age_25_29_female,43037
1996-06-01,1996,6,age_30_34,1,male,age_30_34_male,38395
1996-06-01,1996,6,age_30_34,2,female,age_30_34_female,36704
1996-06-01,1996,6,age_35_39,1,male,age_35_39_male,16619
1996-06-01,1996,6,age_35_39,2,female,age_35_39_female,15840
1996-06-01,1996,6,age_40_plus,1,male,age_40_plus_male,3031
1996-06-01,1996,6,age_40_plus,2,female,age_40_plus_female,2851
1996-07-01,1996,7,under_20,1,male,under_20_male,22877
1996-07-01,1996,7,under_20,2,female,under_20_female,21463
1996-07-01,1996,7,age_20_24,1,male,age_20_24_male,42920
1996-07-01,1996,7,age_20_24,2,female,age_20_24_female,41227
1996-07-01,1996,7,age_25_29,1,male,age_25_29_male,48845
1996-07-01,1996,7,age_25_29,2,female,age_25_29_female,46566
1996-07-01,1996,7,age_30_34,1,male,age_30_34_male,40782
1996-07-01,1996,7,age_30_34,2,female,age_30_34_female,38855
1996-07-01,1996,7,age_35_39,1,male,age_35_39_male,18301
1996-07-01,1996,7,age_35_39,2,female,age_35_39_female,17164
1996-07-01,1996,7,age_40_plus,1,male,age_40_plus_male,3318
1996-07-01,1996,7,age_40_plus,2,female,age_40_plus_female,3148
1996-08-01,1996,8,under_20,1,male,under_20_male,22986
1996-08-01,1996,8,under_20,2,female,under_20_female,22021
1996-08-01,1996,8,age_20_24,1,male,age_20_24_male,43763
1996-08-01,1996,8,age_20_24,2,female,age_20_24_female,41270
1996-08-01,1996,8,age_25_29,1,male,age_25_29_male,48855
1996-08-01,1996,8,age_25_29,2,female,age_25_29_female,46705
1996-08-01,1996,8,age_30_34,1,male,age_30_34_male,40345
1996-08-01,1996,8,age_30_34,2,female,age_30_34_female,38629
1996-08-01,1996,8,age_35_39,1,male,age_35_39_male,18130
1996-08-01,1996,8,age_35_39,2,female,age_35_39_female,17351
1996-08-01,1996,8,age_40_plus,1,male,age_40_plus_male,3314
1996-08-01,1996,8,age_40_plus,2,female,age_40_plus_female,3261
1996-09-01,1996,9,under_20,1,male,under_20_male,21842
1996-09-01,1996,9,under_20,2,female,under_20_female,21278
1996-09-01,1996,9,age_20_24,1,male,age_20_24_male,42019
1996-09-01,1996,9,age_20_24,2,female,age_20_24_female,40534
1996-09-01,1996,9,age_25_29,1,male,age_25_29_male,47311
1996-09-01,1996,9,age_25_29,2,female,age_25_29_female,45454
1996-09-01,1996,9,age_30_34,1,male,age_30_34_male,39188
1996-09-01,1996,9,age_30_34,2,female,age_30_34_female,37985
1996-09-01,1996,9,age_35_39,1,male,age_35_39_male,17620
1996-09-01,1996,9,age_35_39,2,female,age_35_39_female,16889
1996-09-01,1996,9,age_40_plus,1,male,age_40_plus_male,3319
1996-09-01,1996,9,age_40_plus,2,female,age_40_plus_female,3198
1996-10-01,1996,10,under_20,1,male,under_20_male,22044
1996-10-01,1996,10,under_20,2,female,under_20_female,20867
1996-10-01,1996,10,age_20_24,1,male,age_20_24_male,41499
1996-10-01,1996,10,age_20_24,2,female,age_20_24_female,40037
1996-10-01,1996,10,age_25_29,1,male,age_25_29_male,46892
1996-10-01,1996,10,age_25_29,2,female,age_25_29_female,45154
1996-10-01,1996,10,age_30_34,1,male,age_30_34_male,39721
1996-10-01,1996,10,age_30_34,2,female,age_30_34_female,38044
1996-10-01,1996,10,age_35_39,1,male,age_35_39_male,18144
1996-10-01,1996,10,age_35_39,2,female,age_35_39_female,17535
1996-10-01,1996,10,age_40_plus,1,male,age_40_plus_male,3417
1996-10-01,1996,10,age_40_plus,2,female,age_40_plus_female,3302
1996-11-01,1996,11,under_20,1,male,under_20_male,20720
1996-11-01,1996,11,under_20,2,female,under_20_female,19462
1996-11-01,1996,11,age_20_24,1,male,age_20_24_male,38542
1996-11-01,1996,11,age_20_24,2,female,age_20_24_female,36775
1996-11-01,1996,11,age_25_29,1,male,age_25_29_male,42570
1996-11-01,1996,11,age_25_29,2,female,age_25_29_female,41443
1996-11-01,1996,11,age_30_34,1,male,age_30_34_male,35982
1996-11-01,1996,11,age_30_34,2,female,age_30_34_female,34712
1996-11-01,1996,11,age_35_39,1,male,age_35_39_male,16910
1996-11-01,1996,11,age_35_39,2,female,age_35_39_female,16014
1996-11-01,1996,11,age_40_plus,1,male,age_40_plus_male,3334
1996-11-01,1996,11,age_40_plus,2,female,age_40_plus_female,3215
1996-12-01,1996,12,under_20,1,male,under_20_male,21866
1996-12-01,1996,12,under_20,2,female,under_20_female,20993
1996-12-01,1996,12,age_20_24,1,male,age_20_24_male,40672
1996-12-01,1996,12,age_20_24,2,female,age_20_24_female,38685
1996-12-01,1996,12,age_25_29,1,male,age_25_29_male,44936
1996-12-01,1996,12,age_25_29,2,female,age_25_29_female,42999
1996-12-01,1996,12,age_30_34,1,male,age_30_34_male,36871
1996-12-01,1996,12,age_30_34,2,female,age_30_34_female,35152
1996-12-01,1996,12,age_35_39,1,male,age_35_39_male,17414
1996-12-01,1996,12,age_35_39,2,female,age_35_39_female,16521
1996-12-01,1996,12,age_40_plus,1,male,age_40_plus_male,3397
1996-12-01,1996,12,age_40_plus,2,female,age_40_plus_female,3211
1997-01-01,1997,1,under_20,1,male,under_20_male,21753
1997-01-01,1997,1,under_20,2,female,under_20_female,20842
1997-01-01,1997,1,age_20_24,1,male,age_20_24_male,39964
1997-01-01,1997,1,age_20_24,2,female,age_20_24_female,38133
1997-01-01,1997,1,age_25_29,1,male,age_25_29_male,44313
1997-01-01,1997,1,age_25_29,2,female,age_25_29_female,42311
1997-01-01,1997,1,age_30_34,1,male,age_30_34_male,36069
1997-01-01,1997,1,age_30_34,2,female,age_30_34_female,34480
1997-01-01,1997,1,age_35_39,1,male,age_35_39_male,16594
1997-01-01,1997,1,age_35_39,2,female,age_35_39_female,16355
1997-01-01,1997,1,age_40_plus,1,male,age_40_plus_male,3398
1997-01-01,1997,1,age_40_plus,2,female,age_40_plus_female,3287
1997-02-01,1997,2,under_20,1,male,under_20_male,19613
1997-02-01,1997,2,under_20,2,female,under_20_female,18629
1997-02-01,1997,2,age_20_24,1,male,age_20_24_male,36083
1997-02-01,1997,2,age_20_24,2,female,age_20_24_female,34482
1997-02-01,1997,2,age_25_29,1,male,age_25_29_male,40997
1997-02-01,1997,2,age_25_29,2,female,age_25_29_female,39158
1997-02-01,1997,2,age_30_34,1,male,age_30_34_male,34281
1997-02-01,1997,2,age_30_34,2,female,age_30_34_female,32206
1997-02-01,1997,2,age_35_39,1,male,age_35_39_male,15559
1997-02-01,1997,2,age_35_39,2,female,age_35_39_female,14975
1997-02-01,1997,2,age_40_plus,1,male,age_40_plus_male,3003
1997-02-01,1997,2,age_40_plus,2,female,age_40_plus_female,2809
1997-03-01,1997,3,under_20,1,male,under_20_male,21082
1997-03-01,1997,3,under_20,2,female,under_20_female,20107
1997-03-01,1997,3,age_20_24,1,male,age_20_24_male,38799
1997-03-01,1997,3,age_20_24,2,female,age_20_24_female,37558
1997-03-01,1997,3,age_25_29,1,male,age_25_29_male,45828
1997-03-01,1997,3,age_25_29,2,female,age_25_29_female,43772
1997-03-01,1997,3,age_30_34,1,male,age_30_34_male,38129
1997-03-01,1997,3,age_30_34,2,female,age_30_34_female,36351
1997-03-01,1997,3,age_35_39,1,male,age_35_39_male,16953
1997-03-01,1997,3,age_35_39,2,female,age_35_39_female,16381
1997-03-01,1997,3,age_40_plus,1,male,age_40_plus_male,3357
1997-03-01,1997,3,age_40_plus,2,female,age_40_plus_female,3166
1997-04-01,1997,4,under_20,1,male,under_20_male,20094
1997-04-01,1997,4,under_20,2,female,under_20_female,19349
1997-04-01,1997,4,age_20_24,1,male,age_20_24_male,37910
1997-04-01,1997,4,age_20_24,2,female,age_20_24_female,36174
1997-04-01,1997,4,age_25_29,1,male,age_25_29_male,45181
1997-04-01,1997,4,age_25_29,2,female,age_25_29_female,43131
1997-04-01,1997,4,age_30_34,1,male,age_30_34_male,37800
1997-04-01,1997,4,age_30_34,2,female,age_30_34_female,35613
1997-04-01,1997,4,age_35_39,1,male,age_35_39_male,16860
1997-04-01,1997,4,age_35_39,2,female,age_35_39_female,16244
1997-04-01,1997,4,age_40_plus,1,male,age_40_plus_male,3090
1997-04-01,1997,4,age_40_plus,2,female,age_40_plus_female,3013
1997-05-01,1997,5,under_20,1,male,under_20_male,20427
1997-05-01,1997,5,under_20,2,female,under_20_female,19506
1997-05-01,1997,5,age_20_24,1,male,age_20_24_male,39993
1997-05-01,1997,5,age_20_24,2,female,age_20_24_female,37905
1997-05-01,1997,5,age_25_29,1,male,age_25_29_male,47479
1997-05-01,1997,5,age_25_29,2,female,age_25_29_female,45053
1997-05-01,1997,5,age_30_34,1,male,age_30_34_male,40273
1997-05-01,1997,5,age_30_34,2,female,age_30_34_female,38416
1997-05-01,1997,5,age_35_39,1,male,age_35_39_male,17772
1997-05-01,1997,5,age_35_39,2,female,age_35_39_female,17203
1997-05-01,1997,5,age_40_plus,1,male,age_40_plus_male,3352
1997-05-01,1997,5,age_40_plus,2,female,age_40_plus_female,3221
1997-06-01,1997,6,under_20,1,male,under_20_male,20286
1997-06-01,1997,6,under_20,2,female,under_20_female,19081
1997-06-01,1997,6,age_20_24,1,male,age_20_24_male,39866
1997-06-01,1997,6,age_20_24,2,female,age_20_24_female,37927
1997-06-01,1997,6,age_25_29,1,male,age_25_29_male,46259
1997-06-01,1997,6,age_25_29,2,female,age_25_29_female,43550
1997-06-01,1997,6,age_30_34,1,male,age_30_34_male,38472
1997-06-01,1997,6,age_30_34,2,female,age_30_34_female,36513
1997-06-01,1997,6,age_35_39,1,male,age_35_39_male,17308
1997-06-01,1997,6,age_35_39,2,female,age_35_39_female,16483
1997-06-01,1997,6,age_40_plus,1,male,age_40_plus_male,3244
1997-06-01,1997,6,age_40_plus,2,female,age_40_plus_female,3180
1997-07-01,1997,7,under_20,1,male,under_20_male,22386
1997-07-01,1997,7,under_20,2,female,under_20_female,21001
1997-07-01,1997,7,age_20_24,1,male,age_20_24_male,42906
1997-07-01,1997,7,age_20_24,2,female,age_20_24_female,41345
1997-07-01,1997,7,age_25_29,1,male,age_25_29_male,49068
1997-07-01,1997,7,age_25_29,2,female,age_25_29_female,46922
1997-07-01,1997,7,age_30_34,1,male,age_30_34_male,40666
1997-07-01,1997,7,age_30_34,2,female,age_30_34_female,38744
1997-07-01,1997,7,age_35_39,1,male,age_35_39_male,18778
1997-07-01,1997,7,age_35_39,2,female,age_35_39_female,18011
1997-07-01,1997,7,age_40_plus,1,male,age_40_plus_male,3619
1997-07-01,1997,7,age_40_plus,2,female,age_40_plus_female,3368
1997-08-01,1997,8,under_20,1,male,under_20_male,21970
1997-08-01,1997,8,under_20,2,female,under_20_female,21098
1997-08-01,1997,8,age_20_24,1,male,age_20_24_male,42631
1997-08-01,1997,8,age_20_24,2,female,age_20_24_female,40401
1997-08-01,1997,8,age_25_29,1,male,age_25_29_male,47528
1997-08-01,1997,8,age_25_29,2,female,age_25_29_female,45819
1997-08-01,1997,8,age_30_34,1,male,age_30_34_male,39590
1997-08-01,1997,8,age_30_34,2,female,age_30_34_female,37575
1997-08-01,1997,8,age_35_39,1,male,age_35_39_male,18253
1997-08-01,1997,8,age_35_39,2,female,age_35_39_female,17578
1997-08-01,1997,8,age_40_plus,1,male,age_40_plus_male,3556
1997-08-01,1997,8,age_40_plus,2,female,age_40_plus_female,3457
1997-09-01,1997,9,under_20,1,male,under_20_male,21602
1997-09-01,1997,9,under_20,2,female,under_20_female,20536
1997-09-01,1997,9,age_20_24,1,male,age_20_24_male,41652
1997-09-01,1997,9,age_20_24,2,female,age_20_24_female,39915
1997-09-01,1997,9,age_25_29,1,male,age_25_29_male,46845
1997-09-01,1997,9,age_25_29,2,female,age_25_29_female,44730
1997-09-01,1997,9,age_30_34,1,male,age_30_34_male,39100
1997-09-01,1997,9,age_30_34,2,female,age_30_34_female,37174
1997-09-01,1997,9,age_35_39,1,male,age_35_39_male,18150
1997-09-01,1997,9,age_35_39,2,female,age_35_39_female,17314
1997-09-01,1997,9,age_40_plus,1,male,age_40_plus_male,3588
1997-09-01,1997,9,age_40_plus,2,female,age_40_plus_female,3306
1997-10-01,1997,10,under_20,1,male,under_20_male,21110
1997-10-01,1997,10,under_20,2,female,under_20_female,19859
1997-10-01,1997,10,age_20_24,1,male,age_20_24_male,41251
1997-10-01,1997,10,age_20_24,2,female,age_20_24_female,39484
1997-10-01,1997,10,age_25_29,1,male,age_25_29_male,45536
1997-10-01,1997,10,age_25_29,2,female,age_25_29_female,43877
1997-10-01,1997,10,age_30_34,1,male,age_30_34_male,38432
1997-10-01,1997,10,age_30_34,2,female,age_30_34_female,36615
1997-10-01,1997,10,age_35_39,1,male,age_35_39_male,18281
1997-10-01,1997,10,age_35_39,2,female,age_35_39_female,17381
1997-10-01,1997,10,age_40_plus,1,male,age_40_plus_male,3696
1997-10-01,1997,10,age_40_plus,2,female,age_40_plus_female,3429
1997-11-01,1997,11,under_20,1,male,under_20_male,20560
1997-11-01,1997,11,under_20,2,female,under_20_female,19505
1997-11-01,1997,11,age_20_24,1,male,age_20_24_male,38853
1997-11-01,1997,11,age_20_24,2,female,age_20_24_female,37209
1997-11-01,1997,11,age_25_29,1,male,age_25_29_male,42842
1997-11-01,1997,11,age_25_29,2,female,age_25_29_female,40755
1997-11-01,1997,11,age_30_34,1,male,age_30_34_male,35051
1997-11-01,1997,11,age_30_34,2,female,age_30_34_female,33573
1997-11-01,1997,11,age_35_39,1,male,age_35_39_male,16742
1997-11-01,1997,11,age_35_39,2,female,age_35_39_female,15918
1997-11-01,1997,11,age_40_plus,1,male,age_40_plus_male,3347
1997-11-01,1997,11,age_40_plus,2,female,age_40_plus_female,3234
1997-12-01,1997,12,under_20,1,male,under_20_male,22059
1997-12-01,1997,12,under_20,2,female,under_20_female,21160
1997-12-01,1997,12,age_20_24,1,male,age_20_24_male,41936
1997-12-01,1997,12,age_20_24,2,female,age_20_24_female,40410
1997-12-01,1997,12,age_25_29,1,male,age_25_29_male,45941
1997-12-01,1997,12,age_25_29,2,female,age_25_29_female,43628
1997-12-01,1997,12,age_30_34,1,male,age_30_34_male,37031
1997-12-01,1997,12,age_30_34,2,female,age_30_34_female,35527
1997-12-01,1997,12,age_35_39,1,male,age_35_39_male,17888
1997-12-01,1997,12,age_35_39,2,female,age_35_39_female,17113
1997-12-01,1997,12,age_40_plus,1,male,age_40_plus_male,3516
1997-12-01,1997,12,age_40_plus,2,female,age_40_plus_female,3393
1998-01-01,1998,1,under_20,1,male,under_20_male,21605
1998-01-01,1998,1,under_20,2,female,under_20_female,20494
1998-01-01,1998,1,age_20_24,1,male,age_20_24_male,40980
1998-01-01,1998,1,age_20_24,2,female,age_20_24_female,39046
1998-01-01,1998,1,age_25_29,1,male,age_25_29_male,44545
1998-01-01,1998,1,age_25_29,2,female,age_25_29_female,42238
1998-01-01,1998,1,age_30_34,1,male,age_30_34_male,35804
1998-01-01,1998,1,age_30_34,2,female,age_30_34_female,34043
1998-01-01,1998,1,age_35_39,1,male,age_35_39_male,17332
1998-01-01,1998,1,age_35_39,2,female,age_35_39_female,16444
1998-01-01,1998,1,age_40_plus,1,male,age_40_plus_male,3636
1998-01-01,1998,1,age_40_plus,2,female,age_40_plus_female,3406
1998-02-01,1998,2,under_20,1,male,under_20_male,19862
1998-02-01,1998,2,under_20,2,female,under_20_female,18847
1998-02-01,1998,2,age_20_24,1,male,age_20_24_male,37289
1998-02-01,1998,2,age_20_24,2,female,age_20_24_female,35874
1998-02-01,1998,2,age_25_29,1,male,age_25_29_male,41998
1998-02-01,1998,2,age_25_29,2,female,age_25_29_female,40372
1998-02-01,1998,2,age_30_34,1,male,age_30_34_male,33998
1998-02-01,1998,2,age_30_34,2,female,age_30_34_female,32564
1998-02-01,1998,2,age_35_39,1,male,age_35_39_male,16184
1998-02-01,1998,2,age_35_39,2,female,age_35_39_female,15556
1998-02-01,1998,2,age_40_plus,1,male,age_40_plus_male,3310
1998-02-01,1998,2,age_40_plus,2,female,age_40_plus_female,3097
1998-03-01,1998,3,under_20,1,male,under_20_male,21250
1998-03-01,1998,3,under_20,2,female,under_20_female,20181
1998-03-01,1998,3,age_20_24,1,male,age_20_24_male,40339
1998-03-01,1998,3,age_20_24,2,female,age_20_24_female,38787
1998-03-01,1998,3,age_25_29,1,male,age_25_29_male,47075
1998-03-01,1998,3,age_25_29,2,female,age_25_29_female,44735
1998-03-01,1998,3,age_30_34,1,male,age_30_34_male,38305
1998-03-01,1998,3,age_30_34,2,female,age_30_34_female,36825
1998-03-01,1998,3,age_35_39,1,male,age_35_39_male,17990
1998-03-01,1998,3,age_35_39,2,female,age_35_39_female,17340
1998-03-01,1998,3,age_40_plus,1,male,age_40_plus_male,3460
1998-03-01,1998,3,age_40_plus,2,female,age_40_plus_female,3423
1998-04-01,1998,4,under_20,1,male,under_20_male,20307
1998-04-01,1998,4,under_20,2,female,under_20_female,19208
1998-04-01,1998,4,age_20_24,1,male,age_20_24_male,38838
1998-04-01,1998,4,age_20_24,2,female,age_20_24_female,37197
1998-04-01,1998,4,age_25_29,1,male,age_25_29_male,45660
1998-04-01,1998,4,age_25_29,2,female,age_25_29_female,43858
1998-04-01,1998,4,age_30_34,1,male,age_30_34_male,38197
1998-04-01,1998,4,age_30_34,2,female,age_30_34_female,36005
1998-04-01,1998,4,age_35_39,1,male,age_35_39_male,17414
1998-04-01,1998,4,age_35_39,2,female,age_35_39_female,16651
1998-04-01,1998,4,age_40_plus,1,male,age_40_plus_male,3437
1998-04-01,1998,4,age_40_plus,2,female,age_40_plus_female,3259
1998-05-01,1998,5,under_20,1,male,under_20_male,20212
1998-05-01,1998,5,under_20,2,female,under_20_female,19372
1998-05-01,1998,5,age_20_24,1,male,age_20_24_male,40300
1998-05-01,1998,5,age_20_24,2,female,age_20_24_female,38522
1998-05-01,1998,5,age_25_29,1,male,age_25_29_male,47127
1998-05-01,1998,5,age_25_29,2,female,age_25_29_female,45078
1998-05-01,1998,5,age_30_34,1,male,age_30_34_male,39824
1998-05-01,1998,5,age_30_34,2,female,age_30_34_female,37485
1998-05-01,1998,5,age_35_39,1,male,age_35_39_male,18193
1998-05-01,1998,5,age_35_39,2,female,age_35_39_female,17750
1998-05-01,1998,5,age_40_plus,1,male,age_40_plus_male,3565
1998-05-01,1998,5,age_40_plus,2,female,age_40_plus_female,3336
1998-06-01,1998,6,under_20,1,male,under_20_male,20408
1998-06-01,1998,6,under_20,2,female,under_20_female,19100
1998-06-01,1998,6,age_20_24,1,male,age_20_24_male,40775
1998-06-01,1998,6,age_20_24,2,female,age_20_24_female,38603
1998-06-01,1998,6,age_25_29,1,male,age_25_29_male,46788
1998-06-01,1998,6,age_25_29,2,female,age_25_29_female,44028
1998-06-01,1998,6,age_30_34,1,male,age_30_34_male,38672
1998-06-01,1998,6,age_30_34,2,female,age_30_34_female,36888
1998-06-01,1998,6,age_35_39,1,male,age_35_39_male,18041
1998-06-01,1998,6,age_35_39,2,female,age_35_39_female,17261
1998-06-01,1998,6,age_40_plus,1,male,age_40_plus_male,3491
1998-06-01,1998,6,age_40_plus,2,female,age_40_plus_female,3327
1998-07-01,1998,7,under_20,1,male,under_20_male,22136
1998-07-01,1998,7,under_20,2,female,under_20_female,20911
1998-07-01,1998,7,age_20_24,1,male,age_20_24_male,43945
1998-07-01,1998,7,age_20_24,2,female,age_20_24_female,41892
1998-07-01,1998,7,age_25_29,1,male,age_25_29_male,49182
1998-07-01,1998,7,age_25_29,2,female,age_25_29_female,47004
1998-07-01,1998,7,age_30_34,1,male,age_30_34_male,40600
1998-07-01,1998,7,age_30_34,2,female,age_30_34_female,38645
1998-07-01,1998,7,age_35_39,1,male,age_35_39_male,18994
1998-07-01,1998,7,age_35_39,2,female,age_35_39_female,18303
1998-07-01,1998,7,age_40_plus,1,male,age_40_plus_male,3759
1998-07-01,1998,7,age_40_plus,2,female,age_40_plus_female,3621
1998-08-01,1998,8,under_20,1,male,under_20_male,22122
1998-08-01,1998,8,under_20,2,female,under_20_female,21421
1998-08-01,1998,8,age_20_24,1,male,age_20_24_male,43523
1998-08-01,1998,8,age_20_24,2,female,age_20_24_female,41533
1998-08-01,1998,8,age_25_29,1,male,age_25_29_male,48471
1998-08-01,1998,8,age_25_29,2,female,age_25_29_female,46099
1998-08-01,1998,8,age_30_34,1,male,age_30_34_male,39499
1998-08-01,1998,8,age_30_34,2,female,age_30_34_female,37561
1998-08-01,1998,8,age_35_39,1,male,age_35_39_male,19376
1998-08-01,1998,8,age_35_39,2,female,age_35_39_female,18039
1998-08-01,1998,8,age_40_plus,1,male,age_40_plus_male,3756
1998-08-01,1998,8,age_40_plus,2,female,age_40_plus_female,3700
1998-09-01,1998,9,under_20,1,male,under_20_male,21790
1998-09-01,1998,9,under_20,2,female,under_20_female,21094
1998-09-01,1998,9,age_20_24,1,male,age_20_24_male,43188
1998-09-01,1998,9,age_20_24,2,female,age_20_24_female,41614
1998-09-01,1998,9,age_25_29,1,male,age_25_29_male,48068
1998-09-01,1998,9,age_25_29,2,female,age_25_29_female,45987
1998-09-01,1998,9,age_30_34,1,male,age_30_34_male,39671
1998-09-01,1998,9,age_30_34,2,female,age_30_34_female,38004
1998-09-01,1998,9,age_35_39,1,male,age_35_39_male,18853
1998-09-01,1998,9,age_35_39,2,female,age_35_39_female,18195
1998-09-01,1998,9,age_40_plus,1,male,age_40_plus_male,3684
1998-09-01,1998,9,age_40_plus,2,female,age_40_plus_female,3608
1998-10-01,1998,10,under_20,1,male,under_20_male,21117
1998-10-01,1998,10,under_20,2,female,under_20_female,20259
1998-10-01,1998,10,age_20_24,1,male,age_20_24_male,41828
1998-10-01,1998,10,age_20_24,2,female,age_20_24_female,40045
1998-10-01,1998,10,age_25_29,1,male,age_25_29_male,46172
1998-10-01,1998,10,age_25_29,2,female,age_25_29_female,44426
1998-10-01,1998,10,age_30_34,1,male,age_30_34_male,38335
1998-10-01,1998,10,age_30_34,2,female,age_30_34_female,36581
1998-10-01,1998,10,age_35_39,1,male,age_35_39_male,18886
1998-10-01,1998,10,age_35_39,2,female,age_35_39_female,18016
1998-10-01,1998,10,age_40_plus,1,male,age_40_plus_male,3802
1998-10-01,1998,10,age_40_plus,2,female,age_40_plus_female,3671
1998-11-01,1998,11,under_20,1,male,under_20_male,20558
1998-11-01,1998,11,under_20,2,female,under_20_female,19457
1998-11-01,1998,11,age_20_24,1,male,age_20_24_male,39749
1998-11-01,1998,11,age_20_24,2,female,age_20_24_female,38208
1998-11-01,1998,11,age_25_29,1,male,age_25_29_male,43242
1998-11-01,1998,11,age_25_29,2,female,age_25_29_female,41792
1998-11-01,1998,11,age_30_34,1,male,age_30_34_male,35439
1998-11-01,1998,11,age_30_34,2,female,age_30_34_female,33956
1998-11-01,1998,11,age_35_39,1,male,age_35_39_male,17591
1998-11-01,1998,11,age_35_39,2,female,age_35_39_female,16617
1998-11-01,1998,11,age_40_plus,1,male,age_40_plus_male,3582
1998-11-01,1998,11,age_40_plus,2,female,age_40_plus_female,3356
1998-12-01,1998,12,under_20,1,male,under_20_male,21961
1998-12-01,1998,12,under_20,2,female,under_20_female,20950
1998-12-01,1998,12,age_20_24,1,male,age_20_24_male,42915
1998-12-01,1998,12,age_20_24,2,female,age_20_24_female,40902
1998-12-01,1998,12,age_25_29,1,male,age_25_29_male,46328
1998-12-01,1998,12,age_25_29,2,female,age_25_29_female,43889
1998-12-01,1998,12,age_30_34,1,male,age_30_34_male,37387
1998-12-01,1998,12,age_30_34,2,female,age_30_34_female,36051
1998-12-01,1998,12,age_35_39,1,male,age_35_39_male,18535
1998-12-01,1998,12,age_35_39,2,female,age_35_39_female,17725
1998-12-01,1998,12,age_40_plus,1,male,age_40_plus_male,3831
1998-12-01,1998,12,age_40_plus,2,female,age_40_plus_female,3774
1999-01-01,1999,1,under_20,1,male,under_20_male,21297
1999-01-01,1999,1,under_20,2,female,under_20_female,20262
1999-01-01,1999,1,age_20_24,1,male,age_20_24_male,41443
1999-01-01,1999,1,age_20_24,2,female,age_20_24_female,39404
1999-01-01,1999,1,age_25_29,1,male,age_25_29_male,44006
1999-01-01,1999,1,age_25_29,2,female,age_25_29_female,41657
1999-01-01,1999,1,age_30_34,1,male,age_30_34_male,35647
1999-01-01,1999,1,age_30_34,2,female,age_30_34_female,34353
1999-01-01,1999,1,age_35_39,1,male,age_35_39_male,17427
1999-01-01,1999,1,age_35_39,2,female,age_35_39_female,16792
1999-01-01,1999,1,age_40_plus,1,male,age_40_plus_male,3620
1999-01-01,1999,1,age_40_plus,2,female,age_40_plus_female,3586
1999-02-01,1999,2,under_20,1,male,under_20_male,19454
1999-02-01,1999,2,under_20,2,female,under_20_female,18455
1999-02-01,1999,2,age_20_24,1,male,age_20_24_male,37605
1999-02-01,1999,2,age_20_24,2,female,age_20_24_female,36023
1999-02-01,1999,2,age_25_29,1,male,age_25_29_male,41715
1999-02-01,1999,2,age_25_29,2,female,age_25_29_female,39438
1999-02-01,1999,2,age_30_34,1,male,age_30_34_male,34139
1999-02-01,1999,2,age_30_34,2,female,age_30_34_female,32249
1999-02-01,1999,2,age_35_39,1,male,age_35_39_male,16437
1999-02-01,1999,2,age_35_39,2,female,age_35_39_female,15865
1999-02-01,1999,2,age_40_plus,1,male,age_40_plus_male,3310
1999-02-01,1999,2,age_40_plus,2,female,age_40_plus_female,3142
1999-03-01,1999,3,under_20,1,male,under_20_male,21214
1999-03-01,1999,3,under_20,2,female,under_20_female,19987
1999-03-01,1999,3,age_20_24,1,male,age_20_24_male,41257
1999-03-01,1999,3,age_20_24,2,female,age_20_24_female,39559
1999-03-01,1999,3,age_25_29,1,male,age_25_29_male,47093
1999-03-01,1999,3,age_25_29,2,female,age_25_29_female,45030
1999-03-01,1999,3,age_30_34,1,male,age_30_34_male,38793
1999-03-01,1999,3,age_30_34,2,female,age_30_34_female,36819
1999-03-01,1999,3,age_35_39,1,male,age_35_39_male,18579
1999-03-01,1999,3,age_35_39,2,female,age_35_39_female,17623
1999-03-01,1999,3,age_40_plus,1,male,age_40_plus_male,3638
1999-03-01,1999,3,age_40_plus,2,female,age_40_plus_female,3630
1999-04-01,1999,4,under_20,1,male,under_20_male,19922
1999-04-01,1999,4,under_20,2,female,under_20_female,18585
1999-04-01,1999,4,age_20_24,1,male,age_20_24_male,39148
1999-04-01,1999,4,age_20_24,2,female,age_20_24_female,37070
1999-04-01,1999,4,age_25_29,1,male,age_25_29_male,45344
1999-04-01,1999,4,age_25_29,2,female,age_25_29_female,42837
1999-04-01,1999,4,age_30_34,1,male,age_30_34_male,37415
1999-04-01,1999,4,age_30_34,2,female,age_30_34_female,35453
1999-04-01,1999,4,age_35_39,1,male,age_35_39_male,17683
1999-04-01,1999,4,age_35_39,2,female,age_35_39_female,16879
1999-04-01,1999,4,age_40_plus,1,male,age_40_plus_male,3495
1999-04-01,1999,4,age_40_plus,2,female,age_40_plus_female,3326
1999-05-01,1999,5,under_20,1,male,under_20_male,19721
1999-05-01,1999,5,under_20,2,female,under_20_female,18821
1999-05-01,1999,5,age_20_24,1,male,age_20_24_male,40746
1999-05-01,1999,5,age_20_24,2,female,age_20_24_female,38448
1999-05-01,1999,5,age_25_29,1,male,age_25_29_male,47089
1999-05-01,1999,5,age_25_29,2,female,age_25_29_female,44274
1999-05-01,1999,5,age_30_34,1,male,age_30_34_male,39099
1999-05-01,1999,5,age_30_34,2,female,age_30_34_female,37434
1999-05-01,1999,5,age_35_39,1,male,age_35_39_male,18485
1999-05-01,1999,5,age_35_39,2,female,age_35_39_female,17835
1999-05-01,1999,5,age_40_plus,1,male,age_40_plus_male,3542
1999-05-01,1999,5,age_40_plus,2,female,age_40_plus_female,3312
1999-06-01,1999,6,under_20,1,male,under_20_male,20215
1999-06-01,1999,6,under_20,2,female,under_20_female,19143
1999-06-01,1999,6,age_20_24,1,male,age_20_24_male,41530
1999-06-01,1999,6,age_20_24,2,female,age_20_24_female,39840
1999-06-01,1999,6,age_25_29,1,male,age_25_29_male,46831
1999-06-01,1999,6,age_25_29,2,female,age_25_29_female,44492
1999-06-01,1999,6,age_30_34,1,male,age_30_34_male,39428
1999-06-01,1999,6,age_30_34,2,female,age_30_34_female,37420
1999-06-01,1999,6,age_35_39,1,male,age_35_39_male,18680
1999-06-01,1999,6,age_35_39,2,female,age_35_39_female,17934
1999-06-01,1999,6,age_40_plus,1,male,age_40_plus_male,3577
1999-06-01,1999,6,age_40_plus,2,female,age_40_plus_female,3426
1999-07-01,1999,7,under_20,1,male,under_20_male,21948
1999-07-01,1999,7,under_20,2,female,under_20_female,21037
1999-07-01,1999,7,age_20_24,1,male,age_20_24_male,44733
1999-07-01,1999,7,age_20_24,2,female,age_20_24_female,42376
1999-07-01,1999,7,age_25_29,1,male,age_25_29_male,48691
1999-07-01,1999,7,age_25_29,2,female,age_25_29_female,46592
1999-07-01,1999,7,age_30_34,1,male,age_30_34_male,40383
1999-07-01,1999,7,age_30_34,2,female,age_30_34_female,38702
1999-07-01,1999,7,age_35_39,1,male,age_35_39_male,19583
1999-07-01,1999,7,age_35_39,2,female,age_35_39_female,18462
1999-07-01,1999,7,age_40_plus,1,male,age_40_plus_male,3983
1999-07-01,1999,7,age_40_plus,2,female,age_40_plus_female,3736
1999-08-01,1999,8,under_20,1,male,under_20_male,22081
1999-08-01,1999,8,under_20,2,female,under_20_female,20967
1999-08-01,1999,8,age_20_24,1,male,age_20_24_male,44968
1999-08-01,1999,8,age_20_24,2,female,age_20_24_female,42956
1999-08-01,1999,8,age_25_29,1,male,age_25_29_male,49062
1999-08-01,1999,8,age_25_29,2,female,age_25_29_female,46730
1999-08-01,1999,8,age_30_34,1,male,age_30_34_male,40216
1999-08-01,1999,8,age_30_34,2,female,age_30_34_female,38476
1999-08-01,1999,8,age_35_39,1,male,age_35_39_male,19758
1999-08-01,1999,8,age_35_39,2,female,age_35_39_female,18839
1999-08-01,1999,8,age_40_plus,1,male,age_40_plus_male,3948
1999-08-01,1999,8,age_40_plus,2,female,age_40_plus_female,3750
1999-09-01,1999,9,under_20,1,male,under_20_male,21782
1999-09-01,1999,9,under_20,2,female,under_20_female,20883
1999-09-01,1999,9,age_20_24,1,male,age_20_24_male,44767
1999-09-01,1999,9,age_20_24,2,female,age_20_24_female,42474
1999-09-01,1999,9,age_25_29,1,male,age_25_29_male,48862
1999-09-01,1999,9,age_25_29,2,female,age_25_29_female,46338
1999-09-01,1999,9,age_30_34,1,male,age_30_34_male,39958
1999-09-01,1999,9,age_30_34,2,female,age_30_34_female,38399
1999-09-01,1999,9,age_35_39,1,male,age_35_39_male,19832
1999-09-01,1999,9,age_35_39,2,female,age_35_39_female,18885
1999-09-01,1999,9,age_40_plus,1,male,age_40_plus_male,3923
1999-09-01,1999,9,age_40_plus,2,female,age_40_plus_female,3720
1999-10-01,1999,10,under_20,1,male,under_20_male,20576
1999-10-01,1999,10,under_20,2,female,under_20_female,19617
1999-10-01,1999,10,age_20_24,1,male,age_20_24_male,42628
1999-10-01,1999,10,age_20_24,2,female,age_20_24_female,41221
1999-10-01,1999,10,age_25_29,1,male,age_25_29_male,45275
1999-10-01,1999,10,age_25_29,2,female,age_25_29_female,44031
1999-10-01,1999,10,age_30_34,1,male,age_30_34_male,38420
1999-10-01,1999,10,age_30_34,2,female,age_30_34_female,36636
1999-10-01,1999,10,age_35_39,1,male,age_35_39_male,19085
1999-10-01,1999,10,age_35_39,2,female,age_35_39_female,18089
1999-10-01,1999,10,age_40_plus,1,male,age_40_plus_male,4020
1999-10-01,1999,10,age_40_plus,2,female,age_40_plus_female,3753
1999-11-01,1999,11,under_20,1,male,under_20_male,19466
1999-11-01,1999,11,under_20,2,female,under_20_female,18682
1999-11-01,1999,11,age_20_24,1,male,age_20_24_male,40616
1999-11-01,1999,11,age_20_24,2,female,age_20_24_female,39188
1999-11-01,1999,11,age_25_29,1,male,age_25_29_male,43265
1999-11-01,1999,11,age_25_29,2,female,age_25_29_female,41317
1999-11-01,1999,11,age_30_34,1,male,age_30_34_male,35942
1999-11-01,1999,11,age_30_34,2,female,age_30_34_female,34386
1999-11-01,1999,11,age_35_39,1,male,age_35_39_male,17901
1999-11-01,1999,11,age_35_39,2,female,age_35_39_female,17409
1999-11-01,1999,11,age_40_plus,1,male,age_40_plus_male,3872
1999-11-01,1999,11,age_40_plus,2,female,age_40_plus_female,3623
1999-12-01,1999,12,under_20,1,male,under_20_male,21253
1999-12-01,1999,12,under_20,2,female,under_20_female,20004
1999-12-01,1999,12,age_20_24,1,male,age_20_24_male,43231
1999-12-01,1999,12,age_20_24,2,female,age_20_24_female,41581
1999-12-01,1999,12,age_25_29,1,male,age_25_29_male,46102
1999-12-01,1999,12,age_25_29,2,female,age_25_29_female,43527
1999-12-01,1999,12,age_30_34,1,male,age_30_34_male,37674
1999-12-01,1999,12,age_30_34,2,female,age_30_34_female,35992
1999-12-01,1999,12,age_35_39,1,male,age_35_39_male,18691
1999-12-01,1999,12,age_35_39,2,female,age_35_39_female,17976
1999-12-01,1999,12,age_40_plus,1,male,age_40_plus_male,3836
1999-12-01,1999,12,age_40_plus,2,female,age_40_plus_female,3753
2000-01-01,2000,1,under_20,1,male,under_20_male,21164
2000-01-01,2000,1,under_20,2,female,under_20_female,19526
2000-01-01,2000,1,age_20_24,1,male,age_20_24_male,42848
2000-01-01,2000,1,age_20_24,2,female,age_20_24_female,41096
2000-01-01,2000,1,age_25_29,1,male,age_25_29_male,45432
2000-01-01,2000,1,age_25_29,2,female,age_25_29_female,43543
2000-01-01,2000,1,age_30_34,1,male,age_30_34_male,37246
2000-01-01,2000,1,age_30_34,2,female,age_30_34_female,35648
2000-01-01,2000,1,age_35_39,1,male,age_35_39_male,18514
2000-01-01,2000,1,age_35_39,2,female,age_35_39_female,17678
2000-01-01,2000,1,age_40_plus,1,male,age_40_plus_male,4021
2000-01-01,2000,1,age_40_plus,2,female,age_40_plus_female,3797
2000-02-01,2000,2,under_20,1,male,under_20_male,20057
2000-02-01,2000,2,under_20,2,female,under_20_female,18778
2000-02-01,2000,2,age_20_24,1,male,age_20_24_male,40824
2000-02-01,2000,2,age_20_24,2,female,age_20_24_female,38978
2000-02-01,2000,2,age_25_29,1,male,age_25_29_male,43966
2000-02-01,2000,2,age_25_29,2,female,age_25_29_female,41659
2000-02-01,2000,2,age_30_34,1,male,age_30_34_male,36608
2000-02-01,2000,2,age_30_34,2,female,age_30_34_female,34744
2000-02-01,2000,2,age_35_39,1,male,age_35_39_male,17807
2000-02-01,2000,2,age_35_39,2,female,age_35_39_female,16946
2000-02-01,2000,2,age_40_plus,1,male,age_40_plus_male,3735
2000-02-01,2000,2,age_40_plus,2,female,age_40_plus_female,3589
2000-03-01,2000,3,under_20,1,male,under_20_male,20718
2000-03-01,2000,3,under_20,2,female,under_20_female,19798
2000-03-01,2000,3,age_20_24,1,male,age_20_24_male,43170
2000-03-01,2000,3,age_20_24,2,female,age_20_24_female,41127
2000-03-01,2000,3,age_25_29,1,male,age_25_29_male,47348
2000-03-01,2000,3,age_25_29,2,female,age_25_29_female,44737
2000-03-01,2000,3,age_30_34,1,male,age_30_34_male,40230
2000-03-01,2000,3,age_30_34,2,female,age_30_34_female,38146
2000-03-01,2000,3,age_35_39,1,male,age_35_39_male,19236
2000-03-01,2000,3,age_35_39,2,female,age_35_39_female,18532
2000-03-01,2000,3,age_40_plus,1,male,age_40_plus_male,4106
2000-03-01,2000,3,age_40_plus,2,female,age_40_plus_female,3784
2000-04-01,2000,4,under_20,1,male,under_20_male,18866
2000-04-01,2000,4,under_20,2,female,under_20_female,17897
2000-04-01,2000,4,age_20_24,1,male,age_20_24_male,39252
2000-04-01,2000,4,age_20_24,2,female,age_20_24_female,38056
2000-04-01,2000,4,age_25_29,1,male,age_25_29_male,44466
2000-04-01,2000,4,age_25_29,2,female,age_25_29_female,42026
2000-04-01,2000,4,age_30_34,1,male,age_30_34_male,38109
2000-04-01,2000,4,age_30_34,2,female,age_30_34_female,36299
2000-04-01,2000,4,age_35_39,1,male,age_35_39_male,18052
2000-04-01,2000,4,age_35_39,2,female,age_35_39_female,17220
2000-04-01,2000,4,age_40_plus,1,male,age_40_plus_male,3750
2000-04-01,2000,4,age_40_plus,2,female,age_40_plus_female,3540
2000-05-01,2000,5,under_20,1,male,under_20_male,19755
2000-05-01,2000,5,under_20,2,female,under_20_female,18525
2000-05-01,2000,5,age_20_24,1,male,age_20_24_male,42467
2000-05-01,2000,5,age_20_24,2,female,age_20_24_female,40389
2000-05-01,2000,5,age_25_29,1,male,age_25_29_male,47813
2000-05-01,2000,5,age_25_29,2,female,age_25_29_female,45376
2000-05-01,2000,5,age_30_34,1,male,age_30_34_male,41469
2000-05-01,2000,5,age_30_34,2,female,age_30_34_female,39485
2000-05-01,2000,5,age_35_39,1,male,age_35_39_male,19650
2000-05-01,2000,5,age_35_39,2,female,age_35_39_female,18844
2000-05-01,2000,5,age_40_plus,1,male,age_40_plus_male,4007
2000-05-01,2000,5,age_40_plus,2,female,age_40_plus_female,3824
2000-06-01,2000,6,under_20,1,male,under_20_male,20240
2000-06-01,2000,6,under_20,2,female,under_20_female,19174
2000-06-01,2000,6,age_20_24,1,male,age_20_24_male,43391
2000-06-01,2000,6,age_20_24,2,female,age_20_24_female,40787
2000-06-01,2000,6,age_25_29,1,male,age_25_29_male,47146
2000-06-01,2000,6,age_25_29,2,female,age_25_29_female,44966
2000-06-01,2000,6,age_30_34,1,male,age_30_34_male,40870
2000-06-01,2000,6,age_30_34,2,female,age_30_34_female,38740
2000-06-01,2000,6,age_35_39,1,male,age_35_39_male,19667
2000-06-01,2000,6,age_35_39,2,female,age_35_39_female,18865
2000-06-01,2000,6,age_40_plus,1,male,age_40_plus_male,3933
2000-06-01,2000,6,age_40_plus,2,female,age_40_plus_female,3826
2000-07-01,2000,7,under_20,1,male,under_20_male,21113
2000-07-01,2000,7,under_20,2,female,under_20_female,20284
2000-07-01,2000,7,age_20_24,1,male,age_20_24_male,45179
2000-07-01,2000,7,age_20_24,2,female,age_20_24_female,42919
2000-07-01,2000,7,age_25_29,1,male,age_25_29_male,47793
2000-07-01,2000,7,age_25_29,2,female,age_25_29_female,45605
2000-07-01,2000,7,age_30_34,1,male,age_30_34_male,40895
2000-07-01,2000,7,age_30_34,2,female,age_30_34_female,38659
2000-07-01,2000,7,age_35_39,1,male,age_35_39_male,20098
2000-07-01,2000,7,age_35_39,2,female,age_35_39_female,18944
2000-07-01,2000,7,age_40_plus,1,male,age_40_plus_male,4024
2000-07-01,2000,7,age_40_plus,2,female,age_40_plus_female,3916
2000-08-01,2000,8,under_20,1,male,under_20_male,21569
2000-08-01,2000,8,under_20,2,female,under_20_female,21003
2000-08-01,2000,8,age_20_24,1,male,age_20_24_male,47004
2000-08-01,2000,8,age_20_24,2,female,age_20_24_female,45351
2000-08-01,2000,8,age_25_29,1,male,age_25_29_male,49165
2000-08-01,2000,8,age_25_29,2,female,age_25_29_female,47034
2000-08-01,2000,8,age_30_34,1,male,age_30_34_male,41745
2000-08-01,2000,8,age_30_34,2,female,age_30_34_female,39857
2000-08-01,2000,8,age_35_39,1,male,age_35_39_male,20283
2000-08-01,2000,8,age_35_39,2,female,age_35_39_female,19261
2000-08-01,2000,8,age_40_plus,1,male,age_40_plus_male,4264
2000-08-01,2000,8,age_40_plus,2,female,age_40_plus_female,4002
2000-09-01,2000,9,under_20,1,male,under_20_male,20807
2000-09-01,2000,9,under_20,2,female,under_20_female,20187
2000-09-01,2000,9,age_20_24,1,male,age_20_24_male,44815
2000-09-01,2000,9,age_20_24,2,female,age_20_24_female,42992
2000-09-01,2000,9,age_25_29,1,male,age_25_29_male,47580
2000-09-01,2000,9,age_25_29,2,female,age_25_29_female,45081
2000-09-01,2000,9,age_30_34,1,male,age_30_34_male,40717
2000-09-01,2000,9,age_30_34,2,female,age_30_34_female,39272
2000-09-01,2000,9,age_35_39,1,male,age_35_39_male,19558
2000-09-01,2000,9,age_35_39,2,female,age_35_39_female,18896
2000-09-01,2000,9,age_40_plus,1,male,age_40_plus_male,4216
2000-09-01,2000,9,age_40_plus,2,female,age_40_plus_female,3983
2000-10-01,2000,10,under_20,1,male,under_20_male,20758
2000-10-01,2000,10,under_20,2,female,under_20_female,19449
2000-10-01,2000,10,age_20_24,1,male,age_20_24_male,44705
2000-10-01,2000,10,age_20_24,2,female,age_20_24_female,42345
2000-10-01,2000,10,age_25_29,1,male,age_25_29_male,46783
2000-10-01,2000,10,age_25_29,2,female,age_25_29_female,44363
2000-10-01,2000,10,age_30_34,1,male,age_30_34_male,40249
2000-10-01,2000,10,age_30_34,2,female,age_30_34_female,38876
2000-10-01,2000,10,age_35_39,1,male,age_35_39_male,19752
2000-10-01,2000,10,age_35_39,2,female,age_35_39_female,18958
2000-10-01,2000,10,age_40_plus,1,male,age_40_plus_male,4103
2000-10-01,2000,10,age_40_plus,2,female,age_40_plus_female,4048
2000-11-01,2000,11,under_20,1,male,under_20_male,19779
2000-11-01,2000,11,under_20,2,female,under_20_female,19041
2000-11-01,2000,11,age_20_24,1,male,age_20_24_male,43108
2000-11-01,2000,11,age_20_24,2,female,age_20_24_female,41800
2000-11-01,2000,11,age_25_29,1,male,age_25_29_male,44863
2000-11-01,2000,11,age_25_29,2,female,age_25_29_female,43476
2000-11-01,2000,11,age_30_34,1,male,age_30_34_male,39081
2000-11-01,2000,11,age_30_34,2,female,age_30_34_female,37379
2000-11-01,2000,11,age_35_39,1,male,age_35_39_male,19312
2000-11-01,2000,11,age_35_39,2,female,age_35_39_female,18460
2000-11-01,2000,11,age_40_plus,1,male,age_40_plus_male,4063
2000-11-01,2000,11,age_40_plus,2,female,age_40_plus_female,3930
2000-12-01,2000,12,under_20,1,male,under_20_male,20217
2000-12-01,2000,12,under_20,2,female,under_20_female,19239
2000-12-01,2000,12,age_20_24,1,male,age_20_24_male,43922
2000-12-01,2000,12,age_20_24,2,female,age_20_24_female,42396
2000-12-01,2000,12,age_25_29,1,male,age_25_29_male,45571
2000-12-01,2000,12,age_25_29,2,female,age_25_29_female,43378
2000-12-01,2000,12,age_30_34,1,male,age_30_34_male,38989
2000-12-01,2000,12,age_30_34,2,female,age_30_34_female,37180
2000-12-01,2000,12,age_35_39,1,male,age_35_39_male,19319
2000-12-01,2000,12,age_35_39,2,female,age_35_39_female,18714
2000-12-01,2000,12,age_40_plus,1,male,age_40_plus_male,4236
2000-12-01,2000,12,age_40_plus,2,female,age_40_plus_female,4032
2001-01-01,2001,1,under_20,1,male,under_20_male,20337
2001-01-01,2001,1,under_20,2,female,under_20_female,19208
2001-01-01,2001,1,age_20_24,1,male,age_20_24_male,43916
2001-01-01,2001,1,age_20_24,2,female,age_20_24_female,42427
2001-01-01,2001,1,age_25_29,1,male,age_25_29_male,45122
2001-01-01,2001,1,age_25_29,2,female,age_25_29_female,43186
2001-01-01,2001,1,age_30_34,1,male,age_30_34_male,38744
2001-01-01,2001,1,age_30_34,2,female,age_30_34_female,37270
2001-01-01,2001,1,age_35_39,1,male,age_35_39_male,18896
2001-01-01,2001,1,age_35_39,2,female,age_35_39_female,18262
2001-01-01,2001,1,age_40_plus,1,male,age_40_plus_male,4193
2001-01-01,2001,1,age_40_plus,2,female,age_40_plus_female,4051
2001-02-01,2001,2,under_20,1,male,under_20_male,18019
2001-02-01,2001,2,under_20,2,female,under_20_female,17244
2001-02-01,2001,2,age_20_24,1,male,age_20_24_male,39159
2001-02-01,2001,2,age_20_24,2,female,age_20_24_female,37654
2001-02-01,2001,2,age_25_29,1,male,age_25_29_male,41220
2001-02-01,2001,2,age_25_29,2,female,age_25_29_female,39193
2001-02-01,2001,2,age_30_34,1,male,age_30_34_male,35910
2001-02-01,2001,2,age_30_34,2,female,age_30_34_female,34362
2001-02-01,2001,2,age_35_39,1,male,age_35_39_male,17252
2001-02-01,2001,2,age_35_39,2,female,age_35_39_female,16615
2001-02-01,2001,2,age_40_plus,1,male,age_40_plus_male,3699
2001-02-01,2001,2,age_40_plus,2,female,age_40_plus_female,3572
2001-03-01,2001,3,under_20,1,male,under_20_male,19896
2001-03-01,2001,3,under_20,2,female,under_20_female,18875
2001-03-01,2001,3,age_20_24,1,male,age_20_24_male,43139
2001-03-01,2001,3,age_20_24,2,female,age_20_24_female,41370
2001-03-01,2001,3,age_25_29,1,male,age_25_29_male,46252
2001-03-01,2001,3,age_25_29,2,female,age_25_29_female,43578
2001-03-01,2001,3,age_30_34,1,male,age_30_34_male,41036
2001-03-01,2001,3,age_30_34,2,female,age_30_34_female,39124
2001-03-01,2001,3,age_35_39,1,male,age_35_39_male,19319
2001-03-01,2001,3,age_35_39,2,female,age_35_39_female,18477
2001-03-01,2001,3,age_40_plus,1,male,age_40_plus_male,4087
2001-03-01,2001,3,age_40_plus,2,female,age_40_plus_female,3935
2001-04-01,2001,4,under_20,1,male,under_20_male,18718
2001-04-01,2001,4,under_20,2,female,under_20_female,17793
2001-04-01,2001,4,age_20_24,1,male,age_20_24_male,40830
2001-04-01,2001,4,age_20_24,2,female,age_20_24_female,39012
2001-04-01,2001,4,age_25_29,1,male,age_25_29_male,44044
2001-04-01,2001,4,age_25_29,2,female,age_25_29_female,42094
2001-04-01,2001,4,age_30_34,1,male,age_30_34_male,39610
2001-04-01,2001,4,age_30_34,2,female,age_30_34_female,37843
2001-04-01,2001,4,age_35_39,1,male,age_35_39_male,18675
2001-04-01,2001,4,age_35_39,2,female,age_35_39_female,17747
2001-04-01,2001,4,age_40_plus,1,male,age_40_plus_male,3927
2001-04-01,2001,4,age_40_plus,2,female,age_40_plus_female,3746
2001-05-01,2001,5,under_20,1,male,under_20_male,18943
2001-05-01,2001,5,under_20,2,female,under_20_female,18106
2001-05-01,2001,5,age_20_24,1,male,age_20_24_male,43861
2001-05-01,2001,5,age_20_24,2,female,age_20_24_female,41861
2001-05-01,2001,5,age_25_29,1,male,age_25_29_male,47084
2001-05-01,2001,5,age_25_29,2,female,age_25_29_female,44430
2001-05-01,2001,5,age_30_34,1,male,age_30_34_male,42418
2001-05-01,2001,5,age_30_34,2,female,age_30_34_female,40458
2001-05-01,2001,5,age_35_39,1,male,age_35_39_male,20089
2001-05-01,2001,5,age_35_39,2,female,age_35_39_female,19054
2001-05-01,2001,5,age_40_plus,1,male,age_40_plus_male,4220
2001-05-01,2001,5,age_40_plus,2,female,age_40_plus_female,3969
2001-06-01,2001,6,under_20,1,male,under_20_male,18473
2001-06-01,2001,6,under_20,2,female,under_20_female,17740
2001-06-01,2001,6,age_20_24,1,male,age_20_24_male,42634
2001-06-01,2001,6,age_20_24,2,female,age_20_24_female,40745
2001-06-01,2001,6,age_25_29,1,male,age_25_29_male,44921
2001-06-01,2001,6,age_25_29,2,female,age_25_29_female,42799
2001-06-01,2001,6,age_30_34,1,male,age_30_34_male,40529
2001-06-01,2001,6,age_30_34,2,female,age_30_34_female,38706
2001-06-01,2001,6,age_35_39,1,male,age_35_39_male,18971
2001-06-01,2001,6,age_35_39,2,female,age_35_39_female,18143
2001-06-01,2001,6,age_40_plus,1,male,age_40_plus_male,4062
2001-06-01,2001,6,age_40_plus,2,female,age_40_plus_female,3814
2001-07-01,2001,7,under_20,1,male,under_20_male,20271
2001-07-01,2001,7,under_20,2,female,under_20_female,19480
2001-07-01,2001,7,age_20_24,1,male,age_20_24_male,45567
2001-07-01,2001,7,age_20_24,2,female,age_20_24_female,43821
2001-07-01,2001,7,age_25_29,1,male,age_25_29_male,47404
2001-07-01,2001,7,age_25_29,2,female,age_25_29_female,44971
2001-07-01,2001,7,age_30_34,1,male,age_30_34_male,41995
2001-07-01,2001,7,age_30_34,2,female,age_30_34_female,40445
2001-07-01,2001,7,age_35_39,1,male,age_35_39_male,19980
2001-07-01,2001,7,age_35_39,2,female,age_35_39_female,19199
2001-07-01,2001,7,age_40_plus,1,male,age_40_plus_male,4287
2001-07-01,2001,7,age_40_plus,2,female,age_40_plus_female,4166
2001-08-01,2001,8,under_20,1,male,under_20_male,20822
2001-08-01,2001,8,under_20,2,female,under_20_female,19765
2001-08-01,2001,8,age_20_24,1,male,age_20_24_male,47264
2001-08-01,2001,8,age_20_24,2,female,age_20_24_female,45423
2001-08-01,2001,8,age_25_29,1,male,age_25_29_male,48540
2001-08-01,2001,8,age_25_29,2,female,age_25_29_female,46355
2001-08-01,2001,8,age_30_34,1,male,age_30_34_male,43434
2001-08-01,2001,8,age_30_34,2,female,age_30_34_female,41227
2001-08-01,2001,8,age_35_39,1,male,age_35_39_male,20844
2001-08-01,2001,8,age_35_39,2,female,age_35_39_female,19908
2001-08-01,2001,8,age_40_plus,1,male,age_40_plus_male,4447
2001-08-01,2001,8,age_40_plus,2,female,age_40_plus_female,4353
2001-09-01,2001,9,under_20,1,male,under_20_male,19606
2001-09-01,2001,9,under_20,2,female,under_20_female,18852
2001-09-01,2001,9,age_20_24,1,male,age_20_24_male,44561
2001-09-01,2001,9,age_20_24,2,female,age_20_24_female,42854
2001-09-01,2001,9,age_25_29,1,male,age_25_29_male,46115
2001-09-01,2001,9,age_25_29,2,female,age_25_29_female,44132
2001-09-01,2001,9,age_30_34,1,male,age_30_34_male,41146
2001-09-01,2001,9,age_30_34,2,female,age_30_34_female,39243
2001-09-01,2001,9,age_35_39,1,male,age_35_39_male,19705
2001-09-01,2001,9,age_35_39,2,female,age_35_39_female,18754
2001-09-01,2001,9,age_40_plus,1,male,age_40_plus_male,4205
2001-09-01,2001,9,age_40_plus,2,female,age_40_plus_female,3913
2001-10-01,2001,10,under_20,1,male,under_20_male,19382
2001-10-01,2001,10,under_20,2,female,under_20_female,18683
2001-10-01,2001,10,age_20_24,1,male,age_20_24_male,45195
2001-10-01,2001,10,age_20_24,2,female,age_20_24_female,43048
2001-10-01,2001,10,age_25_29,1,male,age_25_29_male,45989
2001-10-01,2001,10,age_25_29,2,female,age_25_29_female,44033
2001-10-01,2001,10,age_30_34,1,male,age_30_34_male,41070
2001-10-01,2001,10,age_30_34,2,female,age_30_34_female,39353
2001-10-01,2001,10,age_35_39,1,male,age_35_39_male,19975
2001-10-01,2001,10,age_35_39,2,female,age_35_39_female,19172
2001-10-01,2001,10,age_40_plus,1,male,age_40_plus_male,4473
2001-10-01,2001,10,age_40_plus,2,female,age_40_plus_female,4226
2001-11-01,2001,11,under_20,1,male,under_20_male,18733
2001-11-01,2001,11,under_20,2,female,under_20_female,17790
2001-11-01,2001,11,age_20_24,1,male,age_20_24_male,42423
2001-11-01,2001,11,age_20_24,2,female,age_20_24_female,40622
2001-11-01,2001,11,age_25_29,1,male,age_25_29_male,43063
2001-11-01,2001,11,age_25_29,2,female,age_25_29_female,41155
2001-11-01,2001,11,age_30_34,1,male,age_30_34_male,38396
2001-11-01,2001,11,age_30_34,2,female,age_30_34_female,36858
2001-11-01,2001,11,age_35_39,1,male,age_35_39_male,18808
2001-11-01,2001,11,age_35_39,2,female,age_35_39_female,18122
2001-11-01,2001,11,age_40_plus,1,male,age_40_plus_male,4210
2001-11-01,2001,11,age_40_plus,2,female,age_40_plus_female,4034
2001-12-01,2001,12,under_20,1,male,under_20_male,19162
2001-12-01,2001,12,under_20,2,female,under_20_female,18322
2001-12-01,2001,12,age_20_24,1,male,age_20_24_male,43509
2001-12-01,2001,12,age_20_24,2,female,age_20_24_female,41854
2001-12-01,2001,12,age_25_29,1,male,age_25_29_male,43018
2001-12-01,2001,12,age_25_29,2,female,age_25_29_female,41436
2001-12-01,2001,12,age_30_34,1,male,age_30_34_male,38184
2001-12-01,2001,12,age_30_34,2,female,age_30_34_female,36767
2001-12-01,2001,12,age_35_39,1,male,age_35_39_male,18412
2001-12-01,2001,12,age_35_39,2,female,age_35_39_female,17916
2001-12-01,2001,12,age_40_plus,1,male,age_40_plus_male,4361
2001-12-01,2001,12,age_40_plus,2,female,age_40_plus_female,4055
2002-01-01,2002,1,under_20,1,male,under_20_male,19312
2002-01-01,2002,1,under_20,2,female,under_20_female,18472
2002-01-01,2002,1,age_20_24,1,male,age_20_24_male,43903
2002-01-01,2002,1,age_20_24,2,female,age_20_24_female,41769
2002-01-01,2002,1,age_25_29,1,male,age_25_29_male,44315
2002-01-01,2002,1,age_25_29,2,female,age_25_29_female,41912
2002-01-01,2002,1,age_30_34,1,male,age_30_34_male,38862
2002-01-01,2002,1,age_30_34,2,female,age_30_34_female,36986
2002-01-01,2002,1,age_35_39,1,male,age_35_39_male,18929
2002-01-01,2002,1,age_35_39,2,female,age_35_39_female,18150
2002-01-01,2002,1,age_40_plus,1,male,age_40_plus_male,4291
2002-01-01,2002,1,age_40_plus,2,female,age_40_plus_female,4188
2002-02-01,2002,2,under_20,1,male,under_20_male,17484
2002-02-01,2002,2,under_20,2,female,under_20_female,16625
2002-02-01,2002,2,age_20_24,1,male,age_20_24_male,39993
2002-02-01,2002,2,age_20_24,2,female,age_20_24_female,38231
2002-02-01,2002,2,age_25_29,1,male,age_25_29_male,40841
2002-02-01,2002,2,age_25_29,2,female,age_25_29_female,38675
2002-02-01,2002,2,age_30_34,1,male,age_30_34_male,36207
2002-02-01,2002,2,age_30_34,2,female,age_30_34_female,34625
2002-02-01,2002,2,age_35_39,1,male,age_35_39_male,17249
2002-02-01,2002,2,age_35_39,2,female,age_35_39_female,16660
2002-02-01,2002,2,age_40_plus,1,male,age_40_plus_male,3853
2002-02-01,2002,2,age_40_plus,2,female,age_40_plus_female,3929
2002-03-01,2002,3,under_20,1,male,under_20_male,18701
2002-03-01,2002,3,under_20,2,female,under_20_female,17745
2002-03-01,2002,3,age_20_24,1,male,age_20_24_male,42361
2002-03-01,2002,3,age_20_24,2,female,age_20_24_female,40834
2002-03-01,2002,3,age_25_29,1,male,age_25_29_male,44893
2002-03-01,2002,3,age_25_29,2,female,age_25_29_female,42759
2002-03-01,2002,3,age_30_34,1,male,age_30_34_male,40621
2002-03-01,2002,3,age_30_34,2,female,age_30_34_female,38848
2002-03-01,2002,3,age_35_39,1,male,age_35_39_male,18675
2002-03-01,2002,3,age_35_39,2,female,age_35_39_female,18139
2002-03-01,2002,3,age_40_plus,1,male,age_40_plus_male,4292
2002-03-01,2002,3,age_40_plus,2,female,age_40_plus_female,4026
2002-04-01,2002,4,under_20,1,male,under_20_male,17518
2002-04-01,2002,4,under_20,2,female,under_20_female,16792
2002-04-01,2002,4,age_20_24,1,male,age_20_24_male,41156
2002-04-01,2002,4,age_20_24,2,female,age_20_24_female,39523
2002-04-01,2002,4,age_25_29,1,male,age_25_29_male,43984
2002-04-01,2002,4,age_25_29,2,female,age_25_29_female,41961
2002-04-01,2002,4,age_30_34,1,male,age_30_34_male,40611
2002-04-01,2002,4,age_30_34,2,female,age_30_34_female,38645
2002-04-01,2002,4,age_35_39,1,male,age_35_39_male,18820
2002-04-01,2002,4,age_35_39,2,female,age_35_39_female,17967
2002-04-01,2002,4,age_40_plus,1,male,age_40_plus_male,4086
2002-04-01,2002,4,age_40_plus,2,female,age_40_plus_female,3786
2002-05-01,2002,5,under_20,1,male,under_20_male,17891
2002-05-01,2002,5,under_20,2,female,under_20_female,16740
2002-05-01,2002,5,age_20_24,1,male,age_20_24_male,42727
2002-05-01,2002,5,age_20_24,2,female,age_20_24_female,40943
2002-05-01,2002,5,age_25_29,1,male,age_25_29_male,46632
2002-05-01,2002,5,age_25_29,2,female,age_25_29_female,44317
2002-05-01,2002,5,age_30_34,1,male,age_30_34_male,42822
2002-05-01,2002,5,age_30_34,2,female,age_30_34_female,40529
2002-05-01,2002,5,age_35_39,1,male,age_35_39_male,19489
2002-05-01,2002,5,age_35_39,2,female,age_35_39_female,18949
2002-05-01,2002,5,age_40_plus,1,male,age_40_plus_male,4364
2002-05-01,2002,5,age_40_plus,2,female,age_40_plus_female,4052
2002-06-01,2002,6,under_20,1,male,under_20_male,18063
2002-06-01,2002,6,under_20,2,female,under_20_female,16586
2002-06-01,2002,6,age_20_24,1,male,age_20_24_male,42931
2002-06-01,2002,6,age_20_24,2,female,age_20_24_female,40739
2002-06-01,2002,6,age_25_29,1,male,age_25_29_male,44387
2002-06-01,2002,6,age_25_29,2,female,age_25_29_female,42869
2002-06-01,2002,6,age_30_34,1,male,age_30_34_male,40194
2002-06-01,2002,6,age_30_34,2,female,age_30_34_female,37955
2002-06-01,2002,6,age_35_39,1,male,age_35_39_male,18599
2002-06-01,2002,6,age_35_39,2,female,age_35_39_female,17745
2002-06-01,2002,6,age_40_plus,1,male,age_40_plus_male,4087
2002-06-01,2002,6,age_40_plus,2,female,age_40_plus_female,3898
2002-07-01,2002,7,under_20,1,male,under_20_male,19676
2002-07-01,2002,7,under_20,2,female,under_20_female,18770
2002-07-01,2002,7,age_20_24,1,male,age_20_24_male,46999
2002-07-01,2002,7,age_20_24,2,female,age_20_24_female,44538
2002-07-01,2002,7,age_25_29,1,male,age_25_29_male,48448
2002-07-01,2002,7,age_25_29,2,female,age_25_29_female,46407
2002-07-01,2002,7,age_30_34,1,male,age_30_34_male,43188
2002-07-01,2002,7,age_30_34,2,female,age_30_34_female,41281
2002-07-01,2002,7,age_35_39,1,male,age_35_39_male,20335
2002-07-01,2002,7,age_35_39,2,female,age_35_39_female,19855
2002-07-01,2002,7,age_40_plus,1,male,age_40_plus_male,4489
2002-07-01,2002,7,age_40_plus,2,female,age_40_plus_female,4234
2002-08-01,2002,8,under_20,1,male,under_20_male,19611
2002-08-01,2002,8,under_20,2,female,under_20_female,18771
2002-08-01,2002,8,age_20_24,1,male,age_20_24_male,47048
2002-08-01,2002,8,age_20_24,2,female,age_20_24_female,44787
2002-08-01,2002,8,age_25_29,1,male,age_25_29_male,48925
2002-08-01,2002,8,age_25_29,2,female,age_25_29_female,46150
2002-08-01,2002,8,age_30_34,1,male,age_30_34_male,43344
2002-08-01,2002,8,age_30_34,2,female,age_30_34_female,41248
2002-08-01,2002,8,age_35_39,1,male,age_35_39_male,20932
2002-08-01,2002,8,age_35_39,2,female,age_35_39_female,20087
2002-08-01,2002,8,age_40_plus,1,male,age_40_plus_male,4584
2002-08-01,2002,8,age_40_plus,2,female,age_40_plus_female,4458
2002-09-01,2002,9,under_20,1,male,under_20_male,19043
2002-09-01,2002,9,under_20,2,female,under_20_female,18150
2002-09-01,2002,9,age_20_24,1,male,age_20_24_male,45143
2002-09-01,2002,9,age_20_24,2,female,age_20_24_female,43428
2002-09-01,2002,9,age_25_29,1,male,age_25_29_male,47476
2002-09-01,2002,9,age_25_29,2,female,age_25_29_female,45115
2002-09-01,2002,9,age_30_34,1,male,age_30_34_male,42623
2002-09-01,2002,9,age_30_34,2,female,age_30_34_female,40388
2002-09-01,2002,9,age_35_39,1,male,age_35_39_male,20207
2002-09-01,2002,9,age_35_39,2,female,age_35_39_female,19107
2002-09-01,2002,9,age_40_plus,1,male,age_40_plus_male,4453
2002-09-01,2002,9,age_40_plus,2,female,age_40_plus_female,4263
2002-10-01,2002,10,under_20,1,male,under_20_male,18629
2002-10-01,2002,10,under_20,2,female,under_20_female,18189
2002-10-01,2002,10,age_20_24,1,male,age_20_24_male,44975
2002-10-01,2002,10,age_20_24,2,female,age_20_24_female,42729
2002-10-01,2002,10,age_25_29,1,male,age_25_29_male,46647
2002-10-01,2002,10,age_25_29,2,female,age_25_29_female,44485
2002-10-01,2002,10,age_30_34,1,male,age_30_34_male,41730
2002-10-01,2002,10,age_30_34,2,female,age_30_34_female,40125
2002-10-01,2002,10,age_35_39,1,male,age_35_39_male,20291
2002-10-01,2002,10,age_35_39,2,female,age_35_39_female,19582
2002-10-01,2002,10,age_40_plus,1,male,age_40_plus_male,4570
2002-10-01,2002,10,age_40_plus,2,female,age_40_plus_female,4372
2002-11-01,2002,11,under_20,1,male,under_20_male,17833
2002-11-01,2002,11,under_20,2,female,under_20_female,16735
2002-11-01,2002,11,age_20_24,1,male,age_20_24_male,41921
2002-11-01,2002,11,age_20_24,2,female,age_20_24_female,39918
2002-11-01,2002,11,age_25_29,1,male,age_25_29_male,42705
2002-11-01,2002,11,age_25_29,2,female,age_25_29_female,40470
2002-11-01,2002,11,age_30_34,1,male,age_30_34_male,37801
2002-11-01,2002,11,age_30_34,2,female,age_30_34_female,36757
2002-11-01,2002,11,age_35_39,1,male,age_35_39_male,18706
2002-11-01,2002,11,age_35_39,2,female,age_35_39_female,17909
2002-11-01,2002,11,age_40_plus,1,male,age_40_plus_male,4234
2002-11-01,2002,11,age_40_plus,2,female,age_40_plus_female,4060
2002-12-01,2002,12,under_20,1,male,under_20_male,18339
2002-12-01,2002,12,under_20,2,female,under_20_female,17628
2002-12-01,2002,12,age_20_24,1,male,age_20_24_male,44138
2002-12-01,2002,12,age_20_24,2,female,age_20_24_female,42528
2002-12-01,2002,12,age_25_29,1,male,age_25_29_male,44930
2002-12-01,2002,12,age_25_29,2,female,age_25_29_female,42992
2002-12-01,2002,12,age_30_34,1,male,age_30_34_male,39707
2002-12-01,2002,12,age_30_34,2,female,age_30_34_female,37571
2002-12-01,2002,12,age_35_39,1,male,age_35_39_male,19649
2002-12-01,2002,12,age_35_39,2,female,age_35_39_female,18438
2002-12-01,2002,12,age_40_plus,1,male,age_40_plus_male,4385
2002-12-01,2002,12,age_40_plus,2,female,age_40_plus_female,4425
2003-01-01,2003,1,under_20,1,male,under_20_male,18224
2003-01-01,2003,1,under_20,2,female,under_20_female,17342
2003-01-01,2003,1,age_20_24,1,male,age_20_24_male,43549
2003-01-01,2003,1,age_20_24,2,female,age_20_24_female,41272
2003-01-01,2003,1,age_25_29,1,male,age_25_29_male,44370
2003-01-01,2003,1,age_25_29,2,female,age_25_29_female,42313
2003-01-01,2003,1,age_30_34,1,male,age_30_34_male,39341
2003-01-01,2003,1,age_30_34,2,female,age_30_34_female,37749
2003-01-01,2003,1,age_35_39,1,male,age_35_39_male,19250
2003-01-01,2003,1,age_35_39,2,female,age_35_39_female,18142
2003-01-01,2003,1,age_40_plus,1,male,age_40_plus_male,4370
2003-01-01,2003,1,age_40_plus,2,female,age_40_plus_female,4382
2003-02-01,2003,2,under_20,1,male,under_20_male,16649
2003-02-01,2003,2,under_20,2,female,under_20_female,15975
2003-02-01,2003,2,age_20_24,1,male,age_20_24_male,39522
2003-02-01,2003,2,age_20_24,2,female,age_20_24_female,37838
2003-02-01,2003,2,age_25_29,1,male,age_25_29_male,41733
2003-02-01,2003,2,age_25_29,2,female,age_25_29_female,39777
2003-02-01,2003,2,age_30_34,1,male,age_30_34_male,37358
2003-02-01,2003,2,age_30_34,2,female,age_30_34_female,35631
2003-02-01,2003,2,age_35_39,1,male,age_35_39_male,17878
2003-02-01,2003,2,age_35_39,2,female,age_35_39_female,17058
2003-02-01,2003,2,age_40_plus,1,male,age_40_plus_male,4239
2003-02-01,2003,2,age_40_plus,2,female,age_40_plus_female,3997
2003-03-01,2003,3,under_20,1,male,under_20_male,17802
2003-03-01,2003,3,under_20,2,female,under_20_female,17103
2003-03-01,2003,3,age_20_24,1,male,age_20_24_male,43150
2003-03-01,2003,3,age_20_24,2,female,age_20_24_female,40543
2003-03-01,2003,3,age_25_29,1,male,age_25_29_male,46096
2003-03-01,2003,3,age_25_29,2,female,age_25_29_female,44003
2003-03-01,2003,3,age_30_34,1,male,age_30_34_male,42077
2003-03-01,2003,3,age_30_34,2,female,age_30_34_female,40016
2003-03-01,2003,3,age_35_39,1,male,age_35_39_male,19594
2003-03-01,2003,3,age_35_39,2,female,age_35_39_female,18414
2003-03-01,2003,3,age_40_plus,1,male,age_40_plus_male,4380
2003-03-01,2003,3,age_40_plus,2,female,age_40_plus_female,4236
2003-04-01,2003,4,under_20,1,male,under_20_male,17205
2003-04-01,2003,4,under_20,2,female,under_20_female,16223
2003-04-01,2003,4,age_20_24,1,male,age_20_24_male,41368
2003-04-01,2003,4,age_20_24,2,female,age_20_24_female,39992
2003-04-01,2003,4,age_25_29,1,male,age_25_29_male,45443
2003-04-01,2003,4,age_25_29,2,female,age_25_29_female,42921
2003-04-01,2003,4,age_30_34,1,male,age_30_34_male,41486
2003-04-01,2003,4,age_30_34,2,female,age_30_34_female,39794
2003-04-01,2003,4,age_35_39,1,male,age_35_39_male,19470
2003-04-01,2003,4,age_35_39,2,female,age_35_39_female,18447
2003-04-01,2003,4,age_40_plus,1,male,age_40_plus_male,4185
2003-04-01,2003,4,age_40_plus,2,female,age_40_plus_female,4053
2003-05-01,2003,5,under_20,1,male,under_20_male,17572
2003-05-01,2003,5,under_20,2,female,under_20_female,16353
2003-05-01,2003,5,age_20_24,1,male,age_20_24_male,43796
2003-05-01,2003,5,age_20_24,2,female,age_20_24_female,41735
2003-05-01,2003,5,age_25_29,1,male,age_25_29_male,47395
2003-05-01,2003,5,age_25_29,2,female,age_25_29_female,45276
2003-05-01,2003,5,age_30_34,1,male,age_30_34_male,44031
2003-05-01,2003,5,age_30_34,2,female,age_30_34_female,42057
2003-05-01,2003,5,age_35_39,1,male,age_35_39_male,20457
2003-05-01,2003,5,age_35_39,2,female,age_35_39_female,19715
2003-05-01,2003,5,age_40_plus,1,male,age_40_plus_male,4524
2003-05-01,2003,5,age_40_plus,2,female,age_40_plus_female,4314
2003-06-01,2003,6,under_20,1,male,under_20_male,17334
2003-06-01,2003,6,under_20,2,female,under_20_female,16248
2003-06-01,2003,6,age_20_24,1,male,age_20_24_male,43179
2003-06-01,2003,6,age_20_24,2,female,age_20_24_female,41202
2003-06-01,2003,6,age_25_29,1,male,age_25_29_male,46310
2003-06-01,2003,6,age_25_29,2,female,age_25_29_female,43983
2003-06-01,2003,6,age_30_34,1,male,age_30_34_male,42299
2003-06-01,2003,6,age_30_34,2,female,age_30_34_female,39936
2003-06-01,2003,6,age_35_39,1,male,age_35_39_male,20034
2003-06-01,2003,6,age_35_39,2,female,age_35_39_female,18904
2003-06-01,2003,6,age_40_plus,1,male,age_40_plus_male,4465
2003-06-01,2003,6,age_40_plus,2,female,age_40_plus_female,4050
2003-07-01,2003,7,under_20,1,male,under_20_male,19221
2003-07-01,2003,7,under_20,2,female,under_20_female,17688
2003-07-01,2003,7,age_20_24,1,male,age_20_24_male,47190
2003-07-01,2003,7,age_20_24,2,female,age_20_24_female,44843
2003-07-01,2003,7,age_25_29,1,male,age_25_29_male,49842
2003-07-01,2003,7,age_25_29,2,female,age_25_29_female,47480
2003-07-01,2003,7,age_30_34,1,male,age_30_34_male,44442
2003-07-01,2003,7,age_30_34,2,female,age_30_34_female,42821
2003-07-01,2003,7,age_35_39,1,male,age_35_39_male,21513
2003-07-01,2003,7,age_35_39,2,female,age_35_39_female,20291
2003-07-01,2003,7,age_40_plus,1,male,age_40_plus_male,4835
2003-07-01,2003,7,age_40_plus,2,female,age_40_plus_female,4631
2003-08-01,2003,8,under_20,1,male,under_20_male,19209
2003-08-01,2003,8,under_20,2,female,under_20_female,18261
2003-08-01,2003,8,age_20_24,1,male,age_20_24_male,47121
2003-08-01,2003,8,age_20_24,2,female,age_20_24_female,44790
2003-08-01,2003,8,age_25_29,1,male,age_25_29_male,49239
2003-08-01,2003,8,age_25_29,2,female,age_25_29_female,46797
2003-08-01,2003,8,age_30_34,1,male,age_30_34_male,43720
2003-08-01,2003,8,age_30_34,2,female,age_30_34_female,41693
2003-08-01,2003,8,age_35_39,1,male,age_35_39_male,20960
2003-08-01,2003,8,age_35_39,2,female,age_35_39_female,19622
2003-08-01,2003,8,age_40_plus,1,male,age_40_plus_male,4736
2003-08-01,2003,8,age_40_plus,2,female,age_40_plus_female,4532
2003-09-01,2003,9,under_20,1,male,under_20_male,18867
2003-09-01,2003,9,under_20,2,female,under_20_female,18300
2003-09-01,2003,9,age_20_24,1,male,age_20_24_male,46811
2003-09-01,2003,9,age_20_24,2,female,age_20_24_female,44830
2003-09-01,2003,9,age_25_29,1,male,age_25_29_male,48883
2003-09-01,2003,9,age_25_29,2,female,age_25_29_female,46820
2003-09-01,2003,9,age_30_34,1,male,age_30_34_male,43611
2003-09-01,2003,9,age_30_34,2,female,age_30_34_female,41601
2003-09-01,2003,9,age_35_39,1,male,age_35_39_male,20997
2003-09-01,2003,9,age_35_39,2,female,age_35_39_female,20268
2003-09-01,2003,9,age_40_plus,1,male,age_40_plus_male,4756
2003-09-01,2003,9,age_40_plus,2,female,age_40_plus_female,4451
2003-10-01,2003,10,under_20,1,male,under_20_male,18303
2003-10-01,2003,10,under_20,2,female,under_20_female,17604
2003-10-01,2003,10,age_20_24,1,male,age_20_24_male,45557
2003-10-01,2003,10,age_20_24,2,female,age_20_24_female,44228
2003-10-01,2003,10,age_25_29,1,male,age_25_29_male,48120
2003-10-01,2003,10,age_25_29,2,female,age_25_29_female,45982
2003-10-01,2003,10,age_30_34,1,male,age_30_34_male,42834
2003-10-01,2003,10,age_30_34,2,female,age_30_34_female,40943
2003-10-01,2003,10,age_35_39,1,male,age_35_39_male,21084
2003-10-01,2003,10,age_35_39,2,female,age_35_39_female,20155
2003-10-01,2003,10,age_40_plus,1,male,age_40_plus_male,5025
2003-10-01,2003,10,age_40_plus,2,female,age_40_plus_female,4747
2003-11-01,2003,11,under_20,1,male,under_20_male,17397
2003-11-01,2003,11,under_20,2,female,under_20_female,16565
2003-11-01,2003,11,age_20_24,1,male,age_20_24_male,41866
2003-11-01,2003,11,age_20_24,2,female,age_20_24_female,40200
2003-11-01,2003,11,age_25_29,1,male,age_25_29_male,43032
2003-11-01,2003,11,age_25_29,2,female,age_25_29_female,41477
2003-11-01,2003,11,age_30_34,1,male,age_30_34_male,38183
2003-11-01,2003,11,age_30_34,2,female,age_30_34_female,36420
2003-11-01,2003,11,age_35_39,1,male,age_35_39_male,18845
2003-11-01,2003,11,age_35_39,2,female,age_35_39_female,17927
2003-11-01,2003,11,age_40_plus,1,male,age_40_plus_male,4434
2003-11-01,2003,11,age_40_plus,2,female,age_40_plus_female,4270
2003-12-01,2003,12,under_20,1,male,under_20_male,18582
2003-12-01,2003,12,under_20,2,female,under_20_female,17737
2003-12-01,2003,12,age_20_24,1,male,age_20_24_male,45281
2003-12-01,2003,12,age_20_24,2,female,age_20_24_female,43741
2003-12-01,2003,12,age_25_29,1,male,age_25_29_male,46698
2003-12-01,2003,12,age_25_29,2,female,age_25_29_female,44345
2003-12-01,2003,12,age_30_34,1,male,age_30_34_male,40299
2003-12-01,2003,12,age_30_34,2,female,age_30_34_female,38784
2003-12-01,2003,12,age_35_39,1,male,age_35_39_male,20200
2003-12-01,2003,12,age_35_39,2,female,age_35_39_female,19061
2003-12-01,2003,12,age_40_plus,1,male,age_40_plus_male,4862
2003-12-01,2003,12,age_40_plus,2,female,age_40_plus_female,4477
2004-01-01,2004,1,under_20,1,male,under_20_male,18648
2004-01-01,2004,1,under_20,2,female,under_20_female,17730
2004-01-01,2004,1,age_20_24,1,male,age_20_24_male,43742
2004-01-01,2004,1,age_20_24,2,female,age_20_24_female,41717
2004-01-01,2004,1,age_25_29,1,male,age_25_29_male,45222
2004-01-01,2004,1,age_25_29,2,female,age_25_29_female,43190
2004-01-01,2004,1,age_30_34,1,male,age_30_34_male,39274
2004-01-01,2004,1,age_30_34,2,female,age_30_34_female,37131
2004-01-01,2004,1,age_35_39,1,male,age_35_39_male,19269
2004-01-01,2004,1,age_35_39,2,female,age_35_39_female,18467
2004-01-01,2004,1,age_40_plus,1,male,age_40_plus_male,4623
2004-01-01,2004,1,age_40_plus,2,female,age_40_plus_female,4395
2004-02-01,2004,2,under_20,1,male,under_20_male,16999
2004-02-01,2004,2,under_20,2,female,under_20_female,16446
2004-02-01,2004,2,age_20_24,1,male,age_20_24_male,40473
2004-02-01,2004,2,age_20_24,2,female,age_20_24_female,38983
2004-02-01,2004,2,age_25_29,1,male,age_25_29_male,43302
2004-02-01,2004,2,age_25_29,2,female,age_25_29_female,41343
2004-02-01,2004,2,age_30_34,1,male,age_30_34_male,37918
2004-02-01,2004,2,age_30_34,2,female,age_30_34_female,36115
2004-02-01,2004,2,age_35_39,1,male,age_35_39_male,18555
2004-02-01,2004,2,age_35_39,2,female,age_35_39_female,17646
2004-02-01,2004,2,age_40_plus,1,male,age_40_plus_male,4351
2004-02-01,2004,2,age_40_plus,2,female,age_40_plus_female,4179
2004-03-01,2004,3,under_20,1,male,under_20_male,18300
2004-03-01,2004,3,under_20,2,female,under_20_female,17264
2004-03-01,2004,3,age_20_24,1,male,age_20_24_male,44068
2004-03-01,2004,3,age_20_24,2,female,age_20_24_female,42064
2004-03-01,2004,3,age_25_29,1,male,age_25_29_male,48015
2004-03-01,2004,3,age_25_29,2,female,age_25_29_female,45527
2004-03-01,2004,3,age_30_34,1,male,age_30_34_male,42612
2004-03-01,2004,3,age_30_34,2,female,age_30_34_female,40432
2004-03-01,2004,3,age_35_39,1,male,age_35_39_male,20254
2004-03-01,2004,3,age_35_39,2,female,age_35_39_female,19269
2004-03-01,2004,3,age_40_plus,1,male,age_40_plus_male,4647
2004-03-01,2004,3,age_40_plus,2,female,age_40_plus_female,4402
2004-04-01,2004,4,under_20,1,male,under_20_male,17149
2004-04-01,2004,4,under_20,2,female,under_20_female,16235
2004-04-01,2004,4,age_20_24,1,male,age_20_24_male,42088
2004-04-01,2004,4,age_20_24,2,female,age_20_24_female,40072
2004-04-01,2004,4,age_25_29,1,male,age_25_29_male,46252
2004-04-01,2004,4,age_25_29,2,female,age_25_29_female,44283
2004-04-01,2004,4,age_30_34,1,male,age_30_34_male,41310
2004-04-01,2004,4,age_30_34,2,female,age_30_34_female,39150
2004-04-01,2004,4,age_35_39,1,male,age_35_39_male,19775
2004-04-01,2004,4,age_35_39,2,female,age_35_39_female,18878
2004-04-01,2004,4,age_40_plus,1,male,age_40_plus_male,4366
2004-04-01,2004,4,age_40_plus,2,female,age_40_plus_female,4300
2004-05-01,2004,5,under_20,1,male,under_20_male,17270
2004-05-01,2004,5,under_20,2,female,under_20_female,16001
2004-05-01,2004,5,age_20_24,1,male,age_20_24_male,42706
2004-05-01,2004,5,age_20_24,2,female,age_20_24_female,40565
2004-05-01,2004,5,age_25_29,1,male,age_25_29_male,46901
2004-05-01,2004,5,age_25_29,2,female,age_25_29_female,44485
2004-05-01,2004,5,age_30_34,1,male,age_30_34_male,42258
2004-05-01,2004,5,age_30_34,2,female,age_30_34_female,39808
2004-05-01,2004,5,age_35_39,1,male,age_35_39_male,20158
2004-05-01,2004,5,age_35_39,2,female,age_35_39_female,19132
2004-05-01,2004,5,age_40_plus,1,male,age_40_plus_male,4609
2004-05-01,2004,5,age_40_plus,2,female,age_40_plus_female,4275
2004-06-01,2004,6,under_20,1,male,under_20_male,17555
2004-06-01,2004,6,under_20,2,female,under_20_female,16645
2004-06-01,2004,6,age_20_24,1,male,age_20_24_male,43718
2004-06-01,2004,6,age_20_24,2,female,age_20_24_female,42150
2004-06-01,2004,6,age_25_29,1,male,age_25_29_male,47909
2004-06-01,2004,6,age_25_29,2,female,age_25_29_female,45896
2004-06-01,2004,6,age_30_34,1,male,age_30_34_male,42226
2004-06-01,2004,6,age_30_34,2,female,age_30_34_female,40489
2004-06-01,2004,6,age_35_39,1,male,age_35_39_male,20436
2004-06-01,2004,6,age_35_39,2,female,age_35_39_female,19423
2004-06-01,2004,6,age_40_plus,1,male,age_40_plus_male,4548
2004-06-01,2004,6,age_40_plus,2,female,age_40_plus_female,4403
2004-07-01,2004,7,under_20,1,male,under_20_male,18780
2004-07-01,2004,7,under_20,2,female,under_20_female,17734
2004-07-01,2004,7,age_20_24,1,male,age_20_24_male,46447
2004-07-01,2004,7,age_20_24,2,female,age_20_24_female,44553
2004-07-01,2004,7,age_25_29,1,male,age_25_29_male,49739
2004-07-01,2004,7,age_25_29,2,female,age_25_29_female,47176
2004-07-01,2004,7,age_30_34,1,male,age_30_34_male,43485
2004-07-01,2004,7,age_30_34,2,female,age_30_34_female,41227
2004-07-01,2004,7,age_35_39,1,male,age_35_39_male,21339
2004-07-01,2004,7,age_35_39,2,female,age_35_39_female,20126
2004-07-01,2004,7,age_40_plus,1,male,age_40_plus_male,4803
2004-07-01,2004,7,age_40_plus,2,female,age_40_plus_female,4641
2004-08-01,2004,8,under_20,1,male,under_20_male,18396
2004-08-01,2004,8,under_20,2,female,under_20_female,17907
2004-08-01,2004,8,age_20_24,1,male,age_20_24_male,45579
2004-08-01,2004,8,age_20_24,2,female,age_20_24_female,43961
2004-08-01,2004,8,age_25_29,1,male,age_25_29_male,49302
2004-08-01,2004,8,age_25_29,2,female,age_25_29_female,46737
2004-08-01,2004,8,age_30_34,1,male,age_30_34_male,42754
2004-08-01,2004,8,age_30_34,2,female,age_30_34_female,40607
2004-08-01,2004,8,age_35_39,1,male,age_35_39_male,21258
2004-08-01,2004,8,age_35_39,2,female,age_35_39_female,20156
2004-08-01,2004,8,age_40_plus,1,male,age_40_plus_male,4806
2004-08-01,2004,8,age_40_plus,2,female,age_40_plus_female,4612
2004-09-01,2004,9,under_20,1,male,under_20_male,18638
2004-09-01,2004,9,under_20,2,female,under_20_female,17404
2004-09-01,2004,9,age_20_24,1,male,age_20_24_male,46088
2004-09-01,2004,9,age_20_24,2,female,age_20_24_female,44194
2004-09-01,2004,9,age_25_29,1,male,age_25_29_male,48937
2004-09-01,2004,9,age_25_29,2,female,age_25_29_female,46684
2004-09-01,2004,9,age_30_34,1,male,age_30_34_male,43088
2004-09-01,2004,9,age_30_34,2,female,age_30_34_female,40922
2004-09-01,2004,9,age_35_39,1,male,age_35_39_male,21197
2004-09-01,2004,9,age_35_39,2,female,age_35_39_female,20294
2004-09-01,2004,9,age_40_plus,1,male,age_40_plus_male,4759
2004-09-01,2004,9,age_40_plus,2,female,age_40_plus_female,4498
2004-10-01,2004,10,under_20,1,male,under_20_male,18311
2004-10-01,2004,10,under_20,2,female,under_20_female,17421
2004-10-01,2004,10,age_20_24,1,male,age_20_24_male,45266
2004-10-01,2004,10,age_20_24,2,female,age_20_24_female,42829
2004-10-01,2004,10,age_25_29,1,male,age_25_29_male,47583
2004-10-01,2004,10,age_25_29,2,female,age_25_29_female,45837
2004-10-01,2004,10,age_30_34,1,male,age_30_34_male,41152
2004-10-01,2004,10,age_30_34,2,female,age_30_34_female,39873
2004-10-01,2004,10,age_35_39,1,male,age_35_39_male,21067
2004-10-01,2004,10,age_35_39,2,female,age_35_39_female,20116
2004-10-01,2004,10,age_40_plus,1,male,age_40_plus_male,4915
2004-10-01,2004,10,age_40_plus,2,female,age_40_plus_female,4740
2004-11-01,2004,11,under_20,1,male,under_20_male,17985
2004-11-01,2004,11,under_20,2,female,under_20_female,17160
2004-11-01,2004,11,age_20_24,1,male,age_20_24_male,43706
2004-11-01,2004,11,age_20_24,2,female,age_20_24_female,42056
2004-11-01,2004,11,age_25_29,1,male,age_25_29_male,45559
2004-11-01,2004,11,age_25_29,2,female,age_25_29_female,43748
2004-11-01,2004,11,age_30_34,1,male,age_30_34_male,39813
2004-11-01,2004,11,age_30_34,2,female,age_30_34_female,37511
2004-11-01,2004,11,age_35_39,1,male,age_35_39_male,20056
2004-11-01,2004,11,age_35_39,2,female,age_35_39_female,19216
2004-11-01,2004,11,age_40_plus,1,male,age_40_plus_male,4826
2004-11-01,2004,11,age_40_plus,2,female,age_40_plus_female,4673
2004-12-01,2004,12,under_20,1,male,under_20_male,18781
2004-12-01,2004,12,under_20,2,female,under_20_female,17883
2004-12-01,2004,12,age_20_24,1,male,age_20_24_male,45527
2004-12-01,2004,12,age_20_24,2,female,age_20_24_female,43289
2004-12-01,2004,12,age_25_29,1,male,age_25_29_male,47424
2004-12-01,2004,12,age_25_29,2,female,age_25_29_female,45513
2004-12-01,2004,12,age_30_34,1,male,age_30_34_male,39881
2004-12-01,2004,12,age_30_34,2,female,age_30_34_female,38493
2004-12-01,2004,12,age_35_39,1,male,age_35_39_male,20556
2004-12-01,2004,12,age_35_39,2,female,age_35_39_female,19736
2004-12-01,2004,12,age_40_plus,1,male,age_40_plus_male,4888
2004-12-01,2004,12,age_40_plus,2,female,age_40_plus_female,4693
2005-01-01,2005,1,under_20,1,male,under_20_male,18018
2005-01-01,2005,1,under_20,2,female,under_20_female,17188
2005-01-01,2005,1,age_20_24,1,male,age_20_24_male,43700
2005-01-01,2005,1,age_20_24,2,female,age_20_24_female,41679
2005-01-01,2005,1,age_25_29,1,male,age_25_29_male,45477
2005-01-01,2005,1,age_25_29,2,female,age_25_29_female,43632
2005-01-01,2005,1,age_30_34,1,male,age_30_34_male,38262
2005-01-01,2005,1,age_30_34,2,female,age_30_34_female,36790
2005-01-01,2005,1,age_35_39,1,male,age_35_39_male,19512
2005-01-01,2005,1,age_35_39,2,female,age_35_39_female,18479
2005-01-01,2005,1,age_40_plus,1,male,age_40_plus_male,4701
2005-01-01,2005,1,age_40_plus,2,female,age_40_plus_female,4592
2005-02-01,2005,2,under_20,1,male,under_20_male,16443
2005-02-01,2005,2,under_20,2,female,under_20_female,15606
2005-02-01,2005,2,age_20_24,1,male,age_20_24_male,39922
2005-02-01,2005,2,age_20_24,2,female,age_20_24_female,38099
2005-02-01,2005,2,age_25_29,1,male,age_25_29_male,43001
2005-02-01,2005,2,age_25_29,2,female,age_25_29_female,41431
2005-02-01,2005,2,age_30_34,1,male,age_30_34_male,36623
2005-02-01,2005,2,age_30_34,2,female,age_30_34_female,34861
2005-02-01,2005,2,age_35_39,1,male,age_35_39_male,18364
2005-02-01,2005,2,age_35_39,2,female,age_35_39_female,17224
2005-02-01,2005,2,age_40_plus,1,male,age_40_plus_male,4401
2005-02-01,2005,2,age_40_plus,2,female,age_40_plus_female,4121
2005-03-01,2005,3,under_20,1,male,under_20_male,18161
2005-03-01,2005,3,under_20,2,female,under_20_female,17199
2005-03-01,2005,3,age_20_24,1,male,age_20_24_male,44248
2005-03-01,2005,3,age_20_24,2,female,age_20_24_female,41994
2005-03-01,2005,3,age_25_29,1,male,age_25_29_male,49487
2005-03-01,2005,3,age_25_29,2,female,age_25_29_female,46648
2005-03-01,2005,3,age_30_34,1,male,age_30_34_male,42238
2005-03-01,2005,3,age_30_34,2,female,age_30_34_female,39829
2005-03-01,2005,3,age_35_39,1,male,age_35_39_male,20861
2005-03-01,2005,3,age_35_39,2,female,age_35_39_female,19676
2005-03-01,2005,3,age_40_plus,1,male,age_40_plus_male,4886
2005-03-01,2005,3,age_40_plus,2,female,age_40_plus_female,4654
2005-04-01,2005,4,under_20,1,male,under_20_male,16868
2005-04-01,2005,4,under_20,2,female,under_20_female,16033
2005-04-01,2005,4,age_20_24,1,male,age_20_24_male,41956
2005-04-01,2005,4,age_20_24,2,female,age_20_24_female,39924
2005-04-01,2005,4,age_25_29,1,male,age_25_29_male,47009
2005-04-01,2005,4,age_25_29,2,female,age_25_29_female,44634
2005-04-01,2005,4,age_30_34,1,male,age_30_34_male,40734
2005-04-01,2005,4,age_30_34,2,female,age_30_34_female,38237
2005-04-01,2005,4,age_35_39,1,male,age_35_39_male,19891
2005-04-01,2005,4,age_35_39,2,female,age_35_39_female,18856
2005-04-01,2005,4,age_40_plus,1,male,age_40_plus_male,4587
2005-04-01,2005,4,age_40_plus,2,female,age_40_plus_female,4298
2005-05-01,2005,5,under_20,1,male,under_20_male,17088
2005-05-01,2005,5,under_20,2,female,under_20_female,16263
2005-05-01,2005,5,age_20_24,1,male,age_20_24_male,43845
2005-05-01,2005,5,age_20_24,2,female,age_20_24_female,41270
2005-05-01,2005,5,age_25_29,1,male,age_25_29_male,48964
2005-05-01,2005,5,age_25_29,2,female,age_25_29_female,46634
2005-05-01,2005,5,age_30_34,1,male,age_30_34_male,42261
2005-05-01,2005,5,age_30_34,2,female,age_30_34_female,40265
2005-05-01,2005,5,age_35_39,1,male,age_35_39_male,21066
2005-05-01,2005,5,age_35_39,2,female,age_35_39_female,20127
2005-05-01,2005,5,age_40_plus,1,male,age_40_plus_male,4657
2005-05-01,2005,5,age_40_plus,2,female,age_40_plus_female,4390
2005-06-01,2005,6,under_20,1,male,under_20_male,17789
2005-06-01,2005,6,under_20,2,female,under_20_female,16967
2005-06-01,2005,6,age_20_24,1,male,age_20_24_male,44738
2005-06-01,2005,6,age_20_24,2,female,age_20_24_female,42581
2005-06-01,2005,6,age_25_29,1,male,age_25_29_male,49432
2005-06-01,2005,6,age_25_29,2,female,age_25_29_female,46812
2005-06-01,2005,6,age_30_34,1,male,age_30_34_male,42302
2005-06-01,2005,6,age_30_34,2,female,age_30_34_female,40701
2005-06-01,2005,6,age_35_39,1,male,age_35_39_male,20995
2005-06-01,2005,6,age_35_39,2,female,age_35_39_female,19946
2005-06-01,2005,6,age_40_plus,1,male,age_40_plus_male,4723
2005-06-01,2005,6,age_40_plus,2,female,age_40_plus_female,4460
2005-07-01,2005,7,under_20,1,male,under_20_male,18447
2005-07-01,2005,7,under_20,2,female,under_20_female,17647
2005-07-01,2005,7,age_20_24,1,male,age_20_24_male,45685
2005-07-01,2005,7,age_20_24,2,female,age_20_24_female,43692
2005-07-01,2005,7,age_25_29,1,male,age_25_29_male,50455
2005-07-01,2005,7,age_25_29,2,female,age_25_29_female,47899
2005-07-01,2005,7,age_30_34,1,male,age_30_34_male,42450
2005-07-01,2005,7,age_30_34,2,female,age_30_34_female,40194
2005-07-01,2005,7,age_35_39,1,male,age_35_39_male,21312
2005-07-01,2005,7,age_35_39,2,female,age_35_39_female,20554
2005-07-01,2005,7,age_40_plus,1,male,age_40_plus_male,4712
2005-07-01,2005,7,age_40_plus,2,female,age_40_plus_female,4653
2005-08-01,2005,8,under_20,1,male,under_20_male,18976
2005-08-01,2005,8,under_20,2,female,under_20_female,18491
2005-08-01,2005,8,age_20_24,1,male,age_20_24_male,47647
2005-08-01,2005,8,age_20_24,2,female,age_20_24_female,45540
2005-08-01,2005,8,age_25_29,1,male,age_25_29_male,52131
2005-08-01,2005,8,age_25_29,2,female,age_25_29_female,49222
2005-08-01,2005,8,age_30_34,1,male,age_30_34_male,43662
2005-08-01,2005,8,age_30_34,2,female,age_30_34_female,41262
2005-08-01,2005,8,age_35_39,1,male,age_35_39_male,22215
2005-08-01,2005,8,age_35_39,2,female,age_35_39_female,21109
2005-08-01,2005,8,age_40_plus,1,male,age_40_plus_male,4968
2005-08-01,2005,8,age_40_plus,2,female,age_40_plus_female,4822
2005-09-01,2005,9,under_20,1,male,under_20_male,19176
2005-09-01,2005,9,under_20,2,female,under_20_female,18193
2005-09-01,2005,9,age_20_24,1,male,age_20_24_male,47117
2005-09-01,2005,9,age_20_24,2,female,age_20_24_female,45008
2005-09-01,2005,9,age_25_29,1,male,age_25_29_male,50955
2005-09-01,2005,9,age_25_29,2,female,age_25_29_female,49080
2005-09-01,2005,9,age_30_34,1,male,age_30_34_male,42215
2005-09-01,2005,9,age_30_34,2,female,age_30_34_female,40219
2005-09-01,2005,9,age_35_39,1,male,age_35_39_male,21850
2005-09-01,2005,9,age_35_39,2,female,age_35_39_female,20702
2005-09-01,2005,9,age_40_plus,1,male,age_40_plus_male,4828
2005-09-01,2005,9,age_40_plus,2,female,age_40_plus_female,4771
2005-10-01,2005,10,under_20,1,male,under_20_male,18230
2005-10-01,2005,10,under_20,2,female,under_20_female,17181
2005-10-01,2005,10,age_20_24,1,male,age_20_24_male,44862
2005-10-01,2005,10,age_20_24,2,female,age_20_24_female,42807
2005-10-01,2005,10,age_25_29,1,male,age_25_29_male,48125
2005-10-01,2005,10,age_25_29,2,female,age_25_29_female,45906
2005-10-01,2005,10,age_30_34,1,male,age_30_34_male,39738
2005-10-01,2005,10,age_30_34,2,female,age_30_34_female,38286
2005-10-01,2005,10,age_35_39,1,male,age_35_39_male,20856
2005-10-01,2005,10,age_35_39,2,female,age_35_39_female,19970
2005-10-01,2005,10,age_40_plus,1,male,age_40_plus_male,4687
2005-10-01,2005,10,age_40_plus,2,female,age_40_plus_female,4645
2005-11-01,2005,11,under_20,1,male,under_20_male,17948
2005-11-01,2005,11,under_20,2,female,under_20_female,17266
2005-11-01,2005,11,age_20_24,1,male,age_20_24_male,43496
2005-11-01,2005,11,age_20_24,2,female,age_20_24_female,41780
2005-11-01,2005,11,age_25_29,1,male,age_25_29_male,47048
2005-11-01,2005,11,age_25_29,2,female,age_25_29_female,44712
2005-11-01,2005,11,age_30_34,1,male,age_30_34_male,38270
2005-11-01,2005,11,age_30_34,2,female,age_30_34_female,36781
2005-11-01,2005,11,age_35_39,1,male,age_35_39_male,20285
2005-11-01,2005,11,age_35_39,2,female,age_35_39_female,19511
2005-11-01,2005,11,age_40_plus,1,male,age_40_plus_male,4656
2005-11-01,2005,11,age_40_plus,2,female,age_40_plus_female,4556
2005-12-01,2005,12,under_20,1,male,under_20_male,18816
2005-12-01,2005,12,under_20,2,female,under_20_female,17955
2005-12-01,2005,12,age_20_24,1,male,age_20_24_male,46149
2005-12-01,2005,12,age_20_24,2,female,age_20_24_female,44098
2005-12-01,2005,12,age_25_29,1,male,age_25_29_male,48495
2005-12-01,2005,12,age_25_29,2,female,age_25_29_female,46534
2005-12-01,2005,12,age_30_34,1,male,age_30_34_male,39273
2005-12-01,2005,12,age_30_34,2,female,age_30_34_female,37317
2005-12-01,2005,12,age_35_39,1,male,age_35_39_male,20887
2005-12-01,2005,12,age_35_39,2,female,age_35_39_female,19738
2005-12-01,2005,12,age_40_plus,1,male,age_40_plus_male,4895
2005-12-01,2005,12,age_40_plus,2,female,age_40_plus_female,4691
2006-01-01,2006,1,under_20,1,male,under_20_male,18898
2006-01-01,2006,1,under_20,2,female,under_20_female,17790
2006-01-01,2006,1,age_20_24,1,male,age_20_24_male,44501
2006-01-01,2006,1,age_20_24,2,female,age_20_24_female,43449
2006-01-01,2006,1,age_25_29,1,male,age_25_29_male,47800
2006-01-01,2006,1,age_25_29,2,female,age_25_29_female,45379
2006-01-01,2006,1,age_30_34,1,male,age_30_34_male,38197
2006-01-01,2006,1,age_30_34,2,female,age_30_34_female,36365
2006-01-01,2006,1,age_35_39,1,male,age_35_39_male,20034
2006-01-01,2006,1,age_35_39,2,female,age_35_39_female,19175
2006-01-01,2006,1,age_40_plus,1,male,age_40_plus_male,4763
2006-01-01,2006,1,age_40_plus,2,female,age_40_plus_female,4548
2006-02-01,2006,2,under_20,1,male,under_20_male,17066
2006-02-01,2006,2,under_20,2,female,under_20_female,16712
2006-02-01,2006,2,age_20_24,1,male,age_20_24_male,41325
2006-02-01,2006,2,age_20_24,2,female,age_20_24_female,39570
2006-02-01,2006,2,age_25_29,1,male,age_25_29_male,45278
2006-02-01,2006,2,age_25_29,2,female,age_25_29_female,42759
2006-02-01,2006,2,age_30_34,1,male,age_30_34_male,36531
2006-02-01,2006,2,age_30_34,2,female,age_30_34_female,34821
2006-02-01,2006,2,age_35_39,1,male,age_35_39_male,18850
2006-02-01,2006,2,age_35_39,2,female,age_35_39_female,18149
2006-02-01,2006,2,age_40_plus,1,male,age_40_plus_male,4514
2006-02-01,2006,2,age_40_plus,2,female,age_40_plus_female,4270
2006-03-01,2006,3,under_20,1,male,under_20_male,18752
2006-03-01,2006,3,under_20,2,female,under_20_female,17905
2006-03-01,2006,3,age_20_24,1,male,age_20_24_male,45872
2006-03-01,2006,3,age_20_24,2,female,age_20_24_female,43556
2006-03-01,2006,3,age_25_29,1,male,age_25_29_male,50776
2006-03-01,2006,3,age_25_29,2,female,age_25_29_female,48063
2006-03-01,2006,3,age_30_34,1,male,age_30_34_male,41838
2006-03-01,2006,3,age_30_34,2,female,age_30_34_female,39246
2006-03-01,2006,3,age_35_39,1,male,age_35_39_male,21317
2006-03-01,2006,3,age_35_39,2,female,age_35_39_female,20510
2006-03-01,2006,3,age_40_plus,1,male,age_40_plus_male,4881
2006-03-01,2006,3,age_40_plus,2,female,age_40_plus_female,4644
2006-04-01,2006,4,under_20,1,male,under_20_male,16901
2006-04-01,2006,4,under_20,2,female,under_20_female,16193
2006-04-01,2006,4,age_20_24,1,male,age_20_24_male,41997
2006-04-01,2006,4,age_20_24,2,female,age_20_24_female,39634
2006-04-01,2006,4,age_25_29,1,male,age_25_29_male,47304
2006-04-01,2006,4,age_25_29,2,female,age_25_29_female,45359
2006-04-01,2006,4,age_30_34,1,male,age_30_34_male,38740
2006-04-01,2006,4,age_30_34,2,female,age_30_34_female,36937
2006-04-01,2006,4,age_35_39,1,male,age_35_39_male,19967
2006-04-01,2006,4,age_35_39,2,female,age_35_39_female,18836
2006-04-01,2006,4,age_40_plus,1,male,age_40_plus_male,4432
2006-04-01,2006,4,age_40_plus,2,female,age_40_plus_female,4095
2006-05-01,2006,5,under_20,1,male,under_20_male,17773
2006-05-01,2006,5,under_20,2,female,under_20_female,16947
2006-05-01,2006,5,age_20_24,1,male,age_20_24_male,45164
2006-05-01,2006,5,age_20_24,2,female,age_20_24_female,42808
2006-05-01,2006,5,age_25_29,1,male,age_25_29_male,51259
2006-05-01,2006,5,age_25_29,2,female,age_25_29_female,48258
2006-05-01,2006,5,age_30_34,1,male,age_30_34_male,42068
2006-05-01,2006,5,age_30_34,2,female,age_30_34_female,40266
2006-05-01,2006,5,age_35_39,1,male,age_35_39_male,21642
2006-05-01,2006,5,age_35_39,2,female,age_35_39_female,20575
2006-05-01,2006,5,age_40_plus,1,male,age_40_plus_male,4783
2006-05-01,2006,5,age_40_plus,2,female,age_40_plus_female,4520
2006-06-01,2006,6,under_20,1,male,under_20_male,18210
2006-06-01,2006,6,under_20,2,female,under_20_female,17376
2006-06-01,2006,6,age_20_24,1,male,age_20_24_male,45919
2006-06-01,2006,6,age_20_24,2,female,age_20_24_female,43323
2006-06-01,2006,6,age_25_29,1,male,age_25_29_male,51378
2006-06-01,2006,6,age_25_29,2,female,age_25_29_female,49025
2006-06-01,2006,6,age_30_34,1,male,age_30_34_male,41878
2006-06-01,2006,6,age_30_34,2,female,age_30_34_female,39884
2006-06-01,2006,6,age_35_39,1,male,age_35_39_male,21810
2006-06-01,2006,6,age_35_39,2,female,age_35_39_female,20839
2006-06-01,2006,6,age_40_plus,1,male,age_40_plus_male,4665
2006-06-01,2006,6,age_40_plus,2,female,age_40_plus_female,4590
2006-07-01,2006,7,under_20,1,male,under_20_male,19640
2006-07-01,2006,7,under_20,2,female,under_20_female,18385
2006-07-01,2006,7,age_20_24,1,male,age_20_24_male,47964
2006-07-01,2006,7,age_20_24,2,female,age_20_24_female,45552
2006-07-01,2006,7,age_25_29,1,male,age_25_29_male,52464
2006-07-01,2006,7,age_25_29,2,female,age_25_29_female,49833
2006-07-01,2006,7,age_30_34,1,male,age_30_34_male,42320
2006-07-01,2006,7,age_30_34,2,female,age_30_34_female,40023
2006-07-01,2006,7,age_35_39,1,male,age_35_39_male,21828
2006-07-01,2006,7,age_35_39,2,female,age_35_39_female,20984
2006-07-01,2006,7,age_40_plus,1,male,age_40_plus_male,4910
2006-07-01,2006,7,age_40_plus,2,female,age_40_plus_female,4730
2006-08-01,2006,8,under_20,1,male,under_20_male,20771
2006-08-01,2006,8,under_20,2,female,under_20_female,19493
2006-08-01,2006,8,age_20_24,1,male,age_20_24_male,50778
2006-08-01,2006,8,age_20_24,2,female,age_20_24_female,48565
2006-08-01,2006,8,age_25_29,1,male,age_25_29_male,55417
2006-08-01,2006,8,age_25_29,2,female,age_25_29_female,52518
2006-08-01,2006,8,age_30_34,1,male,age_30_34_male,44024
2006-08-01,2006,8,age_30_34,2,female,age_30_34_female,41969
2006-08-01,2006,8,age_35_39,1,male,age_35_39_male,22828
2006-08-01,2006,8,age_35_39,2,female,age_35_39_female,22093
2006-08-01,2006,8,age_40_plus,1,male,age_40_plus_male,5124
2006-08-01,2006,8,age_40_plus,2,female,age_40_plus_female,4901
2006-09-01,2006,9,under_20,1,male,under_20_male,19879
2006-09-01,2006,9,under_20,2,female,under_20_female,19252
2006-09-01,2006,9,age_20_24,1,male,age_20_24_male,48925
2006-09-01,2006,9,age_20_24,2,female,age_20_24_female,46765
2006-09-01,2006,9,age_25_29,1,male,age_25_29_male,53415
2006-09-01,2006,9,age_25_29,2,female,age_25_29_female,50895
2006-09-01,2006,9,age_30_34,1,male,age_30_34_male,42492
2006-09-01,2006,9,age_30_34,2,female,age_30_34_female,40510
2006-09-01,2006,9,age_35_39,1,male,age_35_39_male,22263
2006-09-01,2006,9,age_35_39,2,female,age_35_39_female,21419
2006-09-01,2006,9,age_40_plus,1,male,age_40_plus_male,4892
2006-09-01,2006,9,age_40_plus,2,female,age_40_plus_female,4682
2006-10-01,2006,10,under_20,1,male,under_20_male,19819
2006-10-01,2006,10,under_20,2,female,under_20_female,18963
2006-10-01,2006,10,age_20_24,1,male,age_20_24_male,48122
2006-10-01,2006,10,age_20_24,2,female,age_20_24_female,46026
2006-10-01,2006,10,age_25_29,1,male,age_25_29_male,51811
2006-10-01,2006,10,age_25_29,2,female,age_25_29_female,49507
2006-10-01,2006,10,age_30_34,1,male,age_30_34_male,41486
2006-10-01,2006,10,age_30_34,2,female,age_30_34_female,39171
2006-10-01,2006,10,age_35_39,1,male,age_35_39_male,22077
2006-10-01,2006,10,age_35_39,2,female,age_35_39_female,21459
2006-10-01,2006,10,age_40_plus,1,male,age_40_plus_male,4807
2006-10-01,2006,10,age_40_plus,2,female,age_40_plus_female,4812
2006-11-01,2006,11,under_20,1,male,under_20_male,19188
2006-11-01,2006,11,under_20,2,female,under_20_female,18246
2006-11-01,2006,11,age_20_24,1,male,age_20_24_male,46348
2006-11-01,2006,11,age_20_24,2,female,age_20_24_female,44066
2006-11-01,2006,11,age_25_29,1,male,age_25_29_male,49816
2006-11-01,2006,11,age_25_29,2,female,age_25_29_female,47108
2006-11-01,2006,11,age_30_34,1,male,age_30_34_male,39352
2006-11-01,2006,11,age_30_34,2,female,age_30_34_female,37536
2006-11-01,2006,11,age_35_39,1,male,age_35_39_male,21062
2006-11-01,2006,11,age_35_39,2,female,age_35_39_female,20240
2006-11-01,2006,11,age_40_plus,1,male,age_40_plus_male,4904
2006-11-01,2006,11,age_40_plus,2,female,age_40_plus_female,4623
2006-12-01,2006,12,under_20,1,male,under_20_male,19624
2006-12-01,2006,12,under_20,2,female,under_20_female,18701
2006-12-01,2006,12,age_20_24,1,male,age_20_24_male,47018
2006-12-01,2006,12,age_20_24,2,female,age_20_24_female,44751
2006-12-01,2006,12,age_25_29,1,male,age_25_29_male,50580
2006-12-01,2006,12,age_25_29,2,female,age_25_29_female,48123
2006-12-01,2006,12,age_30_34,1,male,age_30_34_male,39156
2006-12-01,2006,12,age_30_34,2,female,age_30_34_female,37623
2006-12-01,2006,12,age_35_39,1,male,age_35_39_male,21231
2006-12-01,2006,12,age_35_39,2,female,age_35_39_female,20303
2006-12-01,2006,12,age_40_plus,1,male,age_40_plus_male,4850
2006-12-01,2006,12,age_40_plus,2,female,age_40_plus_female,4754
2007-01-01,2007,1,under_20,1,male,under_20_male,19894
2007-01-01,2007,1,under_20,2,female,under_20_female,18721
2007-01-01,2007,1,age_20_24,1,male,age_20_24_male,46293
2007-01-01,2007,1,age_20_24,2,female,age_20_24_female,44429
2007-01-01,2007,1,age_25_29,1,male,age_25_29_male,50273
2007-01-01,2007,1,age_25_29,2,female,age_25_29_female,48255
2007-01-01,2007,1,age_30_34,1,male,age_30_34_male,39502
2007-01-01,2007,1,age_30_34,2,female,age_30_34_female,37633
2007-01-01,2007,1,age_35_39,1,male,age_35_39_male,20910
2007-01-01,2007,1,age_35_39,2,female,age_35_39_female,20016
2007-01-01,2007,1,age_40_plus,1,male,age_40_plus_male,4917
2007-01-01,2007,1,age_40_plus,2,female,age_40_plus_female,4717
2007-02-01,2007,2,under_20,1,male,under_20_male,17834
2007-02-01,2007,2,under_20,2,female,under_20_female,17286
2007-02-01,2007,2,age_20_24,1,male,age_20_24_male,42450
2007-02-01,2007,2,age_20_24,2,female,age_20_24_female,40368
2007-02-01,2007,2,age_25_29,1,male,age_25_29_male,46929
2007-02-01,2007,2,age_25_29,2,female,age_25_29_female,44576
2007-02-01,2007,2,age_30_34,1,male,age_30_34_male,36636
2007-02-01,2007,2,age_30_34,2,female,age_30_34_female,35227
2007-02-01,2007,2,age_35_39,1,male,age_35_39_male,19339
2007-02-01,2007,2,age_35_39,2,female,age_35_39_female,18348
2007-02-01,2007,2,age_40_plus,1,male,age_40_plus_male,4319
2007-02-01,2007,2,age_40_plus,2,female,age_40_plus_female,4082
2007-03-01,2007,3,under_20,1,male,under_20_male,19301
2007-03-01,2007,3,under_20,2,female,under_20_female,18326
2007-03-01,2007,3,age_20_24,1,male,age_20_24_male,46157
2007-03-01,2007,3,age_20_24,2,female,age_20_24_female,43705
2007-03-01,2007,3,age_25_29,1,male,age_25_29_male,52044
2007-03-01,2007,3,age_25_29,2,female,age_25_29_female,49884
2007-03-01,2007,3,age_30_34,1,male,age_30_34_male,41241
2007-03-01,2007,3,age_30_34,2,female,age_30_34_female,39573
2007-03-01,2007,3,age_35_39,1,male,age_35_39_male,21439
2007-03-01,2007,3,age_35_39,2,female,age_35_39_female,20381
2007-03-01,2007,3,age_40_plus,1,male,age_40_plus_male,4802
2007-03-01,2007,3,age_40_plus,2,female,age_40_plus_female,4557
2007-04-01,2007,4,under_20,1,male,under_20_male,17807
2007-04-01,2007,4,under_20,2,female,under_20_female,16926
2007-04-01,2007,4,age_20_24,1,male,age_20_24_male,42697
2007-04-01,2007,4,age_20_24,2,female,age_20_24_female,40899
2007-04-01,2007,4,age_25_29,1,male,age_25_29_male,48641
2007-04-01,2007,4,age_25_29,2,female,age_25_29_female,46295
2007-04-01,2007,4,age_30_34,1,male,age_30_34_male,39728
2007-04-01,2007,4,age_30_34,2,female,age_30_34_female,37575
2007-04-01,2007,4,age_35_39,1,male,age_35_39_male,20325
2007-04-01,2007,4,age_35_39,2,female,age_35_39_female,19131
2007-04-01,2007,4,age_40_plus,1,male,age_40_plus_male,4476
2007-04-01,2007,4,age_40_plus,2,female,age_40_plus_female,4295
2007-05-01,2007,5,under_20,1,male,under_20_male,18361
2007-05-01,2007,5,under_20,2,female,under_20_female,17425
2007-05-01,2007,5,age_20_24,1,male,age_20_24_male,45585
2007-05-01,2007,5,age_20_24,2,female,age_20_24_female,43550
2007-05-01,2007,5,age_25_29,1,male,age_25_29_male,52396
2007-05-01,2007,5,age_25_29,2,female,age_25_29_female,50042
2007-05-01,2007,5,age_30_34,1,male,age_30_34_male,43106
2007-05-01,2007,5,age_30_34,2,female,age_30_34_female,40496
2007-05-01,2007,5,age_35_39,1,male,age_35_39_male,21845
2007-05-01,2007,5,age_35_39,2,female,age_35_39_female,20842
2007-05-01,2007,5,age_40_plus,1,male,age_40_plus_male,4723
2007-05-01,2007,5,age_40_plus,2,female,age_40_plus_female,4547
2007-06-01,2007,6,under_20,1,male,under_20_male,18611
2007-06-01,2007,6,under_20,2,female,under_20_female,17732
2007-06-01,2007,6,age_20_24,1,male,age_20_24_male,45903
2007-06-01,2007,6,age_20_24,2,female,age_20_24_female,43122
2007-06-01,2007,6,age_25_29,1,male,age_25_29_male,51833
2007-06-01,2007,6,age_25_29,2,female,age_25_29_female,49260
2007-06-01,2007,6,age_30_34,1,male,age_30_34_male,42161
2007-06-01,2007,6,age_30_34,2,female,age_30_34_female,39867
2007-06-01,2007,6,age_35_39,1,male,age_35_39_male,21328
2007-06-01,2007,6,age_35_39,2,female,age_35_39_female,20260
2007-06-01,2007,6,age_40_plus,1,male,age_40_plus_male,4632
2007-06-01,2007,6,age_40_plus,2,female,age_40_plus_female,4516
2007-07-01,2007,7,under_20,1,male,under_20_male,20256
2007-07-01,2007,7,under_20,2,female,under_20_female,19094
2007-07-01,2007,7,age_20_24,1,male,age_20_24_male,49017
2007-07-01,2007,7,age_20_24,2,female,age_20_24_female,46617
2007-07-01,2007,7,age_25_29,1,male,age_25_29_male,54970
2007-07-01,2007,7,age_25_29,2,female,age_25_29_female,52220
2007-07-01,2007,7,age_30_34,1,male,age_30_34_male,43677
2007-07-01,2007,7,age_30_34,2,female,age_30_34_female,41216
2007-07-01,2007,7,age_35_39,1,male,age_35_39_male,22262
2007-07-01,2007,7,age_35_39,2,female,age_35_39_female,21402
2007-07-01,2007,7,age_40_plus,1,male,age_40_plus_male,4953
2007-07-01,2007,7,age_40_plus,2,female,age_40_plus_female,4672
2007-08-01,2007,8,under_20,1,male,under_20_male,21072
2007-08-01,2007,8,under_20,2,female,under_20_female,19886
2007-08-01,2007,8,age_20_24,1,male,age_20_24_male,50397
2007-08-01,2007,8,age_20_24,2,female,age_20_24_female,48063
2007-08-01,2007,8,age_25_29,1,male,age_25_29_male,55791
2007-08-01,2007,8,age_25_29,2,female,age_25_29_female,53971
2007-08-01,2007,8,age_30_34,1,male,age_30_34_male,44364
2007-08-01,2007,8,age_30_34,2,female,age_30_34_female,42444
2007-08-01,2007,8,age_35_39,1,male,age_35_39_male,22838
2007-08-01,2007,8,age_35_39,2,female,age_35_39_female,22210
2007-08-01,2007,8,age_40_plus,1,male,age_40_plus_male,5160
2007-08-01,2007,8,age_40_plus,2,female,age_40_plus_female,4921
2007-09-01,2007,9,under_20,1,male,under_20_male,19862
2007-09-01,2007,9,under_20,2,female,under_20_female,19192
2007-09-01,2007,9,age_20_24,1,male,age_20_24_male,47350
2007-09-01,2007,9,age_20_24,2,female,age_20_24_female,45050
2007-09-01,2007,9,age_25_29,1,male,age_25_29_male,52251
2007-09-01,2007,9,age_25_29,2,female,age_25_29_female,50611
2007-09-01,2007,9,age_30_34,1,male,age_30_34_male,41604
2007-09-01,2007,9,age_30_34,2,female,age_30_34_female,40012
2007-09-01,2007,9,age_35_39,1,male,age_35_39_male,21652
2007-09-01,2007,9,age_35_39,2,female,age_35_39_female,20677
2007-09-01,2007,9,age_40_plus,1,male,age_40_plus_male,4807
2007-09-01,2007,9,age_40_plus,2,female,age_40_plus_female,4556
2007-10-01,2007,10,under_20,1,male,under_20_male,19601
2007-10-01,2007,10,under_20,2,female,under_20_female,18964
2007-10-01,2007,10,age_20_24,1,male,age_20_24_male,47421
2007-10-01,2007,10,age_20_24,2,female,age_20_24_female,45108
2007-10-01,2007,10,age_25_29,1,male,age_25_29_male,52495
2007-10-01,2007,10,age_25_29,2,female,age_25_29_female,50464
2007-10-01,2007,10,age_30_34,1,male,age_30_34_male,42187
2007-10-01,2007,10,age_30_34,2,female,age_30_34_female,40484
2007-10-01,2007,10,age_35_39,1,male,age_35_39_male,22422
2007-10-01,2007,10,age_35_39,2,female,age_35_39_female,21133
2007-10-01,2007,10,age_40_plus,1,male,age_40_plus_male,5031
2007-10-01,2007,10,age_40_plus,2,female,age_40_plus_female,4759
2007-11-01,2007,11,under_20,1,male,under_20_male,19206
2007-11-01,2007,11,under_20,2,female,under_20_female,18082
2007-11-01,2007,11,age_20_24,1,male,age_20_24_male,45426
2007-11-01,2007,11,age_20_24,2,female,age_20_24_female,43701
2007-11-01,2007,11,age_25_29,1,male,age_25_29_male,50221
2007-11-01,2007,11,age_25_29,2,female,age_25_29_female,48287
2007-11-01,2007,11,age_30_34,1,male,age_30_34_male,39788
2007-11-01,2007,11,age_30_34,2,female,age_30_34_female,38398
2007-11-01,2007,11,age_35_39,1,male,age_35_39_male,21255
2007-11-01,2007,11,age_35_39,2,female,age_35_39_female,20286
2007-11-01,2007,11,age_40_plus,1,male,age_40_plus_male,4918
2007-11-01,2007,11,age_40_plus,2,female,age_40_plus_female,4759
2007-12-01,2007,12,under_20,1,male,under_20_male,19591
2007-12-01,2007,12,under_20,2,female,under_20_female,18711
2007-12-01,2007,12,age_20_24,1,male,age_20_24_male,46077
2007-12-01,2007,12,age_20_24,2,female,age_20_24_female,44491
2007-12-01,2007,12,age_25_29,1,male,age_25_29_male,50611
2007-12-01,2007,12,age_25_29,2,female,age_25_29_female,48456
2007-12-01,2007,12,age_30_34,1,male,age_30_34_male,39528
2007-12-01,2007,12,age_30_34,2,female,age_30_34_female,37651
2007-12-01,2007,12,age_35_39,1,male,age_35_39_male,20755
2007-12-01,2007,12,age_35_39,2,female,age_35_39_female,19744
2007-12-01,2007,12,age_40_plus,1,male,age_40_plus_male,4864
2007-12-01,2007,12,age_40_plus,2,female,age_40_plus_female,4734
2008-01-01,2008,1,under_20,1,male,under_20_male,19611
2008-01-01,2008,1,under_20,2,female,under_20_female,18661
2008-01-01,2008,1,age_20_24,1,male,age_20_24_male,46772
2008-01-01,2008,1,age_20_24,2,female,age_20_24_female,44577
2008-01-01,2008,1,age_25_29,1,male,age_25_29_male,50587
2008-01-01,2008,1,age_25_29,2,female,age_25_29_female,48515
2008-01-01,2008,1,age_30_34,1,male,age_30_34_male,39972
2008-01-01,2008,1,age_30_34,2,female,age_30_34_female,37956
2008-01-01,2008,1,age_35_39,1,male,age_35_39_male,20911
2008-01-01,2008,1,age_35_39,2,female,age_35_39_female,19906
2008-01-01,2008,1,age_40_plus,1,male,age_40_plus_male,4936
2008-01-01,2008,1,age_40_plus,2,female,age_40_plus_female,4640
2008-02-01,2008,2,under_20,1,male,under_20_male,18513
2008-02-01,2008,2,under_20,2,female,under_20_female,17798
2008-02-01,2008,2,age_20_24,1,male,age_20_24_male,43306
2008-02-01,2008,2,age_20_24,2,female,age_20_24_female,41644
2008-02-01,2008,2,age_25_29,1,male,age_25_29_male,48791
2008-02-01,2008,2,age_25_29,2,female,age_25_29_female,46526
2008-02-01,2008,2,age_30_34,1,male,age_30_34_male,38423
2008-02-01,2008,2,age_30_34,2,female,age_30_34_female,36445
2008-02-01,2008,2,age_35_39,1,male,age_35_39_male,19843
2008-02-01,2008,2,age_35_39,2,female,age_35_39_female,18852
2008-02-01,2008,2,age_40_plus,1,male,age_40_plus_male,4558
2008-02-01,2008,2,age_40_plus,2,female,age_40_plus_female,4404
2008-03-01,2008,3,under_20,1,male,under_20_male,19114
2008-03-01,2008,3,under_20,2,female,under_20_female,18022
2008-03-01,2008,3,age_20_24,1,male,age_20_24_male,43995
2008-03-01,2008,3,age_20_24,2,female,age_20_24_female,42302
2008-03-01,2008,3,age_25_29,1,male,age_25_29_male,50167
2008-03-01,2008,3,age_25_29,2,female,age_25_29_female,48537
2008-03-01,2008,3,age_30_34,1,male,age_30_34_male,40158
2008-03-01,2008,3,age_30_34,2,female,age_30_34_female,38846
2008-03-01,2008,3,age_35_39,1,male,age_35_39_male,20888
2008-03-01,2008,3,age_35_39,2,female,age_35_39_female,19823
2008-03-01,2008,3,age_40_plus,1,male,age_40_plus_male,4807
2008-03-01,2008,3,age_40_plus,2,female,age_40_plus_female,4523
2008-04-01,2008,4,under_20,1,male,under_20_male,18094
2008-04-01,2008,4,under_20,2,female,under_20_female,17209
2008-04-01,2008,4,age_20_24,1,male,age_20_24_male,43206
2008-04-01,2008,4,age_20_24,2,female,age_20_24_female,41382
2008-04-01,2008,4,age_25_29,1,male,age_25_29_male,50255
2008-04-01,2008,4,age_25_29,2,female,age_25_29_female,47938
2008-04-01,2008,4,age_30_34,1,male,age_30_34_male,41001
2008-04-01,2008,4,age_30_34,2,female,age_30_34_female,38976
2008-04-01,2008,4,age_35_39,1,male,age_35_39_male,20216
2008-04-01,2008,4,age_35_39,2,female,age_35_39_female,19558
2008-04-01,2008,4,age_40_plus,1,male,age_40_plus_male,4627
2008-04-01,2008,4,age_40_plus,2,female,age_40_plus_female,4522
2008-05-01,2008,5,under_20,1,male,under_20_male,17863
2008-05-01,2008,5,under_20,2,female,under_20_female,17082
2008-05-01,2008,5,age_20_24,1,male,age_20_24_male,44016
2008-05-01,2008,5,age_20_24,2,female,age_20_24_female,42274
2008-05-01,2008,5,age_25_29,1,male,age_25_29_male,52260
2008-05-01,2008,5,age_25_29,2,female,age_25_29_female,49291
2008-05-01,2008,5,age_30_34,1,male,age_30_34_male,42156
2008-05-01,2008,5,age_30_34,2,female,age_30_34_female,39944
2008-05-01,2008,5,age_35_39,1,male,age_35_39_male,21159
2008-05-01,2008,5,age_35_39,2,female,age_35_39_female,20030
2008-05-01,2008,5,age_40_plus,1,male,age_40_plus_male,4840
2008-05-01,2008,5,age_40_plus,2,female,age_40_plus_female,4520
2008-06-01,2008,6,under_20,1,male,under_20_male,18121
2008-06-01,2008,6,under_20,2,female,under_20_female,17172
2008-06-01,2008,6,age_20_24,1,male,age_20_24_male,43821
2008-06-01,2008,6,age_20_24,2,female,age_20_24_female,41375
2008-06-01,2008,6,age_25_29,1,male,age_25_29_male,50736
2008-06-01,2008,6,age_25_29,2,female,age_25_29_female,48322
2008-06-01,2008,6,age_30_34,1,male,age_30_34_male,40993
2008-06-01,2008,6,age_30_34,2,female,age_30_34_female,39047
2008-06-01,2008,6,age_35_39,1,male,age_35_39_male,20872
2008-06-01,2008,6,age_35_39,2,female,age_35_39_female,19608
2008-06-01,2008,6,age_40_plus,1,male,age_40_plus_male,4724
2008-06-01,2008,6,age_40_plus,2,female,age_40_plus_female,4434
2008-07-01,2008,7,under_20,1,male,under_20_male,19915
2008-07-01,2008,7,under_20,2,female,under_20_female,18856
2008-07-01,2008,7,age_20_24,1,male,age_20_24_male,47467
2008-07-01,2008,7,age_20_24,2,female,age_20_24_female,45054
2008-07-01,2008,7,age_25_29,1,male,age_25_29_male,54136
2008-07-01,2008,7,age_25_29,2,female,age_25_29_female,52033
2008-07-01,2008,7,age_30_34,1,male,age_30_34_male,43913
2008-07-01,2008,7,age_30_34,2,female,age_30_34_female,41282
2008-07-01,2008,7,age_35_39,1,male,age_35_39_male,22121
2008-07-01,2008,7,age_35_39,2,female,age_35_39_female,21207
2008-07-01,2008,7,age_40_plus,1,male,age_40_plus_male,5162
2008-07-01,2008,7,age_40_plus,2,female,age_40_plus_female,4959
2008-08-01,2008,8,under_20,1,male,under_20_male,19867
2008-08-01,2008,8,under_20,2,female,under_20_female,18909
2008-08-01,2008,8,age_20_24,1,male,age_20_24_male,47422
2008-08-01,2008,8,age_20_24,2,female,age_20_24_female,45099
2008-08-01,2008,8,age_25_29,1,male,age_25_29_male,54001
2008-08-01,2008,8,age_25_29,2,female,age_25_29_female,51793
2008-08-01,2008,8,age_30_34,1,male,age_30_34_male,43040
2008-08-01,2008,8,age_30_34,2,female,age_30_34_female,41090
2008-08-01,2008,8,age_35_39,1,male,age_35_39_male,21948
2008-08-01,2008,8,age_35_39,2,female,age_35_39_female,21031
2008-08-01,2008,8,age_40_plus,1,male,age_40_plus_male,5037
2008-08-01,2008,8,age_40_plus,2,female,age_40_plus_female,4791
2008-09-01,2008,9,under_20,1,male,under_20_male,19471
2008-09-01,2008,9,under_20,2,female,under_20_female,18755
2008-09-01,2008,9,age_20_24,1,male,age_20_24_male,46714
2008-09-01,2008,9,age_20_24,2,female,age_20_24_female,44849
2008-09-01,2008,9,age_25_29,1,male,age_25_29_male,53562
2008-09-01,2008,9,age_25_29,2,female,age_25_29_female,50548
2008-09-01,2008,9,age_30_34,1,male,age_30_34_male,42698
2008-09-01,2008,9,age_30_34,2,female,age_30_34_female,40386
2008-09-01,2008,9,age_35_39,1,male,age_35_39_male,21598
2008-09-01,2008,9,age_35_39,2,female,age_35_39_female,20525
2008-09-01,2008,9,age_40_plus,1,male,age_40_plus_male,4921
2008-09-01,2008,9,age_40_plus,2,female,age_40_plus_female,4633
2008-10-01,2008,10,under_20,1,male,under_20_male,18571
2008-10-01,2008,10,under_20,2,female,under_20_female,18193
2008-10-01,2008,10,age_20_24,1,male,age_20_24_male,44951
2008-10-01,2008,10,age_20_24,2,female,age_20_24_female,43096
2008-10-01,2008,10,age_25_29,1,male,age_25_29_male,51509
2008-10-01,2008,10,age_25_29,2,female,age_25_29_female,48837
2008-10-01,2008,10,age_30_34,1,male,age_30_34_male,41849
2008-10-01,2008,10,age_30_34,2,female,age_30_34_female,39768
2008-10-01,2008,10,age_35_39,1,male,age_35_39_male,21288
2008-10-01,2008,10,age_35_39,2,female,age_35_39_female,20600
2008-10-01,2008,10,age_40_plus,1,male,age_40_plus_male,5051
2008-10-01,2008,10,age_40_plus,2,female,age_40_plus_female,4820
2008-11-01,2008,11,under_20,1,male,under_20_male,17506
2008-11-01,2008,11,under_20,2,female,under_20_female,16694
2008-11-01,2008,11,age_20_24,1,male,age_20_24_male,41100
2008-11-01,2008,11,age_20_24,2,female,age_20_24_female,39852
2008-11-01,2008,11,age_25_29,1,male,age_25_29_male,46317
2008-11-01,2008,11,age_25_29,2,female,age_25_29_female,44189
2008-11-01,2008,11,age_30_34,1,male,age_30_34_male,36750
2008-11-01,2008,11,age_30_34,2,female,age_30_34_female,35642
2008-11-01,2008,11,age_35_39,1,male,age_35_39_male,19146
2008-11-01,2008,11,age_35_39,2,female,age_35_39_female,18127
2008-11-01,2008,11,age_40_plus,1,male,age_40_plus_male,4649
2008-11-01,2008,11,age_40_plus,2,female,age_40_plus_female,4435
2008-12-01,2008,12,under_20,1,male,under_20_male,19098
2008-12-01,2008,12,under_20,2,female,under_20_female,18015
2008-12-01,2008,12,age_20_24,1,male,age_20_24_male,45452
2008-12-01,2008,12,age_20_24,2,female,age_20_24_female,43918
2008-12-01,2008,12,age_25_29,1,male,age_25_29_male,50746
2008-12-01,2008,12,age_25_29,2,female,age_25_29_female,48348
2008-12-01,2008,12,age_30_34,1,male,age_30_34_male,40161
2008-12-01,2008,12,age_30_34,2,female,age_30_34_female,38311
2008-12-01,2008,12,age_35_39,1,male,age_35_39_male,20753
2008-12-01,2008,12,age_35_39,2,female,age_35_39_female,19847
2008-12-01,2008,12,age_40_plus,1,male,age_40_plus_male,5025
2008-12-01,2008,12,age_40_plus,2,female,age_40_plus_female,4776
2009-01-01,2009,1,under_20,1,male,under_20_male,18418
2009-01-01,2009,1,under_20,2,female,under_20_female,17251
2009-01-01,2009,1,age_20_24,1,male,age_20_24_male,43072
2009-01-01,2009,1,age_20_24,2,female,age_20_24_female,41593
2009-01-01,2009,1,age_25_29,1,male,age_25_29_male,48167
2009-01-01,2009,1,age_25_29,2,female,age_25_29_female,46267
2009-01-01,2009,1,age_30_34,1,male,age_30_34_male,38755
2009-01-01,2009,1,age_30_34,2,female,age_30_34_female,37250
2009-01-01,2009,1,age_35_39,1,male,age_35_39_male,19678
2009-01-01,2009,1,age_35_39,2,female,age_35_39_female,18872
2009-01-01,2009,1,age_40_plus,1,male,age_40_plus_male,4794
2009-01-01,2009,1,age_40_plus,2,female,age_40_plus_female,4454
2009-02-01,2009,2,under_20,1,male,under_20_male,16965
2009-02-01,2009,2,under_20,2,female,under_20_female,16312
2009-02-01,2009,2,age_20_24,1,male,age_20_24_male,39794
2009-02-01,2009,2,age_20_24,2,female,age_20_24_female,38010
2009-02-01,2009,2,age_25_29,1,male,age_25_29_male,45747
2009-02-01,2009,2,age_25_29,2,female,age_25_29_female,43716
2009-02-01,2009,2,age_30_34,1,male,age_30_34_male,36538
2009-02-01,2009,2,age_30_34,2,female,age_30_34_female,35424
2009-02-01,2009,2,age_35_39,1,male,age_35_39_male,18239
2009-02-01,2009,2,age_35_39,2,female,age_35_39_female,17720
2009-02-01,2009,2,age_40_plus,1,male,age_40_plus_male,4533
2009-02-01,2009,2,age_40_plus,2,female,age_40_plus_female,4171
2009-03-01,2009,3,under_20,1,male,under_20_male,18285
2009-03-01,2009,3,under_20,2,female,under_20_female,17257
2009-03-01,2009,3,age_20_24,1,male,age_20_24_male,42900
2009-03-01,2009,3,age_20_24,2,female,age_20_24_female,41022
2009-03-01,2009,3,age_25_29,1,male,age_25_29_male,50554
2009-03-01,2009,3,age_25_29,2,female,age_25_29_female,48465
2009-03-01,2009,3,age_30_34,1,male,age_30_34_male,41420
2009-03-01,2009,3,age_30_34,2,female,age_30_34_female,39260
2009-03-01,2009,3,age_35_39,1,male,age_35_39_male,20319
2009-03-01,2009,3,age_35_39,2,female,age_35_39_female,19383
2009-03-01,2009,3,age_40_plus,1,male,age_40_plus_male,4766
2009-03-01,2009,3,age_40_plus,2,female,age_40_plus_female,4718
2009-04-01,2009,4,under_20,1,male,under_20_male,17199
2009-04-01,2009,4,under_20,2,female,under_20_female,16402
2009-04-01,2009,4,age_20_24,1,male,age_20_24_male,41414
2009-04-01,2009,4,age_20_24,2,female,age_20_24_female,39152
2009-04-01,2009,4,age_25_29,1,male,age_25_29_male,49021
2009-04-01,2009,4,age_25_29,2,female,age_25_29_female,46921
2009-04-01,2009,4,age_30_34,1,male,age_30_34_male,40633
2009-04-01,2009,4,age_30_34,2,female,age_30_34_female,38870
2009-04-01,2009,4,age_35_39,1,male,age_35_39_male,19856
2009-04-01,2009,4,age_35_39,2,female,age_35_39_female,19020
2009-04-01,2009,4,age_40_plus,1,male,age_40_plus_male,4790
2009-04-01,2009,4,age_40_plus,2,female,age_40_plus_female,4537
2009-05-01,2009,5,under_20,1,male,under_20_male,17125
2009-05-01,2009,5,under_20,2,female,under_20_female,16305
2009-05-01,2009,5,age_20_24,1,male,age_20_24_male,42250
2009-05-01,2009,5,age_20_24,2,female,age_20_24_female,40253
2009-05-01,2009,5,age_25_29,1,male,age_25_29_male,50873
2009-05-01,2009,5,age_25_29,2,female,age_25_29_female,48068
2009-05-01,2009,5,age_30_34,1,male,age_30_34_male,41888
2009-05-01,2009,5,age_30_34,2,female,age_30_34_female,39869
2009-05-01,2009,5,age_35_39,1,male,age_35_39_male,20381
2009-05-01,2009,5,age_35_39,2,female,age_35_39_female,19348
2009-05-01,2009,5,age_40_plus,1,male,age_40_plus_male,4872
2009-05-01,2009,5,age_40_plus,2,female,age_40_plus_female,4589
2009-06-01,2009,6,under_20,1,male,under_20_male,17473
2009-06-01,2009,6,under_20,2,female,under_20_female,16657
2009-06-01,2009,6,age_20_24,1,male,age_20_24_male,43107
2009-06-01,2009,6,age_20_24,2,female,age_20_24_female,40893
2009-06-01,2009,6,age_25_29,1,male,age_25_29_male,51014
2009-06-01,2009,6,age_25_29,2,female,age_25_29_female,47960
2009-06-01,2009,6,age_30_34,1,male,age_30_34_male,42083
2009-06-01,2009,6,age_30_34,2,female,age_30_34_female,39564
2009-06-01,2009,6,age_35_39,1,male,age_35_39_male,20380
2009-06-01,2009,6,age_35_39,2,female,age_35_39_female,19230
2009-06-01,2009,6,age_40_plus,1,male,age_40_plus_male,4648
2009-06-01,2009,6,age_40_plus,2,female,age_40_plus_female,4528
2009-07-01,2009,7,under_20,1,male,under_20_male,19023
2009-07-01,2009,7,under_20,2,female,under_20_female,17915
2009-07-01,2009,7,age_20_24,1,male,age_20_24_male,45965
2009-07-01,2009,7,age_20_24,2,female,age_20_24_female,43890
2009-07-01,2009,7,age_25_29,1,male,age_25_29_male,53285
2009-07-01,2009,7,age_25_29,2,female,age_25_29_female,51214
2009-07-01,2009,7,age_30_34,1,male,age_30_34_male,43909
2009-07-01,2009,7,age_30_34,2,female,age_30_34_female,41684
2009-07-01,2009,7,age_35_39,1,male,age_35_39_male,21578
2009-07-01,2009,7,age_35_39,2,female,age_35_39_female,20782
2009-07-01,2009,7,age_40_plus,1,male,age_40_plus_male,5079
2009-07-01,2009,7,age_40_plus,2,female,age_40_plus_female,4793
2009-08-01,2009,8,under_20,1,male,under_20_male,18963
2009-08-01,2009,8,under_20,2,female,under_20_female,17387
2009-08-01,2009,8,age_20_24,1,male,age_20_24_male,45132
2009-08-01,2009,8,age_20_24,2,female,age_20_24_female,42959
2009-08-01,2009,8,age_25_29,1,male,age_25_29_male,51950
2009-08-01,2009,8,age_25_29,2,female,age_25_29_female,49639
2009-08-01,2009,8,age_30_34,1,male,age_30_34_male,42483
2009-08-01,2009,8,age_30_34,2,female,age_30_34_female,40908
2009-08-01,2009,8,age_35_39,1,male,age_35_39_male,21180
2009-08-01,2009,8,age_35_39,2,female,age_35_39_female,19875
2009-08-01,2009,8,age_40_plus,1,male,age_40_plus_male,5055
2009-08-01,2009,8,age_40_plus,2,female,age_40_plus_female,4695
2009-09-01,2009,9,under_20,1,male,under_20_male,18296
2009-09-01,2009,9,under_20,2,female,under_20_female,17581
2009-09-01,2009,9,age_20_24,1,male,age_20_24_male,44949
2009-09-01,2009,9,age_20_24,2,female,age_20_24_female,43320
2009-09-01,2009,9,age_25_29,1,male,age_25_29_male,52563
2009-09-01,2009,9,age_25_29,2,female,age_25_29_female,49986
2009-09-01,2009,9,age_30_34,1,male,age_30_34_male,42939
2009-09-01,2009,9,age_30_34,2,female,age_30_34_female,41545
2009-09-01,2009,9,age_35_39,1,male,age_35_39_male,21332
2009-09-01,2009,9,age_35_39,2,female,age_35_39_female,20349
2009-09-01,2009,9,age_40_plus,1,male,age_40_plus_male,4896
2009-09-01,2009,9,age_40_plus,2,female,age_40_plus_female,4859
2009-10-01,2009,10,under_20,1,male,under_20_male,17589
2009-10-01,2009,10,under_20,2,female,under_20_female,16782
2009-10-01,2009,10,age_20_24,1,male,age_20_24_male,43455
2009-10-01,2009,10,age_20_24,2,female,age_20_24_female,41207
2009-10-01,2009,10,age_25_29,1,male,age_25_29_male,50330
2009-10-01,2009,10,age_25_29,2,female,age_25_29_female,47480
2009-10-01,2009,10,age_30_34,1,male,age_30_34_male,41297
2009-10-01,2009,10,age_30_34,2,female,age_30_34_female,39546
2009-10-01,2009,10,age_35_39,1,male,age_35_39_male,20753
2009-10-01,2009,10,age_35_39,2,female,age_35_39_female,19820
2009-10-01,2009,10,age_40_plus,1,male,age_40_plus_male,5154
2009-10-01,2009,10,age_40_plus,2,female,age_40_plus_female,4805
2009-11-01,2009,11,under_20,1,male,under_20_male,16309
2009-11-01,2009,11,under_20,2,female,under_20_female,15506
2009-11-01,2009,11,age_20_24,1,male,age_20_24_male,40328
2009-11-01,2009,11,age_20_24,2,female,age_20_24_female,38204
2009-11-01,2009,11,age_25_29,1,male,age_25_29_male,45968
2009-11-01,2009,11,age_25_29,2,female,age_25_29_female,43848
2009-11-01,2009,11,age_30_34,1,male,age_30_34_male,37780
2009-11-01,2009,11,age_30_34,2,female,age_30_34_female,36233
2009-11-01,2009,11,age_35_39,1,male,age_35_39_male,19125
2009-11-01,2009,11,age_35_39,2,female,age_35_39_female,18238
2009-11-01,2009,11,age_40_plus,1,male,age_40_plus_male,4755
2009-11-01,2009,11,age_40_plus,2,female,age_40_plus_female,4487
2009-12-01,2009,12,under_20,1,male,under_20_male,17763
2009-12-01,2009,12,under_20,2,female,under_20_female,16598
2009-12-01,2009,12,age_20_24,1,male,age_20_24_male,42950
2009-12-01,2009,12,age_20_24,2,female,age_20_24_female,41488
2009-12-01,2009,12,age_25_29,1,male,age_25_29_male,48894
2009-12-01,2009,12,age_25_29,2,female,age_25_29_female,46914
2009-12-01,2009,12,age_30_34,1,male,age_30_34_male,39332
2009-12-01,2009,12,age_30_34,2,female,age_30_34_female,38123
2009-12-01,2009,12,age_35_39,1,male,age_35_39_male,20213
2009-12-01,2009,12,age_35_39,2,female,age_35_39_female,19376
2009-12-01,2009,12,age_40_plus,1,male,age_40_plus_male,5043
2009-12-01,2009,12,age_40_plus,2,female,age_40_plus_female,4923
2010-01-01,2010,1,under_20,1,male,under_20_male,16876
2010-01-01,2010,1,under_20,2,female,under_20_female,16008
2010-01-01,2010,1,age_20_24,1,male,age_20_24_male,41006
2010-01-01,2010,1,age_20_24,2,female,age_20_24_female,39386
2010-01-01,2010,1,age_25_29,1,male,age_25_29_male,45907
2010-01-01,2010,1,age_25_29,2,female,age_25_29_female,44367
2010-01-01,2010,1,age_30_34,1,male,age_30_34_male,37723
2010-01-01,2010,1,age_30_34,2,female,age_30_34_female,36239
2010-01-01,2010,1,age_35_39,1,male,age_35_39_male,18951
2010-01-01,2010,1,age_35_39,2,female,age_35_39_female,18152
2010-01-01,2010,1,age_40_plus,1,male,age_40_plus_male,4748
2010-01-01,2010,1,age_40_plus,2,female,age_40_plus_female,4453
2010-02-01,2010,2,under_20,1,male,under_20_male,15520
2010-02-01,2010,2,under_20,2,female,under_20_female,14457
2010-02-01,2010,2,age_20_24,1,male,age_20_24_male,37589
2010-02-01,2010,2,age_20_24,2,female,age_20_24_female,35817
2010-02-01,2010,2,age_25_29,1,male,age_25_29_male,43826
2010-02-01,2010,2,age_25_29,2,female,age_25_29_female,41535
2010-02-01,2010,2,age_30_34,1,male,age_30_34_male,36006
2010-02-01,2010,2,age_30_34,2,female,age_30_34_female,34378
2010-02-01,2010,2,age_35_39,1,male,age_35_39_male,17658
2010-02-01,2010,2,age_35_39,2,female,age_35_39_female,17136
2010-02-01,2010,2,age_40_plus,1,male,age_40_plus_male,4442
2010-02-01,2010,2,age_40_plus,2,female,age_40_plus_female,4187
2010-03-01,2010,3,under_20,1,male,under_20_male,16740
2010-03-01,2010,3,under_20,2,female,under_20_female,15808
2010-03-01,2010,3,age_20_24,1,male,age_20_24_male,40864
2010-03-01,2010,3,age_20_24,2,female,age_20_24_female,39193
2010-03-01,2010,3,age_25_29,1,male,age_25_29_male,49219
2010-03-01,2010,3,age_25_29,2,female,age_25_29_female,47101
2010-03-01,2010,3,age_30_34,1,male,age_30_34_male,41299
2010-03-01,2010,3,age_30_34,2,female,age_30_34_female,40043
2010-03-01,2010,3,age_35_39,1,male,age_35_39_male,20319
2010-03-01,2010,3,age_35_39,2,female,age_35_39_female,19014
2010-03-01,2010,3,age_40_plus,1,male,age_40_plus_male,4960
2010-03-01,2010,3,age_40_plus,2,female,age_40_plus_female,4659
2010-04-01,2010,4,under_20,1,male,under_20_male,15390
2010-04-01,2010,4,under_20,2,female,under_20_female,14339
2010-04-01,2010,4,age_20_24,1,male,age_20_24_male,38585
2010-04-01,2010,4,age_20_24,2,female,age_20_24_female,37108
2010-04-01,2010,4,age_25_29,1,male,age_25_29_male,47789
2010-04-01,2010,4,age_25_29,2,female,age_25_29_female,45225
2010-04-01,2010,4,age_30_34,1,male,age_30_34_male,40833
2010-04-01,2010,4,age_30_34,2,female,age_30_34_female,38980
2010-04-01,2010,4,age_35_39,1,male,age_35_39_male,19563
2010-04-01,2010,4,age_35_39,2,female,age_35_39_female,18385
2010-04-01,2010,4,age_40_plus,1,male,age_40_plus_male,4718
2010-04-01,2010,4,age_40_plus,2,female,age_40_plus_female,4667
2010-05-01,2010,5,under_20,1,male,under_20_male,14938
2010-05-01,2010,5,under_20,2,female,under_20_female,14312
2010-05-01,2010,5,age_20_24,1,male,age_20_24_male,39339
2010-05-01,2010,5,age_20_24,2,female,age_20_24_female,37562
2010-05-01,2010,5,age_25_29,1,male,age_25_29_male,48605
2010-05-01,2010,5,age_25_29,2,female,age_25_29_female,46120
2010-05-01,2010,5,age_30_34,1,male,age_30_34_male,41253
2010-05-01,2010,5,age_30_34,2,female,age_30_34_female,39432
2010-05-01,2010,5,age_35_39,1,male,age_35_39_male,19593
2010-05-01,2010,5,age_35_39,2,female,age_35_39_female,18723
2010-05-01,2010,5,age_40_plus,1,male,age_40_plus_male,4741
2010-05-01,2010,5,age_40_plus,2,female,age_40_plus_female,4342
2010-06-01,2010,6,under_20,1,male,under_20_male,15317
2010-06-01,2010,6,under_20,2,female,under_20_female,14587
2010-06-01,2010,6,age_20_24,1,male,age_20_24_male,40119
2010-06-01,2010,6,age_20_24,2,female,age_20_24_female,38050
2010-06-01,2010,6,age_25_29,1,male,age_25_29_male,49279
2010-06-01,2010,6,age_25_29,2,female,age_25_29_female,46858
2010-06-01,2010,6,age_30_34,1,male,age_30_34_male,42198
2010-06-01,2010,6,age_30_34,2,female,age_30_34_female,40236
2010-06-01,2010,6,age_35_39,1,male,age_35_39_male,20053
2010-06-01,2010,6,age_35_39,2,female,age_35_39_female,19153
2010-06-01,2010,6,age_40_plus,1,male,age_40_plus_male,4812
2010-06-01,2010,6,age_40_plus,2,female,age_40_plus_female,4518
2010-07-01,2010,7,under_20,1,male,under_20_male,16146
2010-07-01,2010,7,under_20,2,female,under_20_female,15343
2010-07-01,2010,7,age_20_24,1,male,age_20_24_male,41721
2010-07-01,2010,7,age_20_24,2,female,age_20_24_female,39906
2010-07-01,2010,7,age_25_29,1,male,age_25_29_male,50474
2010-07-01,2010,7,age_25_29,2,female,age_25_29_female,48074
2010-07-01,2010,7,age_30_34,1,male,age_30_34_male,43206
2010-07-01,2010,7,age_30_34,2,female,age_30_34_female,41025
2010-07-01,2010,7,age_35_39,1,male,age_35_39_male,20514
2010-07-01,2010,7,age_35_39,2,female,age_35_39_female,19762
2010-07-01,2010,7,age_40_plus,1,male,age_40_plus_male,4960
2010-07-01,2010,7,age_40_plus,2,female,age_40_plus_female,4744
2010-08-01,2010,8,under_20,1,male,under_20_male,16784
2010-08-01,2010,8,under_20,2,female,under_20_female,15853
2010-08-01,2010,8,age_20_24,1,male,age_20_24_male,42746
2010-08-01,2010,8,age_20_24,2,female,age_20_24_female,40821
2010-08-01,2010,8,age_25_29,1,male,age_25_29_male,51031
2010-08-01,2010,8,age_25_29,2,female,age_25_29_female,48730
2010-08-01,2010,8,age_30_34,1,male,age_30_34_male,42975
2010-08-01,2010,8,age_30_34,2,female,age_30_34_female,41322
2010-08-01,2010,8,age_35_39,1,male,age_35_39_male,20563
2010-08-01,2010,8,age_35_39,2,female,age_35_39_female,19699
2010-08-01,2010,8,age_40_plus,1,male,age_40_plus_male,5130
2010-08-01,2010,8,age_40_plus,2,female,age_40_plus_female,4819
2010-09-01,2010,9,under_20,1,male,under_20_male,16594
2010-09-01,2010,9,under_20,2,female,under_20_female,15736
2010-09-01,2010,9,age_20_24,1,male,age_20_24_male,42714
2010-09-01,2010,9,age_20_24,2,female,age_20_24_female,40905
2010-09-01,2010,9,age_25_29,1,male,age_25_29_male,51107
2010-09-01,2010,9,age_25_29,2,female,age_25_29_female,48631
2010-09-01,2010,9,age_30_34,1,male,age_30_34_male,43603
2010-09-01,2010,9,age_30_34,2,female,age_30_34_female,41285
2010-09-01,2010,9,age_35_39,1,male,age_35_39_male,20888
2010-09-01,2010,9,age_35_39,2,female,age_35_39_female,20008
2010-09-01,2010,9,age_40_plus,1,male,age_40_plus_male,5030
2010-09-01,2010,9,age_40_plus,2,female,age_40_plus_female,4938
2010-10-01,2010,10,under_20,1,male,under_20_male,15572
2010-10-01,2010,10,under_20,2,female,under_20_female,14985
2010-10-01,2010,10,age_20_24,1,male,age_20_24_male,40797
2010-10-01,2010,10,age_20_24,2,female,age_20_24_female,38899
2010-10-01,2010,10,age_25_29,1,male,age_25_29_male,48696
2010-10-01,2010,10,age_25_29,2,female,age_25_29_female,46382
2010-10-01,2010,10,age_30_34,1,male,age_30_34_male,42119
2010-10-01,2010,10,age_30_34,2,female,age_30_34_female,40170
2010-10-01,2010,10,age_35_39,1,male,age_35_39_male,20291
2010-10-01,2010,10,age_35_39,2,female,age_35_39_female,19429
2010-10-01,2010,10,age_40_plus,1,male,age_40_plus_male,5221
2010-10-01,2010,10,age_40_plus,2,female,age_40_plus_female,4916
2010-11-01,2010,11,under_20,1,male,under_20_male,15484
2010-11-01,2010,11,under_20,2,female,under_20_female,14573
2010-11-01,2010,11,age_20_24,1,male,age_20_24_male,39971
2010-11-01,2010,11,age_20_24,2,female,age_20_24_female,37932
2010-11-01,2010,11,age_25_29,1,male,age_25_29_male,46707
2010-11-01,2010,11,age_25_29,2,female,age_25_29_female,44757
2010-11-01,2010,11,age_30_34,1,male,age_30_34_male,40283
2010-11-01,2010,11,age_30_34,2,female,age_30_34_female,38776
2010-11-01,2010,11,age_35_39,1,male,age_35_39_male,19943
2010-11-01,2010,11,age_35_39,2,female,age_35_39_female,18721
2010-11-01,2010,11,age_40_plus,1,male,age_40_plus_male,4899
2010-11-01,2010,11,age_40_plus,2,female,age_40_plus_female,4822
2010-12-01,2010,12,under_20,1,male,under_20_male,16077
2010-12-01,2010,12,under_20,2,female,under_20_female,15222
2010-12-01,2010,12,age_20_24,1,male,age_20_24_male,42142
2010-12-01,2010,12,age_20_24,2,female,age_20_24_female,39880
2010-12-01,2010,12,age_25_29,1,male,age_25_29_male,49010
2010-12-01,2010,12,age_25_29,2,female,age_25_29_female,46601
2010-12-01,2010,12,age_30_34,1,male,age_30_34_male,41352
2010-12-01,2010,12,age_30_34,2,female,age_30_34_female,39680
2010-12-01,2010,12,age_35_39,1,male,age_35_39_male,20169
2010-12-01,2010,12,age_35_39,2,female,age_35_39_female,19247
2010-12-01,2010,12,age_40_plus,1,male,age_40_plus_male,5201
2010-12-01,2010,12,age_40_plus,2,female,age_40_plus_female,5084
2011-01-01,2011,1,under_20,1,male,under_20_male,15277
2011-01-01,2011,1,under_20,2,female,under_20_female,14467
2011-01-01,2011,1,age_20_24,1,male,age_20_24_male,39541
2011-01-01,2011,1,age_20_24,2,female,age_20_24_female,37880
2011-01-01,2011,1,age_25_29,1,male,age_25_29_male,45873
2011-01-01,2011,1,age_25_29,2,female,age_25_29_female,43776
2011-01-01,2011,1,age_30_34,1,male,age_30_34_male,39582
2011-01-01,2011,1,age_30_34,2,female,age_30_34_female,37706
2011-01-01,2011,1,age_35_39,1,male,age_35_39_male,18953
2011-01-01,2011,1,age_35_39,2,female,age_35_39_female,18295
2011-01-01,2011,1,age_40_plus,1,male,age_40_plus_male,4996
2011-01-01,2011,1,age_40_plus,2,female,age_40_plus_female,4758
2011-02-01,2011,2,under_20,1,male,under_20_male,13804
2011-02-01,2011,2,under_20,2,female,under_20_female,13270
2011-02-01,2011,2,age_20_24,1,male,age_20_24_male,36087
2011-02-01,2011,2,age_20_24,2,female,age_20_24_female,34204
2011-02-01,2011,2,age_25_29,1,male,age_25_29_male,43537
2011-02-01,2011,2,age_25_29,2,female,age_25_29_female,41495
2011-02-01,2011,2,age_30_34,1,male,age_30_34_male,37210
2011-02-01,2011,2,age_30_34,2,female,age_30_34_female,35541
2011-02-01,2011,2,age_35_39,1,male,age_35_39_male,17750
2011-02-01,2011,2,age_35_39,2,female,age_35_39_female,16924
2011-02-01,2011,2,age_40_plus,1,male,age_40_plus_male,4439
2011-02-01,2011,2,age_40_plus,2,female,age_40_plus_female,4276
2011-03-01,2011,3,under_20,1,male,under_20_male,14540
2011-03-01,2011,3,under_20,2,female,under_20_female,14083
2011-03-01,2011,3,age_20_24,1,male,age_20_24_male,38984
2011-03-01,2011,3,age_20_24,2,female,age_20_24_female,37538
2011-03-01,2011,3,age_25_29,1,male,age_25_29_male,48168
2011-03-01,2011,3,age_25_29,2,female,age_25_29_female,46027
2011-03-01,2011,3,age_30_34,1,male,age_30_34_male,42797
2011-03-01,2011,3,age_30_34,2,female,age_30_34_female,40268
2011-03-01,2011,3,age_35_39,1,male,age_35_39_male,19851
2011-03-01,2011,3,age_35_39,2,female,age_35_39_female,18770
2011-03-01,2011,3,age_40_plus,1,male,age_40_plus_male,4961
2011-03-01,2011,3,age_40_plus,2,female,age_40_plus_female,4765
2011-04-01,2011,4,under_20,1,male,under_20_male,13440
2011-04-01,2011,4,under_20,2,female,under_20_female,12743
2011-04-01,2011,4,age_20_24,1,male,age_20_24_male,36689
2011-04-01,2011,4,age_20_24,2,female,age_20_24_female,34943
2011-04-01,2011,4,age_25_29,1,male,age_25_29_male,46171
2011-04-01,2011,4,age_25_29,2,female,age_25_29_female,43932
2011-04-01,2011,4,age_30_34,1,male,age_30_34_male,40682
2011-04-01,2011,4,age_30_34,2,female,age_30_34_female,38851
2011-04-01,2011,4,age_35_39,1,male,age_35_39_male,19182
2011-04-01,2011,4,age_35_39,2,female,age_35_39_female,17967
2011-04-01,2011,4,age_40_plus,1,male,age_40_plus_male,4721
2011-04-01,2011,4,age_40_plus,2,female,age_40_plus_female,4554
2011-05-01,2011,5,under_20,1,male,under_20_male,13405
2011-05-01,2011,5,under_20,2,female,under_20_female,12708
2011-05-01,2011,5,age_20_24,1,male,age_20_24_male,38456
2011-05-01,2011,5,age_20_24,2,female,age_20_24_female,35998
2011-05-01,2011,5,age_25_29,1,male,age_25_29_male,48402
2011-05-01,2011,5,age_25_29,2,female,age_25_29_female,46147
2011-05-01,2011,5,age_30_34,1,male,age_30_34_male,43050
2011-05-01,2011,5,age_30_34,2,female,age_30_34_female,40974
2011-05-01,2011,5,age_35_39,1,male,age_35_39_male,19896
2011-05-01,2011,5,age_35_39,2,female,age_35_39_female,18762
2011-05-01,2011,5,age_40_plus,1,male,age_40_plus_male,4854
2011-05-01,2011,5,age_40_plus,2,female,age_40_plus_female,4590
2011-06-01,2011,6,under_20,1,male,under_20_male,14254
2011-06-01,2011,6,under_20,2,female,under_20_female,13441
2011-06-01,2011,6,age_20_24,1,male,age_20_24_male,39989
2011-06-01,2011,6,age_20_24,2,female,age_20_24_female,37852
2011-06-01,2011,6,age_25_29,1,male,age_25_29_male,50184
2011-06-01,2011,6,age_25_29,2,female,age_25_29_female,47280
2011-06-01,2011,6,age_30_34,1,male,age_30_34_male,43838
2011-06-01,2011,6,age_30_34,2,female,age_30_34_female,41651
2011-06-01,2011,6,age_35_39,1,male,age_35_39_male,20340
2011-06-01,2011,6,age_35_39,2,female,age_35_39_female,19281
2011-06-01,2011,6,age_40_plus,1,male,age_40_plus_male,5059
2011-06-01,2011,6,age_40_plus,2,female,age_40_plus_female,4721
2011-07-01,2011,7,under_20,1,male,under_20_male,15084
2011-07-01,2011,7,under_20,2,female,under_20_female,14271
2011-07-01,2011,7,age_20_24,1,male,age_20_24_male,41360
2011-07-01,2011,7,age_20_24,2,female,age_20_24_female,39531
2011-07-01,2011,7,age_25_29,1,male,age_25_29_male,51020
2011-07-01,2011,7,age_25_29,2,female,age_25_29_female,48385
2011-07-01,2011,7,age_30_34,1,male,age_30_34_male,44090
2011-07-01,2011,7,age_30_34,2,female,age_30_34_female,42265
2011-07-01,2011,7,age_35_39,1,male,age_35_39_male,20692
2011-07-01,2011,7,age_35_39,2,female,age_35_39_female,19492
2011-07-01,2011,7,age_40_plus,1,male,age_40_plus_male,5206
2011-07-01,2011,7,age_40_plus,2,female,age_40_plus_female,4796
2011-08-01,2011,8,under_20,1,male,under_20_male,15342
2011-08-01,2011,8,under_20,2,female,under_20_female,14684
2011-08-01,2011,8,age_20_24,1,male,age_20_24_male,43435
2011-08-01,2011,8,age_20_24,2,female,age_20_24_female,41357
2011-08-01,2011,8,age_25_29,1,male,age_25_29_male,52774
2011-08-01,2011,8,age_25_29,2,female,age_25_29_female,50241
2011-08-01,2011,8,age_30_34,1,male,age_30_34_male,46041
2011-08-01,2011,8,age_30_34,2,female,age_30_34_female,44036
2011-08-01,2011,8,age_35_39,1,male,age_35_39_male,21335
2011-08-01,2011,8,age_35_39,2,female,age_35_39_female,20412
2011-08-01,2011,8,age_40_plus,1,male,age_40_plus_male,5411
2011-08-01,2011,8,age_40_plus,2,female,age_40_plus_female,5011
2011-09-01,2011,9,under_20,1,male,under_20_male,14619
2011-09-01,2011,9,under_20,2,female,under_20_female,13888
2011-09-01,2011,9,age_20_24,1,male,age_20_24_male,41545
2011-09-01,2011,9,age_20_24,2,female,age_20_24_female,39471
2011-09-01,2011,9,age_25_29,1,male,age_25_29_male,50458
2011-09-01,2011,9,age_25_29,2,female,age_25_29_female,48494
2011-09-01,2011,9,age_30_34,1,male,age_30_34_male,44811
2011-09-01,2011,9,age_30_34,2,female,age_30_34_female,42401
2011-09-01,2011,9,age_35_39,1,male,age_35_39_male,20725
2011-09-01,2011,9,age_35_39,2,female,age_35_39_female,19811
2011-09-01,2011,9,age_40_plus,1,male,age_40_plus_male,5123
2011-09-01,2011,9,age_40_plus,2,female,age_40_plus_female,4908
2011-10-01,2011,10,under_20,1,male,under_20_male,13638
2011-10-01,2011,10,under_20,2,female,under_20_female,13317
2011-10-01,2011,10,age_20_24,1,male,age_20_24_male,39075
2011-10-01,2011,10,age_20_24,2,female,age_20_24_female,37581
2011-10-01,2011,10,age_25_29,1,male,age_25_29_male,47438
2011-10-01,2011,10,age_25_29,2,female,age_25_29_female,45933
2011-10-01,2011,10,age_30_34,1,male,age_30_34_male,42397
2011-10-01,2011,10,age_30_34,2,female,age_30_34_female,40608
2011-10-01,2011,10,age_35_39,1,male,age_35_39_male,20032
2011-10-01,2011,10,age_35_39,2,female,age_35_39_female,19203
2011-10-01,2011,10,age_40_plus,1,male,age_40_plus_male,5119
2011-10-01,2011,10,age_40_plus,2,female,age_40_plus_female,4833
2011-11-01,2011,11,under_20,1,male,under_20_male,13626
2011-11-01,2011,11,under_20,2,female,under_20_female,12770
2011-11-01,2011,11,age_20_24,1,male,age_20_24_male,38840
2011-11-01,2011,11,age_20_24,2,female,age_20_24_female,37077
2011-11-01,2011,11,age_25_29,1,male,age_25_29_male,46941
2011-11-01,2011,11,age_25_29,2,female,age_25_29_female,44453
2011-11-01,2011,11,age_30_34,1,male,age_30_34_male,40753
2011-11-01,2011,11,age_30_34,2,female,age_30_34_female,39357
2011-11-01,2011,11,age_35_39,1,male,age_35_39_male,19681
2011-11-01,2011,11,age_35_39,2,female,age_35_39_female,18778
2011-11-01,2011,11,age_40_plus,1,male,age_40_plus_male,5088
2011-11-01,2011,11,age_40_plus,2,female,age_40_plus_female,4771
2011-12-01,2011,12,under_20,1,male,under_20_male,14002
2011-12-01,2011,12,under_20,2,female,under_20_female,13517
2011-12-01,2011,12,age_20_24,1,male,age_20_24_male,40352
2011-12-01,2011,12,age_20_24,2,female,age_20_24_female,38728
2011-12-01,2011,12,age_25_29,1,male,age_25_29_male,47373
2011-12-01,2011,12,age_25_29,2,female,age_25_29_female,45292
2011-12-01,2011,12,age_30_34,1,male,age_30_34_male,40961
2011-12-01,2011,12,age_30_34,2,female,age_30_34_female,39085
2011-12-01,2011,12,age_35_39,1,male,age_35_39_male,19724
2011-12-01,2011,12,age_35_39,2,female,age_35_39_female,19140
2011-12-01,2011,12,age_40_plus,1,male,age_40_plus_male,4883
2011-12-01,2011,12,age_40_plus,2,female,age_40_plus_female,4929
2012-01-01,2012,1,under_20,1,male,under_20_male,13639
2012-01-01,2012,1,under_20,2,female,under_20_female,13153
2012-01-01,2012,1,age_20_24,1,male,age_20_24_male,38556
2012-01-01,2012,1,age_20_24,2,female,age_20_24_female,37228
2012-01-01,2012,1,age_25_29,1,male,age_25_29_male,45766
2012-01-01,2012,1,age_25_29,2,female,age_25_29_female,43556
2012-01-01,2012,1,age_30_34,1,male,age_30_34_male,40030
2012-01-01,2012,1,age_30_34,2,female,age_30_34_female,38201
2012-01-01,2012,1,age_35_39,1,male,age_35_39_male,19064
2012-01-01,2012,1,age_35_39,2,female,age_35_39_female,18178
2012-01-01,2012,1,age_40_plus,1,male,age_40_plus_male,4932
2012-01-01,2012,1,age_40_plus,2,female,age_40_plus_female,4656
2012-02-01,2012,2,under_20,1,male,under_20_male,12982
2012-02-01,2012,2,under_20,2,female,under_20_female,12496
2012-02-01,2012,2,age_20_24,1,male,age_20_24_male,36570
2012-02-01,2012,2,age_20_24,2,female,age_20_24_female,35126
2012-02-01,2012,2,age_25_29,1,male,age_25_29_male,44047
2012-02-01,2012,2,age_25_29,2,female,age_25_29_female,42252
2012-02-01,2012,2,age_30_34,1,male,age_30_34_male,39217
2012-02-01,2012,2,age_30_34,2,female,age_30_34_female,37334
2012-02-01,2012,2,age_35_39,1,male,age_35_39_male,18368
2012-02-01,2012,2,age_35_39,2,female,age_35_39_female,17417
2012-02-01,2012,2,age_40_plus,1,male,age_40_plus_male,4676
2012-02-01,2012,2,age_40_plus,2,female,age_40_plus_female,4575
2012-03-01,2012,3,under_20,1,male,under_20_male,13478
2012-03-01,2012,3,under_20,2,female,under_20_female,12675
2012-03-01,2012,3,age_20_24,1,male,age_20_24_male,38108
2012-03-01,2012,3,age_20_24,2,female,age_20_24_female,36582
2012-03-01,2012,3,age_25_29,1,male,age_25_29_male,47784
2012-03-01,2012,3,age_25_29,2,female,age_25_29_female,45240
2012-03-01,2012,3,age_30_34,1,male,age_30_34_male,42548
2012-03-01,2012,3,age_30_34,2,female,age_30_34_female,40669
2012-03-01,2012,3,age_35_39,1,male,age_35_39_male,19608
2012-03-01,2012,3,age_35_39,2,female,age_35_39_female,18737
2012-03-01,2012,3,age_40_plus,1,male,age_40_plus_male,4912
2012-03-01,2012,3,age_40_plus,2,female,age_40_plus_female,4603
2012-04-01,2012,4,under_20,1,male,under_20_male,12227
2012-04-01,2012,4,under_20,2,female,under_20_female,11574
2012-04-01,2012,4,age_20_24,1,male,age_20_24_male,35649
2012-04-01,2012,4,age_20_24,2,female,age_20_24_female,33988
2012-04-01,2012,4,age_25_29,1,male,age_25_29_male,45122
2012-04-01,2012,4,age_25_29,2,female,age_25_29_female,42996
2012-04-01,2012,4,age_30_34,1,male,age_30_34_male,41175
2012-04-01,2012,4,age_30_34,2,female,age_30_34_female,39346
2012-04-01,2012,4,age_35_39,1,male,age_35_39_male,18590
2012-04-01,2012,4,age_35_39,2,female,age_35_39_female,17653
2012-04-01,2012,4,age_40_plus,1,male,age_40_plus_male,4527
2012-04-01,2012,4,age_40_plus,2,female,age_40_plus_female,4415
2012-05-01,2012,5,under_20,1,male,under_20_male,12859
2012-05-01,2012,5,under_20,2,female,under_20_female,11949
2012-05-01,2012,5,age_20_24,1,male,age_20_24_male,38360
2012-05-01,2012,5,age_20_24,2,female,age_20_24_female,36293
2012-05-01,2012,5,age_25_29,1,male,age_25_29_male,48631
2012-05-01,2012,5,age_25_29,2,female,age_25_29_female,46307
2012-05-01,2012,5,age_30_34,1,male,age_30_34_male,44579
2012-05-01,2012,5,age_30_34,2,female,age_30_34_female,42423
2012-05-01,2012,5,age_35_39,1,male,age_35_39_male,20427
2012-05-01,2012,5,age_35_39,2,female,age_35_39_female,19336
2012-05-01,2012,5,age_40_plus,1,male,age_40_plus_male,4952
2012-05-01,2012,5,age_40_plus,2,female,age_40_plus_female,4663
2012-06-01,2012,6,under_20,1,male,under_20_male,12772
2012-06-01,2012,6,under_20,2,female,under_20_female,12098
2012-06-01,2012,6,age_20_24,1,male,age_20_24_male,38645
2012-06-01,2012,6,age_20_24,2,female,age_20_24_female,36764
2012-06-01,2012,6,age_25_29,1,male,age_25_29_male,48219
2012-06-01,2012,6,age_25_29,2,female,age_25_29_female,46120
2012-06-01,2012,6,age_30_34,1,male,age_30_34_male,43335
2012-06-01,2012,6,age_30_34,2,female,age_30_34_female,41584
2012-06-01,2012,6,age_35_39,1,male,age_35_39_male,19990
2012-06-01,2012,6,age_35_39,2,female,age_35_39_female,18904
2012-06-01,2012,6,age_40_plus,1,male,age_40_plus_male,4771
2012-06-01,2012,6,age_40_plus,2,female,age_40_plus_female,4609
2012-07-01,2012,7,under_20,1,male,under_20_male,13769
2012-07-01,2012,7,under_20,2,female,under_20_female,13058
2012-07-01,2012,7,age_20_24,1,male,age_20_24_male,41444
2012-07-01,2012,7,age_20_24,2,female,age_20_24_female,39439
2012-07-01,2012,7,age_25_29,1,male,age_25_29_male,51089
2012-07-01,2012,7,age_25_29,2,female,age_25_29_female,48345
2012-07-01,2012,7,age_30_34,1,male,age_30_34_male,45787
2012-07-01,2012,7,age_30_34,2,female,age_30_34_female,43568
2012-07-01,2012,7,age_35_39,1,male,age_35_39_male,21286
2012-07-01,2012,7,age_35_39,2,female,age_35_39_female,20084
2012-07-01,2012,7,age_40_plus,1,male,age_40_plus_male,5186
2012-07-01,2012,7,age_40_plus,2,female,age_40_plus_female,5102
2012-08-01,2012,8,under_20,1,male,under_20_male,14246
2012-08-01,2012,8,under_20,2,female,under_20_female,13582
2012-08-01,2012,8,age_20_24,1,male,age_20_24_male,43016
2012-08-01,2012,8,age_20_24,2,female,age_20_24_female,41059
2012-08-01,2012,8,age_25_29,1,male,age_25_29_male,52470
2012-08-01,2012,8,age_25_29,2,female,age_25_29_female,50314
2012-08-01,2012,8,age_30_34,1,male,age_30_34_male,47802
2012-08-01,2012,8,age_30_34,2,female,age_30_34_female,45500
2012-08-01,2012,8,age_35_39,1,male,age_35_39_male,21847
2012-08-01,2012,8,age_35_39,2,female,age_35_39_female,21470
2012-08-01,2012,8,age_40_plus,1,male,age_40_plus_male,5348
2012-08-01,2012,8,age_40_plus,2,female,age_40_plus_female,5248
2012-09-01,2012,9,under_20,1,male,under_20_male,13619
2012-09-01,2012,9,under_20,2,female,under_20_female,12838
2012-09-01,2012,9,age_20_24,1,male,age_20_24_male,40609
2012-09-01,2012,9,age_20_24,2,female,age_20_24_female,38994
2012-09-01,2012,9,age_25_29,1,male,age_25_29_male,49724
2012-09-01,2012,9,age_25_29,2,female,age_25_29_female,47540
2012-09-01,2012,9,age_30_34,1,male,age_30_34_male,44760
2012-09-01,2012,9,age_30_34,2,female,age_30_34_female,42788
2012-09-01,2012,9,age_35_39,1,male,age_35_39_male,20767
2012-09-01,2012,9,age_35_39,2,female,age_35_39_female,19596
2012-09-01,2012,9,age_40_plus,1,male,age_40_plus_male,4947
2012-09-01,2012,9,age_40_plus,2,female,age_40_plus_female,4719
2012-10-01,2012,10,under_20,1,male,under_20_male,13647
2012-10-01,2012,10,under_20,2,female,under_20_female,12737
2012-10-01,2012,10,age_20_24,1,male,age_20_24_male,40547
2012-10-01,2012,10,age_20_24,2,female,age_20_24_female,38908
2012-10-01,2012,10,age_25_29,1,male,age_25_29_male,49815
2012-10-01,2012,10,age_25_29,2,female,age_25_29_female,48020
2012-10-01,2012,10,age_30_34,1,male,age_30_34_male,45738
2012-10-01,2012,10,age_30_34,2,female,age_30_34_female,43833
2012-10-01,2012,10,age_35_39,1,male,age_35_39_male,21560
2012-10-01,2012,10,age_35_39,2,female,age_35_39_female,20778
2012-10-01,2012,10,age_40_plus,1,male,age_40_plus_male,5377
2012-10-01,2012,10,age_40_plus,2,female,age_40_plus_female,5291
2012-11-01,2012,11,under_20,1,male,under_20_male,12771
2012-11-01,2012,11,under_20,2,female,under_20_female,12168
2012-11-01,2012,11,age_20_24,1,male,age_20_24_male,38849
2012-11-01,2012,11,age_20_24,2,female,age_20_24_female,37376
2012-11-01,2012,11,age_25_29,1,male,age_25_29_male,46425
2012-11-01,2012,11,age_25_29,2,female,age_25_29_female,44997
2012-11-01,2012,11,age_30_34,1,male,age_30_34_male,42224
2012-11-01,2012,11,age_30_34,2,female,age_30_34_female,40946
2012-11-01,2012,11,age_35_39,1,male,age_35_39_male,20420
2012-11-01,2012,11,age_35_39,2,female,age_35_39_female,19578
2012-11-01,2012,11,age_40_plus,1,male,age_40_plus_male,5244
2012-11-01,2012,11,age_40_plus,2,female,age_40_plus_female,4812
2012-12-01,2012,12,under_20,1,male,under_20_male,12958
2012-12-01,2012,12,under_20,2,female,under_20_female,12218
2012-12-01,2012,12,age_20_24,1,male,age_20_24_male,38645
2012-12-01,2012,12,age_20_24,2,female,age_20_24_female,37466
2012-12-01,2012,12,age_25_29,1,male,age_25_29_male,46634
2012-12-01,2012,12,age_25_29,2,female,age_25_29_female,44726
2012-12-01,2012,12,age_30_34,1,male,age_30_34_male,42181
2012-12-01,2012,12,age_30_34,2,female,age_30_34_female,40216
2012-12-01,2012,12,age_35_39,1,male,age_35_39_male,20508
2012-12-01,2012,12,age_35_39,2,female,age_35_39_female,19367
2012-12-01,2012,12,age_40_plus,1,male,age_40_plus_male,5194
2012-12-01,2012,12,age_40_plus,2,female,age_40_plus_female,4847
2013-01-01,2013,1,under_20,1,male,under_20_male,12790
2013-01-01,2013,1,under_20,2,female,under_20_female,12235
2013-01-01,2013,1,age_20_24,1,male,age_20_24_male,39251
2013-01-01,2013,1,age_20_24,2,female,age_20_24_female,37668
2013-01-01,2013,1,age_25_29,1,male,age_25_29_male,46472
2013-01-01,2013,1,age_25_29,2,female,age_25_29_female,44399
2013-01-01,2013,1,age_30_34,1,male,age_30_34_male,41802
2013-01-01,2013,1,age_30_34,2,female,age_30_34_female,40344
2013-01-01,2013,1,age_35_39,1,male,age_35_39_male,19881
2013-01-01,2013,1,age_35_39,2,female,age_35_39_female,19367
2013-01-01,2013,1,age_40_plus,1,male,age_40_plus_male,5217
2013-01-01,2013,1,age_40_plus,2,female,age_40_plus_female,4888
2013-02-01,2013,2,under_20,1,male,under_20_male,11334
2013-02-01,2013,2,under_20,2,female,under_20_female,10828
2013-02-01,2013,2,age_20_24,1,male,age_20_24_male,34618
2013-02-01,2013,2,age_20_24,2,female,age_20_24_female,33126
2013-02-01,2013,2,age_25_29,1,male,age_25_29_male,42364
2013-02-01,2013,2,age_25_29,2,female,age_25_29_female,40605
2013-02-01,2013,2,age_30_34,1,male,age_30_34_male,38497
2013-02-01,2013,2,age_30_34,2,female,age_30_34_female,36590
2013-02-01,2013,2,age_35_39,1,male,age_35_39_male,17958
2013-02-01,2013,2,age_35_39,2,female,age_35_39_female,17396
2013-02-01,2013,2,age_40_plus,1,male,age_40_plus_male,4585
2013-02-01,2013,2,age_40_plus,2,female,age_40_plus_female,4459
2013-03-01,2013,3,under_20,1,male,under_20_male,12066
2013-03-01,2013,3,under_20,2,female,under_20_female,11514
2013-03-01,2013,3,age_20_24,1,male,age_20_24_male,37308
2013-03-01,2013,3,age_20_24,2,female,age_20_24_female,35646
2013-03-01,2013,3,age_25_29,1,male,age_25_29_male,47089
2013-03-01,2013,3,age_25_29,2,female,age_25_29_female,44278
2013-03-01,2013,3,age_30_34,1,male,age_30_34_male,43532
2013-03-01,2013,3,age_30_34,2,female,age_30_34_female,40930
2013-03-01,2013,3,age_35_39,1,male,age_35_39_male,19919
2013-03-01,2013,3,age_35_39,2,female,age_35_39_female,19269
2013-03-01,2013,3,age_40_plus,1,male,age_40_plus_male,4934
2013-03-01,2013,3,age_40_plus,2,female,age_40_plus_female,4681
2013-04-01,2013,4,under_20,1,male,under_20_male,11275
2013-04-01,2013,4,under_20,2,female,under_20_female,10768
2013-04-01,2013,4,age_20_24,1,male,age_20_24_male,35717
2013-04-01,2013,4,age_20_24,2,female,age_20_24_female,34103
2013-04-01,2013,4,age_25_29,1,male,age_25_29_male,45564
2013-04-01,2013,4,age_25_29,2,female,age_25_29_female,42972
2013-04-01,2013,4,age_30_34,1,male,age_30_34_male,43242
2013-04-01,2013,4,age_30_34,2,female,age_30_34_female,41008
2013-04-01,2013,4,age_35_39,1,male,age_35_39_male,19649
2013-04-01,2013,4,age_35_39,2,female,age_35_39_female,18716
2013-04-01,2013,4,age_40_plus,1,male,age_40_plus_male,4670
2013-04-01,2013,4,age_40_plus,2,female,age_40_plus_female,4590
2013-05-01,2013,5,under_20,1,male,under_20_male,11553
2013-05-01,2013,5,under_20,2,female,under_20_female,10732
2013-05-01,2013,5,age_20_24,1,male,age_20_24_male,37264
2013-05-01,2013,5,age_20_24,2,female,age_20_24_female,36001
2013-05-01,2013,5,age_25_29,1,male,age_25_29_male,48901
2013-05-01,2013,5,age_25_29,2,female,age_25_29_female,46191
2013-05-01,2013,5,age_30_34,1,male,age_30_34_male,45376
2013-05-01,2013,5,age_30_34,2,female,age_30_34_female,43765
2013-05-01,2013,5,age_35_39,1,male,age_35_39_male,20861
2013-05-01,2013,5,age_35_39,2,female,age_35_39_female,19777
2013-05-01,2013,5,age_40_plus,1,male,age_40_plus_male,4982
2013-05-01,2013,5,age_40_plus,2,female,age_40_plus_female,4790
2013-06-01,2013,6,under_20,1,male,under_20_male,11447
2013-06-01,2013,6,under_20,2,female,under_20_female,10721
2013-06-01,2013,6,age_20_24,1,male,age_20_24_male,37000
2013-06-01,2013,6,age_20_24,2,female,age_20_24_female,34966
2013-06-01,2013,6,age_25_29,1,male,age_25_29_male,47107
2013-06-01,2013,6,age_25_29,2,female,age_25_29_female,44570
2013-06-01,2013,6,age_30_34,1,male,age_30_34_male,44290
2013-06-01,2013,6,age_30_34,2,female,age_30_34_female,41738
2013-06-01,2013,6,age_35_39,1,male,age_35_39_male,20173
2013-06-01,2013,6,age_35_39,2,female,age_35_39_female,19119
2013-06-01,2013,6,age_40_plus,1,male,age_40_plus_male,4747
2013-06-01,2013,6,age_40_plus,2,female,age_40_plus_female,4597
2013-07-01,2013,7,under_20,1,male,under_20_male,12236
2013-07-01,2013,7,under_20,2,female,under_20_female,11666
2013-07-01,2013,7,age_20_24,1,male,age_20_24_male,40900
2013-07-01,2013,7,age_20_24,2,female,age_20_24_female,38708
2013-07-01,2013,7,age_25_29,1,male,age_25_29_male,51204
2013-07-01,2013,7,age_25_29,2,female,age_25_29_female,49311
2013-07-01,2013,7,age_30_34,1,male,age_30_34_male,47559
2013-07-01,2013,7,age_30_34,2,female,age_30_34_female,45219
2013-07-01,2013,7,age_35_39,1,male,age_35_39_male,22235
2013-07-01,2013,7,age_35_39,2,female,age_35_39_female,20605
2013-07-01,2013,7,age_40_plus,1,male,age_40_plus_male,5218
2013-07-01,2013,7,age_40_plus,2,female,age_40_plus_female,5059
2013-08-01,2013,8,under_20,1,male,under_20_male,12663
2013-08-01,2013,8,under_20,2,female,under_20_female,11968
2013-08-01,2013,8,age_20_24,1,male,age_20_24_male,41285
2013-08-01,2013,8,age_20_24,2,female,age_20_24_female,39905
2013-08-01,2013,8,age_25_29,1,male,age_25_29_male,51934
2013-08-01,2013,8,age_25_29,2,female,age_25_29_female,49546
2013-08-01,2013,8,age_30_34,1,male,age_30_34_male,47780
2013-08-01,2013,8,age_30_34,2,female,age_30_34_female,45422
2013-08-01,2013,8,age_35_39,1,male,age_35_39_male,22381
2013-08-01,2013,8,age_35_39,2,female,age_35_39_female,21236
2013-08-01,2013,8,age_40_plus,1,male,age_40_plus_male,5211
2013-08-01,2013,8,age_40_plus,2,female,age_40_plus_female,4962
2013-09-01,2013,9,under_20,1,male,under_20_male,11729
2013-09-01,2013,9,under_20,2,female,under_20_female,11427
2013-09-01,2013,9,age_20_24,1,male,age_20_24_male,39305
2013-09-01,2013,9,age_20_24,2,female,age_20_24_female,37879
2013-09-01,2013,9,age_25_29,1,male,age_25_29_male,49877
2013-09-01,2013,9,age_25_29,2,female,age_25_29_female,47638
2013-09-01,2013,9,age_30_34,1,male,age_30_34_male,45770
2013-09-01,2013,9,age_30_34,2,female,age_30_34_female,43970
2013-09-01,2013,9,age_35_39,1,male,age_35_39_male,21334
2013-09-01,2013,9,age_35_39,2,female,age_35_39_female,20260
2013-09-01,2013,9,age_40_plus,1,male,age_40_plus_male,4897
2013-09-01,2013,9,age_40_plus,2,female,age_40_plus_female,4777
2013-10-01,2013,10,under_20,1,male,under_20_male,11763
2013-10-01,2013,10,under_20,2,female,under_20_female,11157
2013-10-01,2013,10,age_20_24,1,male,age_20_24_male,39573
2013-10-01,2013,10,age_20_24,2,female,age_20_24_female,37748
2013-10-01,2013,10,age_25_29,1,male,age_25_29_male,49668
2013-10-01,2013,10,age_25_29,2,female,age_25_29_female,47386
2013-10-01,2013,10,age_30_34,1,male,age_30_34_male,46508
2013-10-01,2013,10,age_30_34,2,female,age_30_34_female,44521
2013-10-01,2013,10,age_35_39,1,male,age_35_39_male,21655
2013-10-01,2013,10,age_35_39,2,female,age_35_39_female,20966
2013-10-01,2013,10,age_40_plus,1,male,age_40_plus_male,5266
2013-10-01,2013,10,age_40_plus,2,female,age_40_plus_female,5142
2013-11-01,2013,11,under_20,1,male,under_20_male,11194
2013-11-01,2013,11,under_20,2,female,under_20_female,10392
2013-11-01,2013,11,age_20_24,1,male,age_20_24_male,37307
2013-11-01,2013,11,age_20_24,2,female,age_20_24_female,35464
2013-11-01,2013,11,age_25_29,1,male,age_25_29_male,46660
2013-11-01,2013,11,age_25_29,2,female,age_25_29_female,44143
2013-11-01,2013,11,age_30_34,1,male,age_30_34_male,42915
2013-11-01,2013,11,age_30_34,2,female,age_30_34_female,41203
2013-11-01,2013,11,age_35_39,1,male,age_35_39_male,20613
2013-11-01,2013,11,age_35_39,2,female,age_35_39_female,19552
2013-11-01,2013,11,age_40_plus,1,male,age_40_plus_male,5046
2013-11-01,2013,11,age_40_plus,2,female,age_40_plus_female,4744
2013-12-01,2013,12,under_20,1,male,under_20_male,11916
2013-12-01,2013,12,under_20,2,female,under_20_female,11323
2013-12-01,2013,12,age_20_24,1,male,age_20_24_male,39765
2013-12-01,2013,12,age_20_24,2,female,age_20_24_female,37656
2013-12-01,2013,12,age_25_29,1,male,age_25_29_male,48751
2013-12-01,2013,12,age_25_29,2,female,age_25_29_female,46740
2013-12-01,2013,12,age_30_34,1,male,age_30_34_male,44716
2013-12-01,2013,12,age_30_34,2,female,age_30_34_female,42783
2013-12-01,2013,12,age_35_39,1,male,age_35_39_male,21722
2013-12-01,2013,12,age_35_39,2,female,age_35_39_female,20444
2013-12-01,2013,12,age_40_plus,1,male,age_40_plus_male,5383
2013-12-01,2013,12,age_40_plus,2,female,age_40_plus_female,5121
2014-01-01,2014,1,under_20,1,male,under_20_male,11514
2014-01-01,2014,1,under_20,2,female,under_20_female,11017
2014-01-01,2014,1,age_20_24,1,male,age_20_24_male,38501
2014-01-01,2014,1,age_20_24,2,female,age_20_24_female,36905
2014-01-01,2014,1,age_25_29,1,male,age_25_29_male,47626
2014-01-01,2014,1,age_25_29,2,female,age_25_29_female,44833
2014-01-01,2014,1,age_30_34,1,male,age_30_34_male,43814
2014-01-01,2014,1,age_30_34,2,female,age_30_34_female,41627
2014-01-01,2014,1,age_35_39,1,male,age_35_39_male,20997
2014-01-01,2014,1,age_35_39,2,female,age_35_39_female,20306
2014-01-01,2014,1,age_40_plus,1,male,age_40_plus_male,5073
2014-01-01,2014,1,age_40_plus,2,female,age_40_plus_female,4941
2014-02-01,2014,2,under_20,1,male,under_20_male,10286
2014-02-01,2014,2,under_20,2,female,under_20_female,9780
2014-02-01,2014,2,age_20_24,1,male,age_20_24_male,34330
2014-02-01,2014,2,age_20_24,2,female,age_20_24_female,33074
2014-02-01,2014,2,age_25_29,1,male,age_25_29_male,43523
2014-02-01,2014,2,age_25_29,2,female,age_25_29_female,41551
2014-02-01,2014,2,age_30_34,1,male,age_30_34_male,40924
2014-02-01,2014,2,age_30_34,2,female,age_30_34_female,38919
2014-02-01,2014,2,age_35_39,1,male,age_35_39_male,19306
2014-02-01,2014,2,age_35_39,2,female,age_35_39_female,18213
2014-02-01,2014,2,age_40_plus,1,male,age_40_plus_male,4709
2014-02-01,2014,2,age_40_plus,2,female,age_40_plus_female,4472
2014-03-01,2014,3,under_20,1,male,under_20_male,10834
2014-03-01,2014,3,under_20,2,female,under_20_female,10377
2014-03-01,2014,3,age_20_24,1,male,age_20_24_male,36624
2014-03-01,2014,3,age_20_24,2,female,age_20_24_female,34923
2014-03-01,2014,3,age_25_29,1,male,age_25_29_male,47506
2014-03-01,2014,3,age_25_29,2,female,age_25_29_female,45747
2014-03-01,2014,3,age_30_34,1,male,age_30_34_male,45288
2014-03-01,2014,3,age_30_34,2,female,age_30_34_female,42710
2014-03-01,2014,3,age_35_39,1,male,age_35_39_male,20840
2014-03-01,2014,3,age_35_39,2,female,age_35_39_female,19912
2014-03-01,2014,3,age_40_plus,1,male,age_40_plus_male,4882
2014-03-01,2014,3,age_40_plus,2,female,age_40_plus_female,4674
2014-04-01,2014,4,under_20,1,male,under_20_male,10319
2014-04-01,2014,4,under_20,2,female,under_20_female,9795
2014-04-01,2014,4,age_20_24,1,male,age_20_24_male,35712
2014-04-01,2014,4,age_20_24,2,female,age_20_24_female,34064
2014-04-01,2014,4,age_25_29,1,male,age_25_29_male,47187
2014-04-01,2014,4,age_25_29,2,female,age_25_29_female,44719
2014-04-01,2014,4,age_30_34,1,male,age_30_34_male,45333
2014-04-01,2014,4,age_30_34,2,female,age_30_34_female,42817
2014-04-01,2014,4,age_35_39,1,male,age_35_39_male,20866
2014-04-01,2014,4,age_35_39,2,female,age_35_39_female,19532
2014-04-01,2014,4,age_40_plus,1,male,age_40_plus_male,4813
2014-04-01,2014,4,age_40_plus,2,female,age_40_plus_female,4631
2014-05-01,2014,5,under_20,1,male,under_20_male,10267
2014-05-01,2014,5,under_20,2,female,under_20_female,9648
2014-05-01,2014,5,age_20_24,1,male,age_20_24_male,37000
2014-05-01,2014,5,age_20_24,2,female,age_20_24_female,35327
2014-05-01,2014,5,age_25_29,1,male,age_25_29_male,49877
2014-05-01,2014,5,age_25_29,2,female,age_25_29_female,47041
2014-05-01,2014,5,age_30_34,1,male,age_30_34_male,48087
2014-05-01,2014,5,age_30_34,2,female,age_30_34_female,45531
2014-05-01,2014,5,age_35_39,1,male,age_35_39_male,22008
2014-05-01,2014,5,age_35_39,2,female,age_35_39_female,20923
2014-05-01,2014,5,age_40_plus,1,male,age_40_plus_male,5049
2014-05-01,2014,5,age_40_plus,2,female,age_40_plus_female,4686
2014-06-01,2014,6,under_20,1,male,under_20_male,10130
2014-06-01,2014,6,under_20,2,female,under_20_female,9671
2014-06-01,2014,6,age_20_24,1,male,age_20_24_male,36353
2014-06-01,2014,6,age_20_24,2,female,age_20_24_female,34707
2014-06-01,2014,6,age_25_29,1,male,age_25_29_male,48604
2014-06-01,2014,6,age_25_29,2,female,age_25_29_female,45899
2014-06-01,2014,6,age_30_34,1,male,age_30_34_male,46256
2014-06-01,2014,6,age_30_34,2,female,age_30_34_female,44046
2014-06-01,2014,6,age_35_39,1,male,age_35_39_male,21445
2014-06-01,2014,6,age_35_39,2,female,age_35_39_female,20282
2014-06-01,2014,6,age_40_plus,1,male,age_40_plus_male,4753
2014-06-01,2014,6,age_40_plus,2,female,age_40_plus_female,4611
2014-07-01,2014,7,under_20,1,male,under_20_male,11242
2014-07-01,2014,7,under_20,2,female,under_20_female,10673
2014-07-01,2014,7,age_20_24,1,male,age_20_24_male,40126
2014-07-01,2014,7,age_20_24,2,female,age_20_24_female,38399
2014-07-01,2014,7,age_25_29,1,male,age_25_29_male,52916
2014-07-01,2014,7,age_25_29,2,female,age_25_29_female,50275
2014-07-01,2014,7,age_30_34,1,male,age_30_34_male,49777
2014-07-01,2014,7,age_30_34,2,female,age_30_34_female,47195
2014-07-01,2014,7,age_35_39,1,male,age_35_39_male,22905
2014-07-01,2014,7,age_35_39,2,female,age_35_39_female,22356
2014-07-01,2014,7,age_40_plus,1,male,age_40_plus_male,5393
2014-07-01,2014,7,age_40_plus,2,female,age_40_plus_female,5189
2014-08-01,2014,8,under_20,1,male,under_20_male,11345
2014-08-01,2014,8,under_20,2,female,under_20_female,10975
2014-08-01,2014,8,age_20_24,1,male,age_20_24_male,40287
2014-08-01,2014,8,age_20_24,2,female,age_20_24_female,38140
2014-08-01,2014,8,age_25_29,1,male,age_25_29_male,52632
2014-08-01,2014,8,age_25_29,2,female,age_25_29_female,50132
2014-08-01,2014,8,age_30_34,1,male,age_30_34_male,49255
2014-08-01,2014,8,age_30_34,2,female,age_30_34_female,47243
2014-08-01,2014,8,age_35_39,1,male,age_35_39_male,23014
2014-08-01,2014,8,age_35_39,2,female,age_35_39_female,21962
2014-08-01,2014,8,age_40_plus,1,male,age_40_plus_male,5215
2014-08-01,2014,8,age_40_plus,2,female,age_40_plus_female,5001
2014-09-01,2014,9,under_20,1,male,under_20_male,11092
2014-09-01,2014,9,under_20,2,female,under_20_female,10755
2014-09-01,2014,9,age_20_24,1,male,age_20_24_male,39532
2014-09-01,2014,9,age_20_24,2,female,age_20_24_female,37787
2014-09-01,2014,9,age_25_29,1,male,age_25_29_male,51432
2014-09-01,2014,9,age_25_29,2,female,age_25_29_female,49173
2014-09-01,2014,9,age_30_34,1,male,age_30_34_male,48648
2014-09-01,2014,9,age_30_34,2,female,age_30_34_female,46809
2014-09-01,2014,9,age_35_39,1,male,age_35_39_male,22640
2014-09-01,2014,9,age_35_39,2,female,age_35_39_female,21542
2014-09-01,2014,9,age_40_plus,1,male,age_40_plus_male,5061
2014-09-01,2014,9,age_40_plus,2,female,age_40_plus_female,4932
2014-10-01,2014,10,under_20,1,male,under_20_male,10772
2014-10-01,2014,10,under_20,2,female,under_20_female,10315
2014-10-01,2014,10,age_20_24,1,male,age_20_24_male,38450
2014-10-01,2014,10,age_20_24,2,female,age_20_24_female,36885
2014-10-01,2014,10,age_25_29,1,male,age_25_29_male,50094
2014-10-01,2014,10,age_25_29,2,female,age_25_29_female,48625
2014-10-01,2014,10,age_30_34,1,male,age_30_34_male,47789
2014-10-01,2014,10,age_30_34,2,female,age_30_34_female,46007
2014-10-01,2014,10,age_35_39,1,male,age_35_39_male,22751
2014-10-01,2014,10,age_35_39,2,female,age_35_39_female,22102
2014-10-01,2014,10,age_40_plus,1,male,age_40_plus_male,5427
2014-10-01,2014,10,age_40_plus,2,female,age_40_plus_female,5048
2014-11-01,2014,11,under_20,1,male,under_20_male,10265
2014-11-01,2014,11,under_20,2,female,under_20_female,9775
2014-11-01,2014,11,age_20_24,1,male,age_20_24_male,36119
2014-11-01,2014,11,age_20_24,2,female,age_20_24_female,34496
2014-11-01,2014,11,age_25_29,1,male,age_25_29_male,46783
2014-11-01,2014,11,age_25_29,2,female,age_25_29_female,44413
2014-11-01,2014,11,age_30_34,1,male,age_30_34_male,43607
2014-11-01,2014,11,age_30_34,2,female,age_30_34_female,41776
2014-11-01,2014,11,age_35_39,1,male,age_35_39_male,21350
2014-11-01,2014,11,age_35_39,2,female,age_35_39_female,20526
2014-11-01,2014,11,age_40_plus,1,male,age_40_plus_male,4877
2014-11-01,2014,11,age_40_plus,2,female,age_40_plus_female,4832
2014-12-01,2014,12,under_20,1,male,under_20_male,11142
2014-12-01,2014,12,under_20,2,female,under_20_female,10369
2014-12-01,2014,12,age_20_24,1,male,age_20_24_male,39204
2014-12-01,2014,12,age_20_24,2,female,age_20_24_female,37301
2014-12-01,2014,12,age_25_29,1,male,age_25_29_male,49905
2014-12-01,2014,12,age_25_29,2,female,age_25_29_female,47976
2014-12-01,2014,12,age_30_34,1,male,age_30_34_male,46216
2014-12-01,2014,12,age_30_34,2,female,age_30_34_female,44390
2014-12-01,2014,12,age_35_39,1,male,age_35_39_male,22695
2014-12-01,2014,12,age_35_39,2,female,age_35_39_female,21741
2014-12-01,2014,12,age_40_plus,1,male,age_40_plus_male,5308
2014-12-01,2014,12,age_40_plus,2,female,age_40_plus_female,5247
2015-01-01,2015,1,under_20,1,male,under_20_male,10637
2015-01-01,2015,1,under_20,2,female,under_20_female,10042
2015-01-01,2015,1,age_20_24,1,male,age_20_24_male,37609
2015-01-01,2015,1,age_20_24,2,female,age_20_24_female,35644
2015-01-01,2015,1,age_25_29,1,male,age_25_29_male,47719
2015-01-01,2015,1,age_25_29,2,female,age_25_29_female,45709
2015-01-01,2015,1,age_30_34,1,male,age_30_34_male,44180
2015-01-01,2015,1,age_30_34,2,female,age_30_34_female,42597
2015-01-01,2015,1,age_35_39,1,male,age_35_39_male,21755
2015-01-01,2015,1,age_35_39,2,female,age_35_39_female,20794
2015-01-01,2015,1,age_40_plus,1,male,age_40_plus_male,5161
2015-01-01,2015,1,age_40_plus,2,female,age_40_plus_female,4900
2015-02-01,2015,2,under_20,1,male,under_20_male,9494
2015-02-01,2015,2,under_20,2,female,under_20_female,9005
2015-02-01,2015,2,age_20_24,1,male,age_20_24_male,33476
2015-02-01,2015,2,age_20_24,2,female,age_20_24_female,32191
2015-02-01,2015,2,age_25_29,1,male,age_25_29_male,44151
2015-02-01,2015,2,age_25_29,2,female,age_25_29_female,42035
2015-02-01,2015,2,age_30_34,1,male,age_30_34_male,41379
2015-02-01,2015,2,age_30_34,2,female,age_30_34_female,39417
2015-02-01,2015,2,age_35_39,1,male,age_35_39_male,19564
2015-02-01,2015,2,age_35_39,2,female,age_35_39_female,18787
2015-02-01,2015,2,age_40_plus,1,male,age_40_plus_male,4801
2015-02-01,2015,2,age_40_plus,2,female,age_40_plus_female,4515
2015-03-01,2015,3,under_20,1,male,under_20_male,10338
2015-03-01,2015,3,under_20,2,female,under_20_female,9595
2015-03-01,2015,3,age_20_24,1,male,age_20_24_male,36279
2015-03-01,2015,3,age_20_24,2,female,age_20_24_female,34276
2015-03-01,2015,3,age_25_29,1,male,age_25_29_male,48617
2015-03-01,2015,3,age_25_29,2,female,age_25_29_female,47039
2015-03-01,2015,3,age_30_34,1,male,age_30_34_male,46467
2015-03-01,2015,3,age_30_34,2,female,age_30_34_female,43883
2015-03-01,2015,3,age_35_39,1,male,age_35_39_male,22100
2015-03-01,2015,3,age_35_39,2,female,age_35_39_female,21025
2015-03-01,2015,3,age_40_plus,1,male,age_40_plus_male,5117
2015-03-01,2015,3,age_40_plus,2,female,age_40_plus_female,4978
2015-04-01,2015,4,under_20,1,male,under_20_male,9627
2015-04-01,2015,4,under_20,2,female,under_20_female,8978
2015-04-01,2015,4,age_20_24,1,male,age_20_24_male,34756
2015-04-01,2015,4,age_20_24,2,female,age_20_24_female,33124
2015-04-01,2015,4,age_25_29,1,male,age_25_29_male,47929
2015-04-01,2015,4,age_25_29,2,female,age_25_29_female,45459
2015-04-01,2015,4,age_30_34,1,male,age_30_34_male,46104
2015-04-01,2015,4,age_30_34,2,female,age_30_34_female,43539
2015-04-01,2015,4,age_35_39,1,male,age_35_39_male,21760
2015-04-01,2015,4,age_35_39,2,female,age_35_39_female,20572
2015-04-01,2015,4,age_40_plus,1,male,age_40_plus_male,5024
2015-04-01,2015,4,age_40_plus,2,female,age_40_plus_female,4746
2015-05-01,2015,5,under_20,1,male,under_20_male,9595
2015-05-01,2015,5,under_20,2,female,under_20_female,9034
2015-05-01,2015,5,age_20_24,1,male,age_20_24_male,35716
2015-05-01,2015,5,age_20_24,2,female,age_20_24_female,33614
2015-05-01,2015,5,age_25_29,1,male,age_25_29_male,48613
2015-05-01,2015,5,age_25_29,2,female,age_25_29_female,46581
2015-05-01,2015,5,age_30_34,1,male,age_30_34_male,47286
2015-05-01,2015,5,age_30_34,2,female,age_30_34_female,44947
2015-05-01,2015,5,age_35_39,1,male,age_35_39_male,22413
2015-05-01,2015,5,age_35_39,2,female,age_35_39_female,21247
2015-05-01,2015,5,age_40_plus,1,male,age_40_plus_male,4958
2015-05-01,2015,5,age_40_plus,2,female,age_40_plus_female,4705
2015-06-01,2015,6,under_20,1,male,under_20_male,9606
2015-06-01,2015,6,under_20,2,female,under_20_female,9103
2015-06-01,2015,6,age_20_24,1,male,age_20_24_male,35636
2015-06-01,2015,6,age_20_24,2,female,age_20_24_female,33910
2015-06-01,2015,6,age_25_29,1,male,age_25_29_male,49895
2015-06-01,2015,6,age_25_29,2,female,age_25_29_female,46615
2015-06-01,2015,6,age_30_34,1,male,age_30_34_male,47695
2015-06-01,2015,6,age_30_34,2,female,age_30_34_female,45273
2015-06-01,2015,6,age_35_39,1,male,age_35_39_male,22536
2015-06-01,2015,6,age_35_39,2,female,age_35_39_female,21464
2015-06-01,2015,6,age_40_plus,1,male,age_40_plus_male,4934
2015-06-01,2015,6,age_40_plus,2,female,age_40_plus_female,4733
2015-07-01,2015,7,under_20,1,male,under_20_male,10369
2015-07-01,2015,7,under_20,2,female,under_20_female,9803
2015-07-01,2015,7,age_20_24,1,male,age_20_24_male,38402
2015-07-01,2015,7,age_20_24,2,female,age_20_24_female,36655
2015-07-01,2015,7,age_25_29,1,male,age_25_29_male,52764
2015-07-01,2015,7,age_25_29,2,female,age_25_29_female,50677
2015-07-01,2015,7,age_30_34,1,male,age_30_34_male,50580
2015-07-01,2015,7,age_30_34,2,female,age_30_34_female,48034
2015-07-01,2015,7,age_35_39,1,male,age_35_39_male,23764
2015-07-01,2015,7,age_35_39,2,female,age_35_39_female,22869
2015-07-01,2015,7,age_40_plus,1,male,age_40_plus_male,5373
2015-07-01,2015,7,age_40_plus,2,female,age_40_plus_female,5094
2015-08-01,2015,8,under_20,1,male,under_20_male,10468
2015-08-01,2015,8,under_20,2,female,under_20_female,10020
2015-08-01,2015,8,age_20_24,1,male,age_20_24_male,38314
2015-08-01,2015,8,age_20_24,2,female,age_20_24_female,36812
2015-08-01,2015,8,age_25_29,1,male,age_25_29_male,52541
2015-08-01,2015,8,age_25_29,2,female,age_25_29_female,50126
2015-08-01,2015,8,age_30_34,1,male,age_30_34_male,49657
2015-08-01,2015,8,age_30_34,2,female,age_30_34_female,47325
2015-08-01,2015,8,age_35_39,1,male,age_35_39_male,23862
2015-08-01,2015,8,age_35_39,2,female,age_35_39_female,23045
2015-08-01,2015,8,age_40_plus,1,male,age_40_plus_male,5379
2015-08-01,2015,8,age_40_plus,2,female,age_40_plus_female,5233
2015-09-01,2015,9,under_20,1,male,under_20_male,10272
2015-09-01,2015,9,under_20,2,female,under_20_female,9755
2015-09-01,2015,9,age_20_24,1,male,age_20_24_male,37897
2015-09-01,2015,9,age_20_24,2,female,age_20_24_female,36257
2015-09-01,2015,9,age_25_29,1,male,age_25_29_male,52165
2015-09-01,2015,9,age_25_29,2,female,age_25_29_female,49423
2015-09-01,2015,9,age_30_34,1,male,age_30_34_male,49367
2015-09-01,2015,9,age_30_34,2,female,age_30_34_female,46805
2015-09-01,2015,9,age_35_39,1,male,age_35_39_male,23612
2015-09-01,2015,9,age_35_39,2,female,age_35_39_female,22619
2015-09-01,2015,9,age_40_plus,1,male,age_40_plus_male,5236
2015-09-01,2015,9,age_40_plus,2,female,age_40_plus_female,5071
2015-10-01,2015,10,under_20,1,male,under_20_male,9869
2015-10-01,2015,10,under_20,2,female,under_20_female,9388
2015-10-01,2015,10,age_20_24,1,male,age_20_24_male,36504
2015-10-01,2015,10,age_20_24,2,female,age_20_24_female,35043
2015-10-01,2015,10,age_25_29,1,male,age_25_29_male,50272
2015-10-01,2015,10,age_25_29,2,female,age_25_29_female,47825
2015-10-01,2015,10,age_30_34,1,male,age_30_34_male,48202
2015-10-01,2015,10,age_30_34,2,female,age_30_34_female,45960
2015-10-01,2015,10,age_35_39,1,male,age_35_39_male,23601
2015-10-01,2015,10,age_35_39,2,female,age_35_39_female,22610
2015-10-01,2015,10,age_40_plus,1,male,age_40_plus_male,5351
2015-10-01,2015,10,age_40_plus,2,female,age_40_plus_female,5279
2015-11-01,2015,11,under_20,1,male,under_20_male,9289
2015-11-01,2015,11,under_20,2,female,under_20_female,8986
2015-11-01,2015,11,age_20_24,1,male,age_20_24_male,34618
2015-11-01,2015,11,age_20_24,2,female,age_20_24_female,33176
2015-11-01,2015,11,age_25_29,1,male,age_25_29_male,47174
2015-11-01,2015,11,age_25_29,2,female,age_25_29_female,44921
2015-11-01,2015,11,age_30_34,1,male,age_30_34_male,44747
2015-11-01,2015,11,age_30_34,2,female,age_30_34_female,43093
2015-11-01,2015,11,age_35_39,1,male,age_35_39_male,22293
2015-11-01,2015,11,age_35_39,2,female,age_35_39_female,21336
2015-11-01,2015,11,age_40_plus,1,male,age_40_plus_male,4991
2015-11-01,2015,11,age_40_plus,2,female,age_40_plus_female,4981
2015-12-01,2015,12,under_20,1,male,under_20_male,9963
2015-12-01,2015,12,under_20,2,female,under_20_female,9438
2015-12-01,2015,12,age_20_24,1,male,age_20_24_male,37092
2015-12-01,2015,12,age_20_24,2,female,age_20_24_female,35140
2015-12-01,2015,12,age_25_29,1,male,age_25_29_male,49460
2015-12-01,2015,12,age_25_29,2,female,age_25_29_female,47628
2015-12-01,2015,12,age_30_34,1,male,age_30_34_male,46391
2015-12-01,2015,12,age_30_34,2,female,age_30_34_female,44901
2015-12-01,2015,12,age_35_39,1,male,age_35_39_male,23341
2015-12-01,2015,12,age_35_39,2,female,age_35_39_female,22574
2015-12-01,2015,12,age_40_plus,1,male,age_40_plus_male,5379
2015-12-01,2015,12,age_40_plus,2,female,age_40_plus_female,5269
2016-01-01,2016,1,under_20,1,male,under_20_male,9472
2016-01-01,2016,1,under_20,2,female,under_20_female,8941
2016-01-01,2016,1,age_20_24,1,male,age_20_24_male,34706
2016-01-01,2016,1,age_20_24,2,female,age_20_24_female,33278
2016-01-01,2016,1,age_25_29,1,male,age_25_29_male,46636
2016-01-01,2016,1,age_25_29,2,female,age_25_29_female,44693
2016-01-01,2016,1,age_30_34,1,male,age_30_34_male,44571
2016-01-01,2016,1,age_30_34,2,female,age_30_34_female,42076
2016-01-01,2016,1,age_35_39,1,male,age_35_39_male,21840
2016-01-01,2016,1,age_35_39,2,female,age_35_39_female,21092
2016-01-01,2016,1,age_40_plus,1,male,age_40_plus_male,5270
2016-01-01,2016,1,age_40_plus,2,female,age_40_plus_female,4870
2016-02-01,2016,2,under_20,1,male,under_20_male,8856
2016-02-01,2016,2,under_20,2,female,under_20_female,8703
2016-02-01,2016,2,age_20_24,1,male,age_20_24_male,32791
2016-02-01,2016,2,age_20_24,2,female,age_20_24_female,31278
2016-02-01,2016,2,age_25_29,1,male,age_25_29_male,45403
2016-02-01,2016,2,age_25_29,2,female,age_25_29_female,43440
2016-02-01,2016,2,age_30_34,1,male,age_30_34_male,43381
2016-02-01,2016,2,age_30_34,2,female,age_30_34_female,41919
2016-02-01,2016,2,age_35_39,1,male,age_35_39_male,21288
2016-02-01,2016,2,age_35_39,2,female,age_35_39_female,20218
2016-02-01,2016,2,age_40_plus,1,male,age_40_plus_male,4808
2016-02-01,2016,2,age_40_plus,2,female,age_40_plus_female,4665
2016-03-01,2016,3,under_20,1,male,under_20_male,9333
2016-03-01,2016,3,under_20,2,female,under_20_female,8873
2016-03-01,2016,3,age_20_24,1,male,age_20_24_male,34253
2016-03-01,2016,3,age_20_24,2,female,age_20_24_female,32497
2016-03-01,2016,3,age_25_29,1,male,age_25_29_male,48892
2016-03-01,2016,3,age_25_29,2,female,age_25_29_female,46639
2016-03-01,2016,3,age_30_34,1,male,age_30_34_male,47757
2016-03-01,2016,3,age_30_34,2,female,age_30_34_female,45500
2016-03-01,2016,3,age_35_39,1,male,age_35_39_male,23192
2016-03-01,2016,3,age_35_39,2,female,age_35_39_female,22163
2016-03-01,2016,3,age_40_plus,1,male,age_40_plus_male,5148
2016-03-01,2016,3,age_40_plus,2,female,age_40_plus_female,5094
2016-04-01,2016,4,under_20,1,male,under_20_male,8587
2016-04-01,2016,4,under_20,2,female,under_20_female,8052
2016-04-01,2016,4,age_20_24,1,male,age_20_24_male,32263
2016-04-01,2016,4,age_20_24,2,female,age_20_24_female,30609
2016-04-01,2016,4,age_25_29,1,male,age_25_29_male,47007
2016-04-01,2016,4,age_25_29,2,female,age_25_29_female,44983
2016-04-01,2016,4,age_30_34,1,male,age_30_34_male,45931
2016-04-01,2016,4,age_30_34,2,female,age_30_34_female,43686
2016-04-01,2016,4,age_35_39,1,male,age_35_39_male,22190
2016-04-01,2016,4,age_35_39,2,female,age_35_39_female,21371
2016-04-01,2016,4,age_40_plus,1,male,age_40_plus_male,4910
2016-04-01,2016,4,age_40_plus,2,female,age_40_plus_female,4723
2016-05-01,2016,5,under_20,1,male,under_20_male,8705
2016-05-01,2016,5,under_20,2,female,under_20_female,8016
2016-05-01,2016,5,age_20_24,1,male,age_20_24_male,33431
2016-05-01,2016,5,age_20_24,2,female,age_20_24_female,31495
2016-05-01,2016,5,age_25_29,1,male,age_25_29_male,49657
2016-05-01,2016,5,age_25_29,2,female,age_25_29_female,46621
2016-05-01,2016,5,age_30_34,1,male,age_30_34_male,48608
2016-05-01,2016,5,age_30_34,2,female,age_30_34_female,46251
2016-05-01,2016,5,age_35_39,1,male,age_35_39_male,23407
2016-05-01,2016,5,age_35_39,2,female,age_35_39_female,22411
2016-05-01,2016,5,age_40_plus,1,male,age_40_plus_male,4990
2016-05-01,2016,5,age_40_plus,2,female,age_40_plus_female,4842
2016-06-01,2016,6,under_20,1,male,under_20_male,8835
2016-06-01,2016,6,under_20,2,female,under_20_female,8420
2016-06-01,2016,6,age_20_24,1,male,age_20_24_male,34178
2016-06-01,2016,6,age_20_24,2,female,age_20_24_female,32389
2016-06-01,2016,6,age_25_29,1,male,age_25_29_male,50269
2016-06-01,2016,6,age_25_29,2,female,age_25_29_female,47753
2016-06-01,2016,6,age_30_34,1,male,age_30_34_male,48657
2016-06-01,2016,6,age_30_34,2,female,age_30_34_female,46547
2016-06-01,2016,6,age_35_39,1,male,age_35_39_male,23521
2016-06-01,2016,6,age_35_39,2,female,age_35_39_female,22573
2016-06-01,2016,6,age_40_plus,1,male,age_40_plus_male,5088
2016-06-01,2016,6,age_40_plus,2,female,age_40_plus_female,4936
2016-07-01,2016,7,under_20,1,male,under_20_male,9522
2016-07-01,2016,7,under_20,2,female,under_20_female,8891
2016-07-01,2016,7,age_20_24,1,male,age_20_24_male,35507
2016-07-01,2016,7,age_20_24,2,female,age_20_24_female,34098
2016-07-01,2016,7,age_25_29,1,male,age_25_29_male,51586
2016-07-01,2016,7,age_25_29,2,female,age_25_29_female,49027
2016-07-01,2016,7,age_30_34,1,male,age_30_34_male,50040
2016-07-01,2016,7,age_30_34,2,female,age_30_34_female,47356
2016-07-01,2016,7,age_35_39,1,male,age_35_39_male,24342
2016-07-01,2016,7,age_35_39,2,female,age_35_39_female,23075
2016-07-01,2016,7,age_40_plus,1,male,age_40_plus_male,5136
2016-07-01,2016,7,age_40_plus,2,female,age_40_plus_female,5063
2016-08-01,2016,8,under_20,1,male,under_20_male,9738
2016-08-01,2016,8,under_20,2,female,under_20_female,9223
2016-08-01,2016,8,age_20_24,1,male,age_20_24_male,37069
2016-08-01,2016,8,age_20_24,2,female,age_20_24_female,35866
2016-08-01,2016,8,age_25_29,1,male,age_25_29_male,53456
2016-08-01,2016,8,age_25_29,2,female,age_25_29_female,51597
2016-08-01,2016,8,age_30_34,1,male,age_30_34_male,51616
2016-08-01,2016,8,age_30_34,2,female,age_30_34_female,49339
2016-08-01,2016,8,age_35_39,1,male,age_35_39_male,25326
2016-08-01,2016,8,age_35_39,2,female,age_35_39_female,24285
2016-08-01,2016,8,age_40_plus,1,male,age_40_plus_male,5658
2016-08-01,2016,8,age_40_plus,2,female,age_40_plus_female,5564
2016-09-01,2016,9,under_20,1,male,under_20_male,9359
2016-09-01,2016,9,under_20,2,female,under_20_female,8999
2016-09-01,2016,9,age_20_24,1,male,age_20_24_male,36035
2016-09-01,2016,9,age_20_24,2,female,age_20_24_female,34326
2016-09-01,2016,9,age_25_29,1,male,age_25_29_male,52038
2016-09-01,2016,9,age_25_29,2,female,age_25_29_female,49670
2016-09-01,2016,9,age_30_34,1,male,age_30_34_male,49849
2016-09-01,2016,9,age_30_34,2,female,age_30_34_female,47989
2016-09-01,2016,9,age_35_39,1,male,age_35_39_male,24416
2016-09-01,2016,9,age_35_39,2,female,age_35_39_female,23497
2016-09-01,2016,9,age_40_plus,1,male,age_40_plus_male,5238
2016-09-01,2016,9,age_40_plus,2,female,age_40_plus_female,5109
2016-10-01,2016,10,under_20,1,male,under_20_male,8883
2016-10-01,2016,10,under_20,2,female,under_20_female,8447
2016-10-01,2016,10,age_20_24,1,male,age_20_24_male,34131
2016-10-01,2016,10,age_20_24,2,female,age_20_24_female,33105
2016-10-01,2016,10,age_25_29,1,male,age_25_29_male,48980
2016-10-01,2016,10,age_25_29,2,female,age_25_29_female,46826
2016-10-01,2016,10,age_30_34,1,male,age_30_34_male,48204
2016-10-01,2016,10,age_30_34,2,female,age_30_34_female,45889
2016-10-01,2016,10,age_35_39,1,male,age_35_39_male,23845
2016-10-01,2016,10,age_35_39,2,female,age_35_39_female,23083
2016-10-01,2016,10,age_40_plus,1,male,age_40_plus_male,5421
2016-10-01,2016,10,age_40_plus,2,female,age_40_plus_female,5125
2016-11-01,2016,11,under_20,1,male,under_20_male,8740
2016-11-01,2016,11,under_20,2,female,under_20_female,8329
2016-11-01,2016,11,age_20_24,1,male,age_20_24_male,33105
2016-11-01,2016,11,age_20_24,2,female,age_20_24_female,32074
2016-11-01,2016,11,age_25_29,1,male,age_25_29_male,47695
2016-11-01,2016,11,age_25_29,2,female,age_25_29_female,44909
2016-11-01,2016,11,age_30_34,1,male,age_30_34_male,45708
2016-11-01,2016,11,age_30_34,2,female,age_30_34_female,43848
2016-11-01,2016,11,age_35_39,1,male,age_35_39_male,23349
2016-11-01,2016,11,age_35_39,2,female,age_35_39_female,22303
2016-11-01,2016,11,age_40_plus,1,male,age_40_plus_male,5211
2016-11-01,2016,11,age_40_plus,2,female,age_40_plus_female,4987
2016-12-01,2016,12,under_20,1,male,under_20_male,8995
2016-12-01,2016,12,under_20,2,female,under_20_female,8577
2016-12-01,2016,12,age_20_24,1,male,age_20_24_male,34306
2016-12-01,2016,12,age_20_24,2,female,age_20_24_female,32820
2016-12-01,2016,12,age_25_29,1,male,age_25_29_male,48377
2016-12-01,2016,12,age_25_29,2,female,age_25_29_female,46040
2016-12-01,2016,12,age_30_34,1,male,age_30_34_male,45795
2016-12-01,2016,12,age_30_34,2,female,age_30_34_female,43667
2016-12-01,2016,12,age_35_39,1,male,age_35_39_male,23545
2016-12-01,2016,12,age_35_39,2,female,age_35_39_female,22684
2016-12-01,2016,12,age_40_plus,1,male,age_40_plus_male,5397
2016-12-01,2016,12,age_40_plus,2,female,age_40_plus_female,5359
2017-01-01,2017,1,under_20,1,male,under_20_male,8922
2017-01-01,2017,1,under_20,2,female,under_20_female,8332
2017-01-01,2017,1,age_20_24,1,male,age_20_24_male,33327
2017-01-01,2017,1,age_20_24,2,female,age_20_24_female,31625
2017-01-01,2017,1,age_25_29,1,male,age_25_29_male,46737
2017-01-01,2017,1,age_25_29,2,female,age_25_29_female,44183
2017-01-01,2017,1,age_30_34,1,male,age_30_34_male,44499
2017-01-01,2017,1,age_30_34,2,female,age_30_34_female,42099
2017-01-01,2017,1,age_35_39,1,male,age_35_39_male,22842
2017-01-01,2017,1,age_35_39,2,female,age_35_39_female,21870
2017-01-01,2017,1,age_40_plus,1,male,age_40_plus_male,5100
2017-01-01,2017,1,age_40_plus,2,female,age_40_plus_female,5061
2017-02-01,2017,2,under_20,1,male,under_20_male,8141
2017-02-01,2017,2,under_20,2,female,under_20_female,7615
2017-02-01,2017,2,age_20_24,1,male,age_20_24_male,29899
2017-02-01,2017,2,age_20_24,2,female,age_20_24_female,28706
2017-02-01,2017,2,age_25_29,1,male,age_25_29_male,43085
2017-02-01,2017,2,age_25_29,2,female,age_25_29_female,41382
2017-02-01,2017,2,age_30_34,1,male,age_30_34_male,41127
2017-02-01,2017,2,age_30_34,2,female,age_30_34_female,39260
2017-02-01,2017,2,age_35_39,1,male,age_35_39_male,21098
2017-02-01,2017,2,age_35_39,2,female,age_35_39_female,19939
2017-02-01,2017,2,age_40_plus,1,male,age_40_plus_male,4823
2017-02-01,2017,2,age_40_plus,2,female,age_40_plus_female,4619
2017-03-01,2017,3,under_20,1,male,under_20_male,8515
2017-03-01,2017,3,under_20,2,female,under_20_female,8183
2017-03-01,2017,3,age_20_24,1,male,age_20_24_male,32511
2017-03-01,2017,3,age_20_24,2,female,age_20_24_female,31310
2017-03-01,2017,3,age_25_29,1,male,age_25_29_male,47778
2017-03-01,2017,3,age_25_29,2,female,age_25_29_female,45536
2017-03-01,2017,3,age_30_34,1,male,age_30_34_male,46729
2017-03-01,2017,3,age_30_34,2,female,age_30_34_female,44352
2017-03-01,2017,3,age_35_39,1,male,age_35_39_male,23171
2017-03-01,2017,3,age_35_39,2,female,age_35_39_female,22050
2017-03-01,2017,3,age_40_plus,1,male,age_40_plus_male,5231
2017-03-01,2017,3,age_40_plus,2,female,age_40_plus_female,4961
2017-04-01,2017,4,under_20,1,male,under_20_male,7655
2017-04-01,2017,4,under_20,2,female,under_20_female,7489
2017-04-01,2017,4,age_20_24,1,male,age_20_24_male,30367
2017-04-01,2017,4,age_20_24,2,female,age_20_24_female,28545
2017-04-01,2017,4,age_25_29,1,male,age_25_29_male,45112
2017-04-01,2017,4,age_25_29,2,female,age_25_29_female,42934
2017-04-01,2017,4,age_30_34,1,male,age_30_34_male,44096
2017-04-01,2017,4,age_30_34,2,female,age_30_34_female,42167
2017-04-01,2017,4,age_35_39,1,male,age_35_39_male,21941
2017-04-01,2017,4,age_35_39,2,female,age_35_39_female,20940
2017-04-01,2017,4,age_40_plus,1,male,age_40_plus_male,4860
2017-04-01,2017,4,age_40_plus,2,female,age_40_plus_female,4695
2017-05-01,2017,5,under_20,1,male,under_20_male,8037
2017-05-01,2017,5,under_20,2,female,under_20_female,7663
2017-05-01,2017,5,age_20_24,1,male,age_20_24_male,32470
2017-05-01,2017,5,age_20_24,2,female,age_20_24_female,30099
2017-05-01,2017,5,age_25_29,1,male,age_25_29_male,48565
2017-05-01,2017,5,age_25_29,2,female,age_25_29_female,46117
2017-05-01,2017,5,age_30_34,1,male,age_30_34_male,48240
2017-05-01,2017,5,age_30_34,2,female,age_30_34_female,45651
2017-05-01,2017,5,age_35_39,1,male,age_35_39_male,23609
2017-05-01,2017,5,age_35_39,2,female,age_35_39_female,22558
2017-05-01,2017,5,age_40_plus,1,male,age_40_plus_male,5231
2017-05-01,2017,5,age_40_plus,2,female,age_40_plus_female,4929
2017-06-01,2017,6,under_20,1,male,under_20_male,8207
2017-06-01,2017,6,under_20,2,female,under_20_female,7758
2017-06-01,2017,6,age_20_24,1,male,age_20_24_male,32469
2017-06-01,2017,6,age_20_24,2,female,age_20_24_female,30520
2017-06-01,2017,6,age_25_29,1,male,age_25_29_male,48914
2017-06-01,2017,6,age_25_29,2,female,age_25_29_female,46199
2017-06-01,2017,6,age_30_34,1,male,age_30_34_male,47839
2017-06-01,2017,6,age_30_34,2,female,age_30_34_female,45696
2017-06-01,2017,6,age_35_39,1,male,age_35_39_male,23755
2017-06-01,2017,6,age_35_39,2,female,age_35_39_female,23097
2017-06-01,2017,6,age_40_plus,1,male,age_40_plus_male,5169
2017-06-01,2017,6,age_40_plus,2,female,age_40_plus_female,5010
2017-07-01,2017,7,under_20,1,male,under_20_male,8741
2017-07-01,2017,7,under_20,2,female,under_20_female,8163
2017-07-01,2017,7,age_20_24,1,male,age_20_24_male,33923
2017-07-01,2017,7,age_20_24,2,female,age_20_24_female,32540
2017-07-01,2017,7,age_25_29,1,male,age_25_29_male,50413
2017-07-01,2017,7,age_25_29,2,female,age_25_29_female,48383
2017-07-01,2017,7,age_30_34,1,male,age_30_34_male,48695
2017-07-01,2017,7,age_30_34,2,female,age_30_34_female,46326
2017-07-01,2017,7,age_35_39,1,male,age_35_39_male,24610
2017-07-01,2017,7,age_35_39,2,female,age_35_39_female,23440
2017-07-01,2017,7,age_40_plus,1,male,age_40_plus_male,5467
2017-07-01,2017,7,age_40_plus,2,female,age_40_plus_female,5007
2017-08-01,2017,8,under_20,1,male,under_20_male,9003
2017-08-01,2017,8,under_20,2,female,under_20_female,8783
2017-08-01,2017,8,age_20_24,1,male,age_20_24_male,35957
2017-08-01,2017,8,age_20_24,2,female,age_20_24_female,34517
2017-08-01,2017,8,age_25_29,1,male,age_25_29_male,53060
2017-08-01,2017,8,age_25_29,2,female,age_25_29_female,49991
2017-08-01,2017,8,age_30_34,1,male,age_30_34_male,51037
2017-08-01,2017,8,age_30_34,2,female,age_30_34_female,48744
2017-08-01,2017,8,age_35_39,1,male,age_35_39_male,25941
2017-08-01,2017,8,age_35_39,2,female,age_35_39_female,24808
2017-08-01,2017,8,age_40_plus,1,male,age_40_plus_male,5638
2017-08-01,2017,8,age_40_plus,2,female,age_40_plus_female,5554
2017-09-01,2017,9,under_20,1,male,under_20_male,8739
2017-09-01,2017,9,under_20,2,female,under_20_female,8306
2017-09-01,2017,9,age_20_24,1,male,age_20_24_male,34007
2017-09-01,2017,9,age_20_24,2,female,age_20_24_female,32905
2017-09-01,2017,9,age_25_29,1,male,age_25_29_male,50862
2017-09-01,2017,9,age_25_29,2,female,age_25_29_female,48339
2017-09-01,2017,9,age_30_34,1,male,age_30_34_male,48690
2017-09-01,2017,9,age_30_34,2,female,age_30_34_female,47116
2017-09-01,2017,9,age_35_39,1,male,age_35_39_male,25160
2017-09-01,2017,9,age_35_39,2,female,age_35_39_female,23392
2017-09-01,2017,9,age_40_plus,1,male,age_40_plus_male,5362
2017-09-01,2017,9,age_40_plus,2,female,age_40_plus_female,5134
2017-10-01,2017,10,under_20,1,male,under_20_male,8263
2017-10-01,2017,10,under_20,2,female,under_20_female,8097
2017-10-01,2017,10,age_20_24,1,male,age_20_24_male,33363
2017-10-01,2017,10,age_20_24,2,female,age_20_24_female,31559
2017-10-01,2017,10,age_25_29,1,male,age_25_29_male,49009
2017-10-01,2017,10,age_25_29,2,female,age_25_29_female,47171
2017-10-01,2017,10,age_30_34,1,male,age_30_34_male,47752
2017-10-01,2017,10,age_30_34,2,female,age_30_34_female,45996
2017-10-01,2017,10,age_35_39,1,male,age_35_39_male,24637
2017-10-01,2017,10,age_35_39,2,female,age_35_39_female,23883
2017-10-01,2017,10,age_40_plus,1,male,age_40_plus_male,5497
2017-10-01,2017,10,age_40_plus,2,female,age_40_plus_female,5535
2017-11-01,2017,11,under_20,1,male,under_20_male,8119
2017-11-01,2017,11,under_20,2,female,under_20_female,7801
2017-11-01,2017,11,age_20_24,1,male,age_20_24_male,31786
2017-11-01,2017,11,age_20_24,2,female,age_20_24_female,30478
2017-11-01,2017,11,age_25_29,1,male,age_25_29_male,46682
2017-11-01,2017,11,age_25_29,2,female,age_25_29_female,44762
2017-11-01,2017,11,age_30_34,1,male,age_30_34_male,46257
2017-11-01,2017,11,age_30_34,2,female,age_30_34_female,43544
2017-11-01,2017,11,age_35_39,1,male,age_35_39_male,23884
2017-11-01,2017,11,age_35_39,2,female,age_35_39_female,23108
2017-11-01,2017,11,age_40_plus,1,male,age_40_plus_male,5445
2017-11-01,2017,11,age_40_plus,2,female,age_40_plus_female,5414
2017-12-01,2017,12,under_20,1,male,under_20_male,8222
2017-12-01,2017,12,under_20,2,female,under_20_female,7928
2017-12-01,2017,12,age_20_24,1,male,age_20_24_male,32246
2017-12-01,2017,12,age_20_24,2,female,age_20_24_female,30983
2017-12-01,2017,12,age_25_29,1,male,age_25_29_male,46610
2017-12-01,2017,12,age_25_29,2,female,age_25_29_female,44531
2017-12-01,2017,12,age_30_34,1,male,age_30_34_male,45380
2017-12-01,2017,12,age_30_34,2,female,age_30_34_female,43498
2017-12-01,2017,12,age_35_39,1,male,age_35_39_male,23695
2017-12-01,2017,12,age_35_39,2,female,age_35_39_female,22813
2017-12-01,2017,12,age_40_plus,1,male,age_40_plus_male,5440
2017-12-01,2017,12,age_40_plus,2,female,age_40_plus_female,5392
2018-01-01,2018,1,under_20,1,male,under_20_male,8290
2018-01-01,2018,1,under_20,2,female,under_20_female,7880
2018-01-01,2018,1,age_20_24,1,male,age_20_24_male,32027
2018-01-01,2018,1,age_20_24,2,female,age_20_24_female,30883
2018-01-01,2018,1,age_25_29,1,male,age_25_29_male,46819
2018-01-01,2018,1,age_25_29,2,female,age_25_29_female,44755
2018-01-01,2018,1,age_30_34,1,male,age_30_34_male,45169
2018-01-01,2018,1,age_30_34,2,female,age_30_34_female,42458
2018-01-01,2018,1,age_35_39,1,male,age_35_39_male,23760
2018-01-01,2018,1,age_35_39,2,female,age_35_39_female,22707
2018-01-01,2018,1,age_40_plus,1,male,age_40_plus_male,5557
2018-01-01,2018,1,age_40_plus,2,female,age_40_plus_female,5288
2018-02-01,2018,2,under_20,1,male,under_20_male,7326
2018-02-01,2018,2,under_20,2,female,under_20_female,7126
2018-02-01,2018,2,age_20_24,1,male,age_20_24_male,28432
2018-02-01,2018,2,age_20_24,2,female,age_20_24_female,27286
2018-02-01,2018,2,age_25_29,1,male,age_25_29_male,42160
2018-02-01,2018,2,age_25_29,2,female,age_25_29_female,40752
2018-02-01,2018,2,age_30_34,1,male,age_30_34_male,41181
2018-02-01,2018,2,age_30_34,2,female,age_30_34_female,39298
2018-02-01,2018,2,age_35_39,1,male,age_35_39_male,21506
2018-02-01,2018,2,age_35_39,2,female,age_35_39_female,20426
2018-02-01,2018,2,age_40_plus,1,male,age_40_plus_male,4861
2018-02-01,2018,2,age_40_plus,2,female,age_40_plus_female,4586
2018-03-01,2018,3,under_20,1,male,under_20_male,7888
2018-03-01,2018,3,under_20,2,female,under_20_female,7516
2018-03-01,2018,3,age_20_24,1,male,age_20_24_male,31057
2018-03-01,2018,3,age_20_24,2,female,age_20_24_female,29879
2018-03-01,2018,3,age_25_29,1,male,age_25_29_male,47085
2018-03-01,2018,3,age_25_29,2,female,age_25_29_female,44742
2018-03-01,2018,3,age_30_34,1,male,age_30_34_male,46519
2018-03-01,2018,3,age_30_34,2,female,age_30_34_female,44524
2018-03-01,2018,3,age_35_39,1,male,age_35_39_male,24228
2018-03-01,2018,3,age_35_39,2,female,age_35_39_female,22822
2018-03-01,2018,3,age_40_plus,1,male,age_40_plus_male,5399
2018-03-01,2018,3,age_40_plus,2,female,age_40_plus_female,5165
2018-04-01,2018,4,under_20,1,male,under_20_male,7251
2018-04-01,2018,4,under_20,2,female,under_20_female,6901
2018-04-01,2018,4,age_20_24,1,male,age_20_24_male,28945
2018-04-01,2018,4,age_20_24,2,female,age_20_24_female,27402
2018-04-01,2018,4,age_25_29,1,male,age_25_29_male,44545
2018-04-01,2018,4,age_25_29,2,female,age_25_29_female,42397
2018-04-01,2018,4,age_30_34,1,male,age_30_34_male,44600
2018-04-01,2018,4,age_30_34,2,female,age_30_34_female,42626
2018-04-01,2018,4,age_35_39,1,male,age_35_39_male,22745
2018-04-01,2018,4,age_35_39,2,female,age_35_39_female,21827
2018-04-01,2018,4,age_40_plus,1,male,age_40_plus_male,5049
2018-04-01,2018,4,age_40_plus,2,female,age_40_plus_female,4837
2018-05-01,2018,5,under_20,1,male,under_20_male,7664
2018-05-01,2018,5,under_20,2,female,under_20_female,7061
2018-05-01,2018,5,age_20_24,1,male,age_20_24_male,30633
2018-05-01,2018,5,age_20_24,2,female,age_20_24_female,29522
2018-05-01,2018,5,age_25_29,1,male,age_25_29_male,48036
2018-05-01,2018,5,age_25_29,2,female,age_25_29_female,45505
2018-05-01,2018,5,age_30_34,1,male,age_30_34_male,48506
2018-05-01,2018,5,age_30_34,2,female,age_30_34_female,45914
2018-05-01,2018,5,age_35_39,1,male,age_35_39_male,24708
2018-05-01,2018,5,age_35_39,2,female,age_35_39_female,23297
2018-05-01,2018,5,age_40_plus,1,male,age_40_plus_male,5394
2018-05-01,2018,5,age_40_plus,2,female,age_40_plus_female,5208
2018-06-01,2018,6,under_20,1,male,under_20_male,7392
2018-06-01,2018,6,under_20,2,female,under_20_female,7188
2018-06-01,2018,6,age_20_24,1,male,age_20_24_male,30494
2018-06-01,2018,6,age_20_24,2,female,age_20_24_female,29031
2018-06-01,2018,6,age_25_29,1,male,age_25_29_male,47236
2018-06-01,2018,6,age_25_29,2,female,age_25_29_female,44893
2018-06-01,2018,6,age_30_34,1,male,age_30_34_male,46680
2018-06-01,2018,6,age_30_34,2,female,age_30_34_female,45082
2018-06-01,2018,6,age_35_39,1,male,age_35_39_male,24100
2018-06-01,2018,6,age_35_39,2,female,age_35_39_female,23017
2018-06-01,2018,6,age_40_plus,1,male,age_40_plus_male,5245
2018-06-01,2018,6,age_40_plus,2,female,age_40_plus_female,5227
2018-07-01,2018,7,under_20,1,male,under_20_male,8048
2018-07-01,2018,7,under_20,2,female,under_20_female,7672
2018-07-01,2018,7,age_20_24,1,male,age_20_24_male,32034
2018-07-01,2018,7,age_20_24,2,female,age_20_24_female,30545
2018-07-01,2018,7,age_25_29,1,male,age_25_29_male,49073
2018-07-01,2018,7,age_25_29,2,female,age_25_29_female,47138
2018-07-01,2018,7,age_30_34,1,male,age_30_34_male,48861
2018-07-01,2018,7,age_30_34,2,female,age_30_34_female,46715
2018-07-01,2018,7,age_35_39,1,male,age_35_39_male,25069
2018-07-01,2018,7,age_35_39,2,female,age_35_39_female,23962
2018-07-01,2018,7,age_40_plus,1,male,age_40_plus_male,5424
2018-07-01,2018,7,age_40_plus,2,female,age_40_plus_female,5310
2018-08-01,2018,8,under_20,1,male,under_20_male,8274
2018-08-01,2018,8,under_20,2,female,under_20_female,7885
2018-08-01,2018,8,age_20_24,1,male,age_20_24_male,33849
2018-08-01,2018,8,age_20_24,2,female,age_20_24_female,32229
2018-08-01,2018,8,age_25_29,1,male,age_25_29_male,51399
2018-08-01,2018,8,age_25_29,2,female,age_25_29_female,48835
2018-08-01,2018,8,age_30_34,1,male,age_30_34_male,51124
2018-08-01,2018,8,age_30_34,2,female,age_30_34_female,48881
2018-08-01,2018,8,age_35_39,1,male,age_35_39_male,26350
2018-08-01,2018,8,age_35_39,2,female,age_35_39_female,25196
2018-08-01,2018,8,age_40_plus,1,male,age_40_plus_male,5877
2018-08-01,2018,8,age_40_plus,2,female,age_40_plus_female,5788
2018-09-01,2018,9,under_20,1,male,under_20_male,8007
2018-09-01,2018,9,under_20,2,female,under_20_female,7545
2018-09-01,2018,9,age_20_24,1,male,age_20_24_male,31535
2018-09-01,2018,9,age_20_24,2,female,age_20_24_female,30575
2018-09-01,2018,9,age_25_29,1,male,age_25_29_male,47778
2018-09-01,2018,9,age_25_29,2,female,age_25_29_female,45855
2018-09-01,2018,9,age_30_34,1,male,age_30_34_male,47832
2018-09-01,2018,9,age_30_34,2,female,age_30_34_female,46046
2018-09-01,2018,9,age_35_39,1,male,age_35_39_male,24695
2018-09-01,2018,9,age_35_39,2,female,age_35_39_female,23379
2018-09-01,2018,9,age_40_plus,1,male,age_40_plus_male,5273
2018-09-01,2018,9,age_40_plus,2,female,age_40_plus_female,5165
2018-10-01,2018,10,under_20,1,male,under_20_male,7838
2018-10-01,2018,10,under_20,2,female,under_20_female,7325
2018-10-01,2018,10,age_20_24,1,male,age_20_24_male,31541
2018-10-01,2018,10,age_20_24,2,female,age_20_24_female,30350
2018-10-01,2018,10,age_25_29,1,male,age_25_29_male,48461
2018-10-01,2018,10,age_25_29,2,female,age_25_29_female,46374
2018-10-01,2018,10,age_30_34,1,male,age_30_34_male,48413
2018-10-01,2018,10,age_30_34,2,female,age_30_34_female,46324
2018-10-01,2018,10,age_35_39,1,male,age_35_39_male,25546
2018-10-01,2018,10,age_35_39,2,female,age_35_39_female,24477
2018-10-01,2018,10,age_40_plus,1,male,age_40_plus_male,5544
2018-10-01,2018,10,age_40_plus,2,female,age_40_plus_female,5547
2018-11-01,2018,11,under_20,1,male,under_20_male,7502
2018-11-01,2018,11,under_20,2,female,under_20_female,7216
2018-11-01,2018,11,age_20_24,1,male,age_20_24_male,30282
2018-11-01,2018,11,age_20_24,2,female,age_20_24_female,28906
2018-11-01,2018,11,age_25_29,1,male,age_25_29_male,45155
2018-11-01,2018,11,age_25_29,2,female,age_25_29_female,43302
2018-11-01,2018,11,age_30_34,1,male,age_30_34_male,44968
2018-11-01,2018,11,age_30_34,2,female,age_30_34_female,43746
2018-11-01,2018,11,age_35_39,1,male,age_35_39_male,24413
2018-11-01,2018,11,age_35_39,2,female,age_35_39_female,23248
2018-11-01,2018,11,age_40_plus,1,male,age_40_plus_male,5492
2018-11-01,2018,11,age_40_plus,2,female,age_40_plus_female,5245
2018-12-01,2018,12,under_20,1,male,under_20_male,7801
2018-12-01,2018,12,under_20,2,female,under_20_female,7363
2018-12-01,2018,12,age_20_24,1,male,age_20_24_male,30765
2018-12-01,2018,12,age_20_24,2,female,age_20_24_female,29423
2018-12-01,2018,12,age_25_29,1,male,age_25_29_male,45909
2018-12-01,2018,12,age_25_29,2,female,age_25_29_female,44130
2018-12-01,2018,12,age_30_34,1,male,age_30_34_male,45045
2018-12-01,2018,12,age_30_34,2,female,age_30_34_female,43249
2018-12-01,2018,12,age_35_39,1,male,age_35_39_male,23954
2018-12-01,2018,12,age_35_39,2,female,age_35_39_female,22978
2018-12-01,2018,12,age_40_plus,1,male,age_40_plus_male,5655
2018-12-01,2018,12,age_40_plus,2,female,age_40_plus_female,5309
2019-01-01,2019,1,under_20,1,male,under_20_male,7883
2019-01-01,2019,1,under_20,2,female,under_20_female,7506
2019-01-01,2019,1,age_20_24,1,male,age_20_24_male,30995
2019-01-01,2019,1,age_20_24,2,female,age_20_24_female,29492
2019-01-01,2019,1,age_25_29,1,male,age_25_29_male,45917
2019-01-01,2019,1,age_25_29,2,female,age_25_29_female,43819
2019-01-01,2019,1,age_30_34,1,male,age_30_34_male,45237
2019-01-01,2019,1,age_30_34,2,female,age_30_34_female,42765
2019-01-01,2019,1,age_35_39,1,male,age_35_39_male,24001
2019-01-01,2019,1,age_35_39,2,female,age_35_39_female,23087
2019-01-01,2019,1,age_40_plus,1,male,age_40_plus_male,5571
2019-01-01,2019,1,age_40_plus,2,female,age_40_plus_female,5405
2019-02-01,2019,2,under_20,1,male,under_20_male,7089
2019-02-01,2019,2,under_20,2,female,under_20_female,6686
2019-02-01,2019,2,age_20_24,1,male,age_20_24_male,27304
2019-02-01,2019,2,age_20_24,2,female,age_20_24_female,25934
2019-02-01,2019,2,age_25_29,1,male,age_25_29_male,41390
2019-02-01,2019,2,age_25_29,2,female,age_25_29_female,39700
2019-02-01,2019,2,age_30_34,1,male,age_30_34_male,40982
2019-02-01,2019,2,age_30_34,2,female,age_30_34_female,39369
2019-02-01,2019,2,age_35_39,1,male,age_35_39_male,21803
2019-02-01,2019,2,age_35_39,2,female,age_35_39_female,20663
2019-02-01,2019,2,age_40_plus,1,male,age_40_plus_male,4955
2019-02-01,2019,2,age_40_plus,2,female,age_40_plus_female,4804
2019-03-01,2019,3,under_20,1,male,under_20_male,7223
2019-03-01,2019,3,under_20,2,female,under_20_female,6827
2019-03-01,2019,3,age_20_24,1,male,age_20_24_male,29167
2019-03-01,2019,3,age_20_24,2,female,age_20_24_female,28005
2019-03-01,2019,3,age_25_29,1,male,age_25_29_male,45337
2019-03-01,2019,3,age_25_29,2,female,age_25_29_female,42935
2019-03-01,2019,3,age_30_34,1,male,age_30_34_male,45538
2019-03-01,2019,3,age_30_34,2,female,age_30_34_female,43100
2019-03-01,2019,3,age_35_39,1,male,age_35_39_male,23921
2019-03-01,2019,3,age_35_39,2,female,age_35_39_female,22551
2019-03-01,2019,3,age_40_plus,1,male,age_40_plus_male,5328
2019-03-01,2019,3,age_40_plus,2,female,age_40_plus_female,5067
2019-04-01,2019,4,under_20,1,male,under_20_male,7076
2019-04-01,2019,4,under_20,2,female,under_20_female,6550
2019-04-01,2019,4,age_20_24,1,male,age_20_24_male,28565
2019-04-01,2019,4,age_20_24,2,female,age_20_24_female,26833
2019-04-01,2019,4,age_25_29,1,male,age_25_29_male,44121
2019-04-01,2019,4,age_25_29,2,female,age_25_29_female,42154
2019-04-01,2019,4,age_30_34,1,male,age_30_34_male,45219
2019-04-01,2019,4,age_30_34,2,female,age_30_34_female,43459
2019-04-01,2019,4,age_35_39,1,male,age_35_39_male,23305
2019-04-01,2019,4,age_35_39,2,female,age_35_39_female,22238
2019-04-01,2019,4,age_40_plus,1,male,age_40_plus_male,5186
2019-04-01,2019,4,age_40_plus,2,female,age_40_plus_female,5049
2019-05-01,2019,5,under_20,1,male,under_20_male,7107
2019-05-01,2019,5,under_20,2,female,under_20_female,6770
2019-05-01,2019,5,age_20_24,1,male,age_20_24_male,29820
2019-05-01,2019,5,age_20_24,2,female,age_20_24_female,28351
2019-05-01,2019,5,age_25_29,1,male,age_25_29_male,47121
2019-05-01,2019,5,age_25_29,2,female,age_25_29_female,44845
2019-05-01,2019,5,age_30_34,1,male,age_30_34_male,48091
2019-05-01,2019,5,age_30_34,2,female,age_30_34_female,45569
2019-05-01,2019,5,age_35_39,1,male,age_35_39_male,24986
2019-05-01,2019,5,age_35_39,2,female,age_35_39_female,23682
2019-05-01,2019,5,age_40_plus,1,male,age_40_plus_male,5501
2019-05-01,2019,5,age_40_plus,2,female,age_40_plus_female,5317
2019-06-01,2019,6,under_20,1,male,under_20_male,6981
2019-06-01,2019,6,under_20,2,female,under_20_female,6525
2019-06-01,2019,6,age_20_24,1,male,age_20_24_male,28854
2019-06-01,2019,6,age_20_24,2,female,age_20_24_female,27412
2019-06-01,2019,6,age_25_29,1,male,age_25_29_male,45239
2019-06-01,2019,6,age_25_29,2,female,age_25_29_female,43044
2019-06-01,2019,6,age_30_34,1,male,age_30_34_male,46211
2019-06-01,2019,6,age_30_34,2,female,age_30_34_female,43804
2019-06-01,2019,6,age_35_39,1,male,age_35_39_male,23919
2019-06-01,2019,6,age_35_39,2,female,age_35_39_female,22566
2019-06-01,2019,6,age_40_plus,1,male,age_40_plus_male,5208
2019-06-01,2019,6,age_40_plus,2,female,age_40_plus_female,5080
2019-07-01,2019,7,under_20,1,male,under_20_male,7811
2019-07-01,2019,7,under_20,2,female,under_20_female,7366
2019-07-01,2019,7,age_20_24,1,male,age_20_24_male,31927
2019-07-01,2019,7,age_20_24,2,female,age_20_24_female,30007
2019-07-01,2019,7,age_25_29,1,male,age_25_29_male,49293
2019-07-01,2019,7,age_25_29,2,female,age_25_29_female,47365
2019-07-01,2019,7,age_30_34,1,male,age_30_34_male,50245
2019-07-01,2019,7,age_30_34,2,female,age_30_34_female,48049
2019-07-01,2019,7,age_35_39,1,male,age_35_39_male,26060
2019-07-01,2019,7,age_35_39,2,female,age_35_39_female,24984
2019-07-01,2019,7,age_40_plus,1,male,age_40_plus_male,5848
2019-07-01,2019,7,age_40_plus,2,female,age_40_plus_female,5563
2019-08-01,2019,8,under_20,1,male,under_20_male,8050
2019-08-01,2019,8,under_20,2,female,under_20_female,7671
2019-08-01,2019,8,age_20_24,1,male,age_20_24_male,33426
2019-08-01,2019,8,age_20_24,2,female,age_20_24_female,31636
2019-08-01,2019,8,age_25_29,1,male,age_25_29_male,50705
2019-08-01,2019,8,age_25_29,2,female,age_25_29_female,48148
2019-08-01,2019,8,age_30_34,1,male,age_30_34_male,50722
2019-08-01,2019,8,age_30_34,2,female,age_30_34_female,48666
2019-08-01,2019,8,age_35_39,1,male,age_35_39_male,26661
2019-08-01,2019,8,age_35_39,2,female,age_35_39_female,25214
2019-08-01,2019,8,age_40_plus,1,male,age_40_plus_male,5947
2019-08-01,2019,8,age_40_plus,2,female,age_40_plus_female,5771
2019-09-01,2019,9,under_20,1,male,under_20_male,7882
2019-09-01,2019,9,under_20,2,female,under_20_female,7489
2019-09-01,2019,9,age_20_24,1,male,age_20_24_male,31447
2019-09-01,2019,9,age_20_24,2,female,age_20_24_female,30602
2019-09-01,2019,9,age_25_29,1,male,age_25_29_male,48096
2019-09-01,2019,9,age_25_29,2,female,age_25_29_female,46039
2019-09-01,2019,9,age_30_34,1,male,age_30_34_male,48633
2019-09-01,2019,9,age_30_34,2,female,age_30_34_female,46440
2019-09-01,2019,9,age_35_39,1,male,age_35_39_male,25033
2019-09-01,2019,9,age_35_39,2,female,age_35_39_female,24021
2019-09-01,2019,9,age_40_plus,1,male,age_40_plus_male,5663
2019-09-01,2019,9,age_40_plus,2,female,age_40_plus_female,5317
2019-10-01,2019,10,under_20,1,male,under_20_male,7757
2019-10-01,2019,10,under_20,2,female,under_20_female,7229
2019-10-01,2019,10,age_20_24,1,male,age_20_24_male,31100
2019-10-01,2019,10,age_20_24,2,female,age_20_24_female,29792
2019-10-01,2019,10,age_25_29,1,male,age_25_29_male,47338
2019-10-01,2019,10,age_25_29,2,female,age_25_29_female,45508
2019-10-01,2019,10,age_30_34,1,male,age_30_34_male,48534
2019-10-01,2019,10,age_30_34,2,female,age_30_34_female,46739
2019-10-01,2019,10,age_35_39,1,male,age_35_39_male,25909
2019-10-01,2019,10,age_35_39,2,female,age_35_39_female,24735
2019-10-01,2019,10,age_40_plus,1,male,age_40_plus_male,5817
2019-10-01,2019,10,age_40_plus,2,female,age_40_plus_female,5707
2019-11-01,2019,11,under_20,1,male,under_20_male,7207
2019-11-01,2019,11,under_20,2,female,under_20_female,6634
2019-11-01,2019,11,age_20_24,1,male,age_20_24_male,28419
2019-11-01,2019,11,age_20_24,2,female,age_20_24_female,27515
2019-11-01,2019,11,age_25_29,1,male,age_25_29_male,43272
2019-11-01,2019,11,age_25_29,2,female,age_25_29_female,41446
2019-11-01,2019,11,age_30_34,1,male,age_30_34_male,44086
2019-11-01,2019,11,age_30_34,2,female,age_30_34_female,42449
2019-11-01,2019,11,age_35_39,1,male,age_35_39_male,24039
2019-11-01,2019,11,age_35_39,2,female,age_35_39_female,22983
2019-11-01,2019,11,age_40_plus,1,male,age_40_plus_male,5560
2019-11-01,2019,11,age_40_plus,2,female,age_40_plus_female,5289
2019-12-01,2019,12,under_20,1,male,under_20_male,7384
2019-12-01,2019,12,under_20,2,female,under_20_female,7128
2019-12-01,2019,12,age_20_24,1,male,age_20_24_male,30271
2019-12-01,2019,12,age_20_24,2,female,age_20_24_female,28843
2019-12-01,2019,12,age_25_29,1,male,age_25_29_male,45077
2019-12-01,2019,12,age_25_29,2,female,age_25_29_female,43124
2019-12-01,2019,12,age_30_34,1,male,age_30_34_male,45217
2019-12-01,2019,12,age_30_34,2,female,age_30_34_female,43273
2019-12-01,2019,12,age_35_39,1,male,age_35_39_male,24294
2019-12-01,2019,12,age_35_39,2,female,age_35_39_female,23614
2019-12-01,2019,12,age_40_plus,1,male,age_40_plus_male,5793
2019-12-01,2019,12,age_40_plus,2,female,age_40_plus_female,5589
2020-01-01,2020,1,under_20,1,male,under_20_male,7263
2020-01-01,2020,1,under_20,2,female,under_20_female,7097
2020-01-01,2020,1,age_20_24,1,male,age_20_24_male,29568
2020-01-01,2020,1,age_20_24,2,female,age_20_24_female,28346
2020-01-01,2020,1,age_25_29,1,male,age_25_29_male,44386
2020-01-01,2020,1,age_25_29,2,female,age_25_29_female,42851
2020-01-01,2020,1,age_30_34,1,male,age_30_34_male,45055
2020-01-01,2020,1,age_30_34,2,female,age_30_34_female,42899
2020-01-01,2020,1,age_35_39,1,male,age_35_39_male,23838
2020-01-01,2020,1,age_35_39,2,female,age_35_39_female,22999
2020-01-01,2020,1,age_40_plus,1,male,age_40_plus_male,5635
2020-01-01,2020,1,age_40_plus,2,female,age_40_plus_female,5599
2020-02-01,2020,2,under_20,1,male,under_20_male,6676
2020-02-01,2020,2,under_20,2,female,under_20_female,6381
2020-02-01,2020,2,age_20_24,1,male,age_20_24_male,27006
2020-02-01,2020,2,age_20_24,2,female,age_20_24_female,25852
2020-02-01,2020,2,age_25_29,1,male,age_25_29_male,41630
2020-02-01,2020,2,age_25_29,2,female,age_25_29_female,39339
2020-02-01,2020,2,age_30_34,1,male,age_30_34_male,42219
2020-02-01,2020,2,age_30_34,2,female,age_30_34_female,40208
2020-02-01,2020,2,age_35_39,1,male,age_35_39_male,22298
2020-02-01,2020,2,age_35_39,2,female,age_35_39_female,21324
2020-02-01,2020,2,age_40_plus,1,male,age_40_plus_male,5271
2020-02-01,2020,2,age_40_plus,2,female,age_40_plus_female,5181
2020-03-01,2020,3,under_20,1,male,under_20_male,6801
2020-03-01,2020,3,under_20,2,female,under_20_female,6503
2020-03-01,2020,3,age_20_24,1,male,age_20_24_male,28195
2020-03-01,2020,3,age_20_24,2,female,age_20_24_female,27088
2020-03-01,2020,3,age_25_29,1,male,age_25_29_male,43979
2020-03-01,2020,3,age_25_29,2,female,age_25_29_female,41881
2020-03-01,2020,3,age_30_34,1,male,age_30_34_male,45808
2020-03-01,2020,3,age_30_34,2,female,age_30_34_female,44147
2020-03-01,2020,3,age_35_39,1,male,age_35_39_male,24068
2020-03-01,2020,3,age_35_39,2,female,age_35_39_female,22957
2020-03-01,2020,3,age_40_plus,1,male,age_40_plus_male,5632
2020-03-01,2020,3,age_40_plus,2,female,age_40_plus_female,5272
2020-04-01,2020,4,under_20,1,male,under_20_male,6399
2020-04-01,2020,4,under_20,2,female,under_20_female,6152
2020-04-01,2020,4,age_20_24,1,male,age_20_24_male,26954
2020-04-01,2020,4,age_20_24,2,female,age_20_24_female,25782
2020-04-01,2020,4,age_25_29,1,male,age_25_29_male,42571
2020-04-01,2020,4,age_25_29,2,female,age_25_29_female,40122
2020-04-01,2020,4,age_30_34,1,male,age_30_34_male,44460
2020-04-01,2020,4,age_30_34,2,female,age_30_34_female,42403
2020-04-01,2020,4,age_35_39,1,male,age_35_39_male,23400
2020-04-01,2020,4,age_35_39,2,female,age_35_39_female,22273
2020-04-01,2020,4,age_40_plus,1,male,age_40_plus_male,5273
2020-04-01,2020,4,age_40_plus,2,female,age_40_plus_female,5151
2020-05-01,2020,5,under_20,1,male,under_20_male,6486
2020-05-01,2020,5,under_20,2,female,under_20_female,6119
2020-05-01,2020,5,age_20_24,1,male,age_20_24_male,27742
2020-05-01,2020,5,age_20_24,2,female,age_20_24_female,26344
2020-05-01,2020,5,age_25_29,1,male,age_25_29_male,43887
2020-05-01,2020,5,age_25_29,2,female,age_25_29_female,41934
2020-05-01,2020,5,age_30_34,1,male,age_30_34_male,46550
2020-05-01,2020,5,age_30_34,2,female,age_30_34_female,44443
2020-05-01,2020,5,age_35_39,1,male,age_35_39_male,24486
2020-05-01,2020,5,age_35_39,2,female,age_35_39_female,23250
2020-05-01,2020,5,age_40_plus,1,male,age_40_plus_male,5368
2020-05-01,2020,5,age_40_plus,2,female,age_40_plus_female,5293
2020-06-01,2020,6,under_20,1,male,under_20_male,6653
2020-06-01,2020,6,under_20,2,female,under_20_female,6232
2020-06-01,2020,6,age_20_24,1,male,age_20_24_male,27859
2020-06-01,2020,6,age_20_24,2,female,age_20_24_female,26669
2020-06-01,2020,6,age_25_29,1,male,age_25_29_male,43659
2020-06-01,2020,6,age_25_29,2,female,age_25_29_female,41701
2020-06-01,2020,6,age_30_34,1,male,age_30_34_male,47019
2020-06-01,2020,6,age_30_34,2,female,age_30_34_female,44285
2020-06-01,2020,6,age_35_39,1,male,age_35_39_male,24256
2020-06-01,2020,6,age_35_39,2,female,age_35_39_female,23225
2020-06-01,2020,6,age_40_plus,1,male,age_40_plus_male,5549
2020-06-01,2020,6,age_40_plus,2,female,age_40_plus_female,5467
2020-07-01,2020,7,under_20,1,male,under_20_male,7192
2020-07-01,2020,7,under_20,2,female,under_20_female,6884
2020-07-01,2020,7,age_20_24,1,male,age_20_24_male,29967
2020-07-01,2020,7,age_20_24,2,female,age_20_24_female,28534
2020-07-01,2020,7,age_25_29,1,male,age_25_29_male,46669
2020-07-01,2020,7,age_25_29,2,female,age_25_29_female,44470
2020-07-01,2020,7,age_30_34,1,male,age_30_34_male,49038
2020-07-01,2020,7,age_30_34,2,female,age_30_34_female,46997
2020-07-01,2020,7,age_35_39,1,male,age_35_39_male,26018
2020-07-01,2020,7,age_35_39,2,female,age_35_39_female,24871
2020-07-01,2020,7,age_40_plus,1,male,age_40_plus_male,5774
2020-07-01,2020,7,age_40_plus,2,female,age_40_plus_female,5682
2020-08-01,2020,8,under_20,1,male,under_20_male,7373
2020-08-01,2020,8,under_20,2,female,under_20_female,6838
2020-08-01,2020,8,age_20_24,1,male,age_20_24_male,30330
2020-08-01,2020,8,age_20_24,2,female,age_20_24_female,28683
2020-08-01,2020,8,age_25_29,1,male,age_25_29_male,46478
2020-08-01,2020,8,age_25_29,2,female,age_25_29_female,44203
2020-08-01,2020,8,age_30_34,1,male,age_30_34_male,48616
2020-08-01,2020,8,age_30_34,2,female,age_30_34_female,46274
2020-08-01,2020,8,age_35_39,1,male,age_35_39_male,25553
2020-08-01,2020,8,age_35_39,2,female,age_35_39_female,24397
2020-08-01,2020,8,age_40_plus,1,male,age_40_plus_male,5788
2020-08-01,2020,8,age_40_plus,2,female,age_40_plus_female,5539
2020-09-01,2020,9,under_20,1,male,under_20_male,7200
2020-09-01,2020,9,under_20,2,female,under_20_female,6704
2020-09-01,2020,9,age_20_24,1,male,age_20_24_male,29530
2020-09-01,2020,9,age_20_24,2,female,age_20_24_female,28396
2020-09-01,2020,9,age_25_29,1,male,age_25_29_male,45089
2020-09-01,2020,9,age_25_29,2,female,age_25_29_female,43203
2020-09-01,2020,9,age_30_34,1,male,age_30_34_male,47316
2020-09-01,2020,9,age_30_34,2,female,age_30_34_female,45315
2020-09-01,2020,9,age_35_39,1,male,age_35_39_male,24763
2020-09-01,2020,9,age_35_39,2,female,age_35_39_female,23736
2020-09-01,2020,9,age_40_plus,1,male,age_40_plus_male,5487
2020-09-01,2020,9,age_40_plus,2,female,age_40_plus_female,5413
2020-10-01,2020,10,under_20,1,male,under_20_male,6917
2020-10-01,2020,10,under_20,2,female,under_20_female,6688
2020-10-01,2020,10,age_20_24,1,male,age_20_24_male,28377
2020-10-01,2020,10,age_20_24,2,female,age_20_24_female,26839
2020-10-01,2020,10,age_25_29,1,male,age_25_29_male,43573
2020-10-01,2020,10,age_25_29,2,female,age_25_29_female,41962
2020-10-01,2020,10,age_30_34,1,male,age_30_34_male,46340
2020-10-01,2020,10,age_30_34,2,female,age_30_34_female,44598
2020-10-01,2020,10,age_35_39,1,male,age_35_39_male,24936
2020-10-01,2020,10,age_35_39,2,female,age_35_39_female,23878
2020-10-01,2020,10,age_40_plus,1,male,age_40_plus_male,5883
2020-10-01,2020,10,age_40_plus,2,female,age_40_plus_female,5557
2020-11-01,2020,11,under_20,1,male,under_20_male,6390
2020-11-01,2020,11,under_20,2,female,under_20_female,6055
2020-11-01,2020,11,age_20_24,1,male,age_20_24_male,26786
2020-11-01,2020,11,age_20_24,2,female,age_20_24_female,25733
2020-11-01,2020,11,age_25_29,1,male,age_25_29_male,40520
2020-11-01,2020,11,age_25_29,2,female,age_25_29_female,38547
2020-11-01,2020,11,age_30_34,1,male,age_30_34_male,43061
2020-11-01,2020,11,age_30_34,2,female,age_30_34_female,40634
2020-11-01,2020,11,age_35_39,1,male,age_35_39_male,22774
2020-11-01,2020,11,age_35_39,2,female,age_35_39_female,22060
2020-11-01,2020,11,age_40_plus,1,male,age_40_plus_male,5317
2020-11-01,2020,11,age_40_plus,2,female,age_40_plus_female,5133
2020-12-01,2020,12,under_20,1,male,under_20_male,6669
2020-12-01,2020,12,under_20,2,female,under_20_female,6339
2020-12-01,2020,12,age_20_24,1,male,age_20_24_male,28426
2020-12-01,2020,12,age_20_24,2,female,age_20_24_female,27308
2020-12-01,2020,12,age_25_29,1,male,age_25_29_male,42757
2020-12-01,2020,12,age_25_29,2,female,age_25_29_female,40742
2020-12-01,2020,12,age_30_34,1,male,age_30_34_male,42968
2020-12-01,2020,12,age_30_34,2,female,age_30_34_female,41347
2020-12-01,2020,12,age_35_39,1,male,age_35_39_male,22429
2020-12-01,2020,12,age_35_39,2,female,age_35_39_female,21373
2020-12-01,2020,12,age_40_plus,1,male,age_40_plus_male,5067
2020-12-01,2020,12,age_40_plus,2,female,age_40_plus_female,4855
2021-01-01,2021,1,under_20,1,male,under_20_male,6166
2021-01-01,2021,1,under_20,2,female,under_20_female,5854
2021-01-01,2021,1,age_20_24,1,male,age_20_24_male,26498
2021-01-01,2021,1,age_20_24,2,female,age_20_24_female,25488
2021-01-01,2021,1,age_25_29,1,male,age_25_29_male,40552
2021-01-01,2021,1,age_25_29,2,female,age_25_29_female,38467
2021-01-01,2021,1,age_30_34,1,male,age_30_34_male,41852
2021-01-01,2021,1,age_30_34,2,female,age_30_34_female,40181
2021-01-01,2021,1,age_35_39,1,male,age_35_39_male,22256
2021-01-01,2021,1,age_35_39,2,female,age_35_39_female,20833
2021-01-01,2021,1,age_40_plus,1,male,age_40_plus_male,4700
2021-01-01,2021,1,age_40_plus,2,female,age_40_plus_female,4686
2021-02-01,2021,2,under_20,1,male,under_20_male,5841
2021-02-01,2021,2,under_20,2,female,under_20_female,5458
2021-02-01,2021,2,age_20_24,1,male,age_20_24_male,24770
2021-02-01,2021,2,age_20_24,2,female,age_20_24_female,23523
2021-02-01,2021,2,age_25_29,1,male,age_25_29_male,38349
2021-02-01,2021,2,age_25_29,2,female,age_25_29_female,36724
2021-02-01,2021,2,age_30_34,1,male,age_30_34_male,41012
2021-02-01,2021,2,age_30_34,2,female,age_30_34_female,39236
2021-02-01,2021,2,age_35_39,1,male,age_35_39_male,21474
2021-02-01,2021,2,age_35_39,2,female,age_35_39_female,20615
2021-02-01,2021,2,age_40_plus,1,male,age_40_plus_male,4959
2021-02-01,2021,2,age_40_plus,2,female,age_40_plus_female,4764
2021-03-01,2021,3,under_20,1,male,under_20_male,6312
2021-03-01,2021,3,under_20,2,female,under_20_female,6027
2021-03-01,2021,3,age_20_24,1,male,age_20_24_male,27406
2021-03-01,2021,3,age_20_24,2,female,age_20_24_female,26155
2021-03-01,2021,3,age_25_29,1,male,age_25_29_male,43644
2021-03-01,2021,3,age_25_29,2,female,age_25_29_female,41617
2021-03-01,2021,3,age_30_34,1,male,age_30_34_male,47298
2021-03-01,2021,3,age_30_34,2,female,age_30_34_female,45283
2021-03-01,2021,3,age_35_39,1,male,age_35_39_male,24728
2021-03-01,2021,3,age_35_39,2,female,age_35_39_female,23576
2021-03-01,2021,3,age_40_plus,1,male,age_40_plus_male,5707
2021-03-01,2021,3,age_40_plus,2,female,age_40_plus_female,5386
2021-04-01,2021,4,under_20,1,male,under_20_male,6027
2021-04-01,2021,4,under_20,2,female,under_20_female,5846
2021-04-01,2021,4,age_20_24,1,male,age_20_24_male,26292
2021-04-01,2021,4,age_20_24,2,female,age_20_24_female,24806
2021-04-01,2021,4,age_25_29,1,male,age_25_29_male,42179
2021-04-01,2021,4,age_25_29,2,female,age_25_29_female,40191
2021-04-01,2021,4,age_30_34,1,male,age_30_34_male,46424
2021-04-01,2021,4,age_30_34,2,female,age_30_34_female,43833
2021-04-01,2021,4,age_35_39,1,male,age_35_39_male,24236
2021-04-01,2021,4,age_35_39,2,female,age_35_39_female,22959
2021-04-01,2021,4,age_40_plus,1,male,age_40_plus_male,5567
2021-04-01,2021,4,age_40_plus,2,female,age_40_plus_female,5270
2021-05-01,2021,5,under_20,1,male,under_20_male,6153
2021-05-01,2021,5,under_20,2,female,under_20_female,5806
2021-05-01,2021,5,age_20_24,1,male,age_20_24_male,26791
2021-05-01,2021,5,age_20_24,2,female,age_20_24_female,25541
2021-05-01,2021,5,age_25_29,1,male,age_25_29_male,43247
2021-05-01,2021,5,age_25_29,2,female,age_25_29_female,40875
2021-05-01,2021,5,age_30_34,1,male,age_30_34_male,48098
2021-05-01,2021,5,age_30_34,2,female,age_30_34_female,45467
2021-05-01,2021,5,age_35_39,1,male,age_35_39_male,24768
2021-05-01,2021,5,age_35_39,2,female,age_35_39_female,23743
2021-05-01,2021,5,age_40_plus,1,male,age_40_plus_male,5584
2021-05-01,2021,5,age_40_plus,2,female,age_40_plus_female,5270
2021-06-01,2021,6,under_20,1,male,under_20_male,6303
2021-06-01,2021,6,under_20,2,female,under_20_female,6089
2021-06-01,2021,6,age_20_24,1,male,age_20_24_male,27764
2021-06-01,2021,6,age_20_24,2,female,age_20_24_female,26492
2021-06-01,2021,6,age_25_29,1,male,age_25_29_male,45343
2021-06-01,2021,6,age_25_29,2,female,age_25_29_female,42924
2021-06-01,2021,6,age_30_34,1,male,age_30_34_male,49715
2021-06-01,2021,6,age_30_34,2,female,age_30_34_female,47172
2021-06-01,2021,6,age_35_39,1,male,age_35_39_male,25671
2021-06-01,2021,6,age_35_39,2,female,age_35_39_female,24877
2021-06-01,2021,6,age_40_plus,1,male,age_40_plus_male,5915
2021-06-01,2021,6,age_40_plus,2,female,age_40_plus_female,5759
2021-07-01,2021,7,under_20,1,male,under_20_male,6768
2021-07-01,2021,7,under_20,2,female,under_20_female,6586
2021-07-01,2021,7,age_20_24,1,male,age_20_24_male,29291
2021-07-01,2021,7,age_20_24,2,female,age_20_24_female,28194
2021-07-01,2021,7,age_25_29,1,male,age_25_29_male,46684
2021-07-01,2021,7,age_25_29,2,female,age_25_29_female,44298
2021-07-01,2021,7,age_30_34,1,male,age_30_34_male,51104
2021-07-01,2021,7,age_30_34,2,female,age_30_34_female,48745
2021-07-01,2021,7,age_35_39,1,male,age_35_39_male,26714
2021-07-01,2021,7,age_35_39,2,female,age_35_39_female,26035
2021-07-01,2021,7,age_40_plus,1,male,age_40_plus_male,6134
2021-07-01,2021,7,age_40_plus,2,female,age_40_plus_female,6058
2021-08-01,2021,8,under_20,1,male,under_20_male,6720
2021-08-01,2021,8,under_20,2,female,under_20_female,6385
2021-08-01,2021,8,age_20_24,1,male,age_20_24_male,29747
2021-08-01,2021,8,age_20_24,2,female,age_20_24_female,28297
2021-08-01,2021,8,age_25_29,1,male,age_25_29_male,47108
2021-08-01,2021,8,age_25_29,2,female,age_25_29_female,45410
2021-08-01,2021,8,age_30_34,1,male,age_30_34_male,51937
2021-08-01,2021,8,age_30_34,2,female,age_30_34_female,49328
2021-08-01,2021,8,age_35_39,1,male,age_35_39_male,27394
2021-08-01,2021,8,age_35_39,2,female,age_35_39_female,26166
2021-08-01,2021,8,age_40_plus,1,male,age_40_plus_male,6158
2021-08-01,2021,8,age_40_plus,2,female,age_40_plus_female,6090
2021-09-01,2021,9,under_20,1,male,under_20_male,6872
2021-09-01,2021,9,under_20,2,female,under_20_female,6661
2021-09-01,2021,9,age_20_24,1,male,age_20_24_male,29489
2021-09-01,2021,9,age_20_24,2,female,age_20_24_female,28443
2021-09-01,2021,9,age_25_29,1,male,age_25_29_male,46480
2021-09-01,2021,9,age_25_29,2,female,age_25_29_female,44802
2021-09-01,2021,9,age_30_34,1,male,age_30_34_male,50692
2021-09-01,2021,9,age_30_34,2,female,age_30_34_female,48354
2021-09-01,2021,9,age_35_39,1,male,age_35_39_male,27060
2021-09-01,2021,9,age_35_39,2,female,age_35_39_female,25820
2021-09-01,2021,9,age_40_plus,1,male,age_40_plus_male,5939
2021-09-01,2021,9,age_40_plus,2,female,age_40_plus_female,5668
2021-10-01,2021,10,under_20,1,male,under_20_male,6475
2021-10-01,2021,10,under_20,2,female,under_20_female,6204
2021-10-01,2021,10,age_20_24,1,male,age_20_24_male,28411
2021-10-01,2021,10,age_20_24,2,female,age_20_24_female,27049
2021-10-01,2021,10,age_25_29,1,male,age_25_29_male,44722
2021-10-01,2021,10,age_25_29,2,female,age_25_29_female,42596
2021-10-01,2021,10,age_30_34,1,male,age_30_34_male,49083
2021-10-01,2021,10,age_30_34,2,female,age_30_34_female,47104
2021-10-01,2021,10,age_35_39,1,male,age_35_39_male,26547
2021-10-01,2021,10,age_35_39,2,female,age_35_39_female,25638
2021-10-01,2021,10,age_40_plus,1,male,age_40_plus_male,6152
2021-10-01,2021,10,age_40_plus,2,female,age_40_plus_female,5928
2021-11-01,2021,11,under_20,1,male,under_20_male,6135
2021-11-01,2021,11,under_20,2,female,under_20_female,5920
2021-11-01,2021,11,age_20_24,1,male,age_20_24_male,26805
2021-11-01,2021,11,age_20_24,2,female,age_20_24_female,26018
2021-11-01,2021,11,age_25_29,1,male,age_25_29_male,42309
2021-11-01,2021,11,age_25_29,2,female,age_25_29_female,40699
2021-11-01,2021,11,age_30_34,1,male,age_30_34_male,46722
2021-11-01,2021,11,age_30_34,2,female,age_30_34_female,45225
2021-11-01,2021,11,age_35_39,1,male,age_35_39_male,25772
2021-11-01,2021,11,age_35_39,2,female,age_35_39_female,24809
2021-11-01,2021,11,age_40_plus,1,male,age_40_plus_male,6121
2021-11-01,2021,11,age_40_plus,2,female,age_40_plus_female,5774
2021-12-01,2021,12,under_20,1,male,under_20_male,6300
2021-12-01,2021,12,under_20,2,female,under_20_female,6096
2021-12-01,2021,12,age_20_24,1,male,age_20_24_male,28448
2021-12-01,2021,12,age_20_24,2,female,age_20_24_female,27383
2021-12-01,2021,12,age_25_29,1,male,age_25_29_male,43970
2021-12-01,2021,12,age_25_29,2,female,age_25_29_female,42441
2021-12-01,2021,12,age_30_34,1,male,age_30_34_male,47729
2021-12-01,2021,12,age_30_34,2,female,age_30_34_female,45323
2021-12-01,2021,12,age_35_39,1,male,age_35_39_male,26497
2021-12-01,2021,12,age_35_39,2,female,age_35_39_female,25051
2021-12-01,2021,12,age_40_plus,1,male,age_40_plus_male,6289
2021-12-01,2021,12,age_40_plus,2,female,age_40_plus_female,6158
2022-01-01,2022,1,under_20,1,male,under_20_male,6269
2022-01-01,2022,1,under_20,2,female,under_20_female,6044
2022-01-01,2022,1,age_20_24,1,male,age_20_24_male,27052
2022-01-01,2022,1,age_20_24,2,female,age_20_24_female,25844
2022-01-01,2022,1,age_25_29,1,male,age_25_29_male,41763
2022-01-01,2022,1,age_25_29,2,female,age_25_29_female,40015
2022-01-01,2022,1,age_30_34,1,male,age_30_34_male,45035
2022-01-01,2022,1,age_30_34,2,female,age_30_34_female,43243
2022-01-01,2022,1,age_35_39,1,male,age_35_39_male,24722
2022-01-01,2022,1,age_35_39,2,female,age_35_39_female,23825
2022-01-01,2022,1,age_40_plus,1,male,age_40_plus_male,5964
2022-01-01,2022,1,age_40_plus,2,female,age_40_plus_female,5697
2022-02-01,2022,2,under_20,1,male,under_20_male,5630
2022-02-01,2022,2,under_20,2,female,under_20_female,5390
2022-02-01,2022,2,age_20_24,1,male,age_20_24_male,24716
2022-02-01,2022,2,age_20_24,2,female,age_20_24_female,23485
2022-02-01,2022,2,age_25_29,1,male,age_25_29_male,39221
2022-02-01,2022,2,age_25_29,2,female,age_25_29_female,37139
2022-02-01,2022,2,age_30_34,1,male,age_30_34_male,43088
2022-02-01,2022,2,age_30_34,2,female,age_30_34_female,40809
2022-02-01,2022,2,age_35_39,1,male,age_35_39_male,23424
2022-02-01,2022,2,age_35_39,2,female,age_35_39_female,22319
2022-02-01,2022,2,age_40_plus,1,male,age_40_plus_male,5711
2022-02-01,2022,2,age_40_plus,2,female,age_40_plus_female,5317
2022-03-01,2022,3,under_20,1,male,under_20_male,6184
2022-03-01,2022,3,under_20,2,female,under_20_female,5929
2022-03-01,2022,3,age_20_24,1,male,age_20_24_male,27073
2022-03-01,2022,3,age_20_24,2,female,age_20_24_female,25883
2022-03-01,2022,3,age_25_29,1,male,age_25_29_male,43818
2022-03-01,2022,3,age_25_29,2,female,age_25_29_female,41684
2022-03-01,2022,3,age_30_34,1,male,age_30_34_male,48472
2022-03-01,2022,3,age_30_34,2,female,age_30_34_female,46137
2022-03-01,2022,3,age_35_39,1,male,age_35_39_male,25977
2022-03-01,2022,3,age_35_39,2,female,age_35_39_female,24740
2022-03-01,2022,3,age_40_plus,1,male,age_40_plus_male,6231
2022-03-01,2022,3,age_40_plus,2,female,age_40_plus_female,5977
2022-04-01,2022,4,under_20,1,male,under_20_male,5695
2022-04-01,2022,4,under_20,2,female,under_20_female,5418
2022-04-01,2022,4,age_20_24,1,male,age_20_24_male,25363
2022-04-01,2022,4,age_20_24,2,female,age_20_24_female,23975
2022-04-01,2022,4,age_25_29,1,male,age_25_29_male,41040
2022-04-01,2022,4,age_25_29,2,female,age_25_29_female,38931
2022-04-01,2022,4,age_30_34,1,male,age_30_34_male,45774
2022-04-01,2022,4,age_30_34,2,female,age_30_34_female,43969
2022-04-01,2022,4,age_35_39,1,male,age_35_39_male,24391
2022-04-01,2022,4,age_35_39,2,female,age_35_39_female,23409
2022-04-01,2022,4,age_40_plus,1,male,age_40_plus_male,5710
2022-04-01,2022,4,age_40_plus,2,female,age_40_plus_female,5574
2022-05-01,2022,5,under_20,1,male,under_20_male,5820
2022-05-01,2022,5,under_20,2,female,under_20_female,5410
2022-05-01,2022,5,age_20_24,1,male,age_20_24_male,25782
2022-05-01,2022,5,age_20_24,2,female,age_20_24_female,24810
2022-05-01,2022,5,age_25_29,1,male,age_25_29_male,42165
2022-05-01,2022,5,age_25_29,2,female,age_25_29_female,40206
2022-05-01,2022,5,age_30_34,1,male,age_30_34_male,47418
2022-05-01,2022,5,age_30_34,2,female,age_30_34_female,45137
2022-05-01,2022,5,age_35_39,1,male,age_35_39_male,25391
2022-05-01,2022,5,age_35_39,2,female,age_35_39_female,24425
2022-05-01,2022,5,age_40_plus,1,male,age_40_plus_male,5961
2022-05-01,2022,5,age_40_plus,2,female,age_40_plus_female,5681
2022-06-01,2022,6,under_20,1,male,under_20_male,6062
2022-06-01,2022,6,under_20,2,female,under_20_female,5751
2022-06-01,2022,6,age_20_24,1,male,age_20_24_male,27001
2022-06-01,2022,6,age_20_24,2,female,age_20_24_female,25635
2022-06-01,2022,6,age_25_29,1,male,age_25_29_male,43251
2022-06-01,2022,6,age_25_29,2,female,age_25_29_female,41539
2022-06-01,2022,6,age_30_34,1,male,age_30_34_male,48350
2022-06-01,2022,6,age_30_34,2,female,age_30_34_female,46266
2022-06-01,2022,6,age_35_39,1,male,age_35_39_male,25811
2022-06-01,2022,6,age_35_39,2,female,age_35_39_female,24878
2022-06-01,2022,6,age_40_plus,1,male,age_40_plus_male,5979
2022-06-01,2022,6,age_40_plus,2,female,age_40_plus_female,5917
2022-07-01,2022,7,under_20,1,male,under_20_male,6615
2022-07-01,2022,7,under_20,2,female,under_20_female,6293
2022-07-01,2022,7,age_20_24,1,male,age_20_24_male,28623
2022-07-01,2022,7,age_20_24,2,female,age_20_24_female,27570
2022-07-01,2022,7,age_25_29,1,male,age_25_29_male,46014
2022-07-01,2022,7,age_25_29,2,female,age_25_29_female,43542
2022-07-01,2022,7,age_30_34,1,male,age_30_34_male,49964
2022-07-01,2022,7,age_30_34,2,female,age_30_34_female,47602
2022-07-01,2022,7,age_35_39,1,male,age_35_39_male,26783
2022-07-01,2022,7,age_35_39,2,female,age_35_39_female,25924
2022-07-01,2022,7,age_40_plus,1,male,age_40_plus_male,6437
2022-07-01,2022,7,age_40_plus,2,female,age_40_plus_female,6160
2022-08-01,2022,8,under_20,1,male,under_20_male,6753
2022-08-01,2022,8,under_20,2,female,under_20_female,6526
2022-08-01,2022,8,age_20_24,1,male,age_20_24_male,30212
2022-08-01,2022,8,age_20_24,2,female,age_20_24_female,28902
2022-08-01,2022,8,age_25_29,1,male,age_25_29_male,47574
2022-08-01,2022,8,age_25_29,2,female,age_25_29_female,45799
2022-08-01,2022,8,age_30_34,1,male,age_30_34_male,52454
2022-08-01,2022,8,age_30_34,2,female,age_30_34_female,50268
2022-08-01,2022,8,age_35_39,1,male,age_35_39_male,28386
2022-08-01,2022,8,age_35_39,2,female,age_35_39_female,26951
2022-08-01,2022,8,age_40_plus,1,male,age_40_plus_male,6545
2022-08-01,2022,8,age_40_plus,2,female,age_40_plus_female,6339
2022-09-01,2022,9,under_20,1,male,under_20_male,6263
2022-09-01,2022,9,under_20,2,female,under_20_female,6098
2022-09-01,2022,9,age_20_24,1,male,age_20_24_male,28107
2022-09-01,2022,9,age_20_24,2,female,age_20_24_female,27176
2022-09-01,2022,9,age_25_29,1,male,age_25_29_male,44210
2022-09-01,2022,9,age_25_29,2,female,age_25_29_female,42805
2022-09-01,2022,9,age_30_34,1,male,age_30_34_male,48787
2022-09-01,2022,9,age_30_34,2,female,age_30_34_female,46726
2022-09-01,2022,9,age_35_39,1,male,age_35_39_male,25932
2022-09-01,2022,9,age_35_39,2,female,age_35_39_female,25054
2022-09-01,2022,9,age_40_plus,1,male,age_40_plus_male,6061
2022-09-01,2022,9,age_40_plus,2,female,age_40_plus_female,5787
2022-10-01,2022,10,under_20,1,male,under_20_male,6175
2022-10-01,2022,10,under_20,2,female,under_20_female,5886
2022-10-01,2022,10,age_20_24,1,male,age_20_24_male,27283
2022-10-01,2022,10,age_20_24,2,female,age_20_24_female,25915
2022-10-01,2022,10,age_25_29,1,male,age_25_29_male,43390
2022-10-01,2022,10,age_25_29,2,female,age_25_29_female,41016
2022-10-01,2022,10,age_30_34,1,male,age_30_34_male,48333
2022-10-01,2022,10,age_30_34,2,female,age_30_34_female,45924
2022-10-01,2022,10,age_35_39,1,male,age_35_39_male,26415
2022-10-01,2022,10,age_35_39,2,female,age_35_39_female,24964
2022-10-01,2022,10,age_40_plus,1,male,age_40_plus_male,6200
2022-10-01,2022,10,age_40_plus,2,female,age_40_plus_female,6091
2022-11-01,2022,11,under_20,1,male,under_20_male,6361
2022-11-01,2022,11,under_20,2,female,under_20_female,6236
2022-11-01,2022,11,age_20_24,1,male,age_20_24_male,27337
2022-11-01,2022,11,age_20_24,2,female,age_20_24_female,26241
2022-11-01,2022,11,age_25_29,1,male,age_25_29_male,42858
2022-11-01,2022,11,age_25_29,2,female,age_25_29_female,41078
2022-11-01,2022,11,age_30_34,1,male,age_30_34_male,47643
2022-11-01,2022,11,age_30_34,2,female,age_30_34_female,45696
2022-11-01,2022,11,age_35_39,1,male,age_35_39_male,26344
2022-11-01,2022,11,age_35_39,2,female,age_35_39_female,25302
2022-11-01,2022,11,age_40_plus,1,male,age_40_plus_male,6472
2022-11-01,2022,11,age_40_plus,2,female,age_40_plus_female,6338
2022-12-01,2022,12,under_20,1,male,under_20_male,6608
2022-12-01,2022,12,under_20,2,female,under_20_female,6403
2022-12-01,2022,12,age_20_24,1,male,age_20_24_male,28313
2022-12-01,2022,12,age_20_24,2,female,age_20_24_female,27348
2022-12-01,2022,12,age_25_29,1,male,age_25_29_male,44411
2022-12-01,2022,12,age_25_29,2,female,age_25_29_female,42343
2022-12-01,2022,12,age_30_34,1,male,age_30_34_male,48090
2022-12-01,2022,12,age_30_34,2,female,age_30_34_female,46307
2022-12-01,2022,12,age_35_39,1,male,age_35_39_male,26827
2022-12-01,2022,12,age_35_39,2,female,age_35_39_female,25956
2022-12-01,2022,12,age_40_plus,1,male,age_40_plus_male,6625
2022-12-01,2022,12,age_40_plus,2,female,age_40_plus_female,6336
2023-01-01,2023,1,under_20,1,male,under_20_male,6456
2023-01-01,2023,1,under_20,2,female,under_20_female,6092
2023-01-01,2023,1,age_20_24,1,male,age_20_24_male,27246
2023-01-01,2023,1,age_20_24,2,female,age_20_24_female,26284
2023-01-01,2023,1,age_25_29,1,male,age_25_29_male,42095
2023-01-01,2023,1,age_25_29,2,female,age_25_29_female,40598
2023-01-01,2023,1,age_30_34,1,male,age_30_34_male,45816
2023-01-01,2023,1,age_30_34,2,female,age_30_34_female,43934
2023-01-01,2023,1,age_35_39,1,male,age_35_39_male,25245
2023-01-01,2023,1,age_35_39,2,female,age_35_39_female,23985
2023-01-01,2023,1,age_40_plus,1,male,age_40_plus_male,6321
2023-01-01,2023,1,age_40_plus,2,female,age_40_plus_female,6078
2023-02-01,2023,2,under_20,1,male,under_20_male,5709
2023-02-01,2023,2,under_20,2,female,under_20_female,5415
2023-02-01,2023,2,age_20_24,1,male,age_20_24_male,24115
2023-02-01,2023,2,age_20_24,2,female,age_20_24_female,23143
2023-02-01,2023,2,age_25_29,1,male,age_25_29_male,38459
2023-02-01,2023,2,age_25_29,2,female,age_25_29_female,36777
2023-02-01,2023,2,age_30_34,1,male,age_30_34_male,41759
2023-02-01,2023,2,age_30_34,2,female,age_30_34_female,39944
2023-02-01,2023,2,age_35_39,1,male,age_35_39_male,22910
2023-02-01,2023,2,age_35_39,2,female,age_35_39_female,22138
2023-02-01,2023,2,age_40_plus,1,male,age_40_plus_male,5658
2023-02-01,2023,2,age_40_plus,2,female,age_40_plus_female,5481
2023-03-01,2023,3,under_20,1,male,under_20_male,6276
2023-03-01,2023,3,under_20,2,female,under_20_female,5776
2023-03-01,2023,3,age_20_24,1,male,age_20_24_male,26736
2023-03-01,2023,3,age_20_24,2,female,age_20_24_female,25295
2023-03-01,2023,3,age_25_29,1,male,age_25_29_male,42171
2023-03-01,2023,3,age_25_29,2,female,age_25_29_female,40387
2023-03-01,2023,3,age_30_34,1,male,age_30_34_male,46831
2023-03-01,2023,3,age_30_34,2,female,age_30_34_female,44465
2023-03-01,2023,3,age_35_39,1,male,age_35_39_male,25602
2023-03-01,2023,3,age_35_39,2,female,age_35_39_female,24448
2023-03-01,2023,3,age_40_plus,1,male,age_40_plus_male,6140
2023-03-01,2023,3,age_40_plus,2,female,age_40_plus_female,5965
2023-04-01,2023,4,under_20,1,male,under_20_male,5551
2023-04-01,2023,4,under_20,2,female,under_20_female,5372
2023-04-01,2023,4,age_20_24,1,male,age_20_24_male,24112
2023-04-01,2023,4,age_20_24,2,female,age_20_24_female,22907
2023-04-01,2023,4,age_25_29,1,male,age_25_29_male,39397
2023-04-01,2023,4,age_25_29,2,female,age_25_29_female,37312
2023-04-01,2023,4,age_30_34,1,male,age_30_34_male,44492
2023-04-01,2023,4,age_30_34,2,female,age_30_34_female,42158
2023-04-01,2023,4,age_35_39,1,male,age_35_39_male,23727
2023-04-01,2023,4,age_35_39,2,female,age_35_39_female,22895
2023-04-01,2023,4,age_40_plus,1,male,age_40_plus_male,5778
2023-04-01,2023,4,age_40_plus,2,female,age_40_plus_female,5572
2023-05-01,2023,5,under_20,1,male,under_20_male,5823
2023-05-01,2023,5,under_20,2,female,under_20_female,5561
2023-05-01,2023,5,age_20_24,1,male,age_20_24_male,26221
2023-05-01,2023,5,age_20_24,2,female,age_20_24_female,24584
2023-05-01,2023,5,age_25_29,1,male,age_25_29_male,42277
2023-05-01,2023,5,age_25_29,2,female,age_25_29_female,39889
2023-05-01,2023,5,age_30_34,1,male,age_30_34_male,47453
2023-05-01,2023,5,age_30_34,2,female,age_30_34_female,45790
2023-05-01,2023,5,age_35_39,1,male,age_35_39_male,25623
2023-05-01,2023,5,age_35_39,2,female,age_35_39_female,24836
2023-05-01,2023,5,age_40_plus,1,male,age_40_plus_male,6236
2023-05-01,2023,5,age_40_plus,2,female,age_40_plus_female,5970
2023-06-01,2023,6,under_20,1,male,under_20_male,6024
2023-06-01,2023,6,under_20,2,female,under_20_female,5695
2023-06-01,2023,6,age_20_24,1,male,age_20_24_male,26152
2023-06-01,2023,6,age_20_24,2,female,age_20_24_female,24933
2023-06-01,2023,6,age_25_29,1,male,age_25_29_male,43171
2023-06-01,2023,6,age_25_29,2,female,age_25_29_female,40735
2023-06-01,2023,6,age_30_34,1,male,age_30_34_male,48085
2023-06-01,2023,6,age_30_34,2,female,age_30_34_female,45757
2023-06-01,2023,6,age_35_39,1,male,age_35_39_male,26503
2023-06-01,2023,6,age_35_39,2,female,age_35_39_female,24666
2023-06-01,2023,6,age_40_plus,1,male,age_40_plus_male,6286
2023-06-01,2023,6,age_40_plus,2,female,age_40_plus_female,6080
2023-07-01,2023,7,under_20,1,male,under_20_male,6308
2023-07-01,2023,7,under_20,2,female,under_20_female,6057
2023-07-01,2023,7,age_20_24,1,male,age_20_24_male,27165
2023-07-01,2023,7,age_20_24,2,female,age_20_24_female,26056
2023-07-01,2023,7,age_25_29,1,male,age_25_29_male,44303
2023-07-01,2023,7,age_25_29,2,female,age_25_29_female,41907
2023-07-01,2023,7,age_30_34,1,male,age_30_34_male,49030
2023-07-01,2023,7,age_30_34,2,female,age_30_34_female,46853
2023-07-01,2023,7,age_35_39,1,male,age_35_39_male,26899
2023-07-01,2023,7,age_35_39,2,female,age_35_39_female,25259
2023-07-01,2023,7,age_40_plus,1,male,age_40_plus_male,6372
2023-07-01,2023,7,age_40_plus,2,female,age_40_plus_female,6152
2023-08-01,2023,8,under_20,1,male,under_20_male,6370
2023-08-01,2023,8,under_20,2,female,under_20_female,6180
2023-08-01,2023,8,age_20_24,1,male,age_20_24_male,28289
2023-08-01,2023,8,age_20_24,2,female,age_20_24_female,26878
2023-08-01,2023,8,age_25_29,1,male,age_25_29_male,45638
2023-08-01,2023,8,age_25_29,2,female,age_25_29_female,43554
2023-08-01,2023,8,age_30_34,1,male,age_30_34_male,50476
2023-08-01,2023,8,age_30_34,2,female,age_30_34_female,48208
2023-08-01,2023,8,age_35_39,1,male,age_35_39_male,28117
2023-08-01,2023,8,age_35_39,2,female,age_35_39_female,26427
2023-08-01,2023,8,age_40_plus,1,male,age_40_plus_male,6671
2023-08-01,2023,8,age_40_plus,2,female,age_40_plus_female,6396
2023-09-01,2023,9,under_20,1,male,under_20_male,6193
2023-09-01,2023,9,under_20,2,female,under_20_female,5804
2023-09-01,2023,9,age_20_24,1,male,age_20_24_male,26830
2023-09-01,2023,9,age_20_24,2,female,age_20_24_female,25703
2023-09-01,2023,9,age_25_29,1,male,age_25_29_male,43487
2023-09-01,2023,9,age_25_29,2,female,age_25_29_female,40888
2023-09-01,2023,9,age_30_34,1,male,age_30_34_male,48194
2023-09-01,2023,9,age_30_34,2,female,age_30_34_female,45836
2023-09-01,2023,9,age_35_39,1,male,age_35_39_male,26244
2023-09-01,2023,9,age_35_39,2,female,age_35_39_female,25104
2023-09-01,2023,9,age_40_plus,1,male,age_40_plus_male,6140
2023-09-01,2023,9,age_40_plus,2,female,age_40_plus_female,5924
2023-10-01,2023,10,under_20,1,male,under_20_male,6137
2023-10-01,2023,10,under_20,2,female,under_20_female,5985
2023-10-01,2023,10,age_20_24,1,male,age_20_24_male,26654
2023-10-01,2023,10,age_20_24,2,female,age_20_24_female,25732
2023-10-01,2023,10,age_25_29,1,male,age_25_29_male,43055
2023-10-01,2023,10,age_25_29,2,female,age_25_29_female,41088
2023-10-01,2023,10,age_30_34,1,male,age_30_34_male,48748
2023-10-01,2023,10,age_30_34,2,female,age_30_34_female,46629
2023-10-01,2023,10,age_35_39,1,male,age_35_39_male,26843
2023-10-01,2023,10,age_35_39,2,female,age_35_39_female,26136
2023-10-01,2023,10,age_40_plus,1,male,age_40_plus_male,6624
2023-10-01,2023,10,age_40_plus,2,female,age_40_plus_female,6297
2023-11-01,2023,11,under_20,1,male,under_20_male,6102
2023-11-01,2023,11,under_20,2,female,under_20_female,5818
2023-11-01,2023,11,age_20_24,1,male,age_20_24_male,26080
2023-11-01,2023,11,age_20_24,2,female,age_20_24_female,25005
2023-11-01,2023,11,age_25_29,1,male,age_25_29_male,41102
2023-11-01,2023,11,age_25_29,2,female,age_25_29_female,39699
2023-11-01,2023,11,age_30_34,1,male,age_30_34_male,46570
2023-11-01,2023,11,age_30_34,2,female,age_30_34_female,44318
2023-11-01,2023,11,age_35_39,1,male,age_35_39_male,26426
2023-11-01,2023,11,age_35_39,2,female,age_35_39_female,25221
2023-11-01,2023,11,age_40_plus,1,male,age_40_plus_male,6311
2023-11-01,2023,11,age_40_plus,2,female,age_40_plus_female,6387
2023-12-01,2023,12,under_20,1,male,under_20_male,6245
2023-12-01,2023,12,under_20,2,female,under_20_female,6027
2023-12-01,2023,12,age_20_24,1,male,age_20_24_male,26550
2023-12-01,2023,12,age_20_24,2,female,age_20_24_female,25332
2023-12-01,2023,12,age_25_29,1,male,age_25_29_male,41688
2023-12-01,2023,12,age_25_29,2,female,age_25_29_female,39574
2023-12-01,2023,12,age_30_34,1,male,age_30_34_male,45751
2023-12-01,2023,12,age_30_34,2,female,age_30_34_female,43934
2023-12-01,2023,12,age_35_39,1,male,age_35_39_male,25999
2023-12-01,2023,12,age_35_39,2,female,age_35_39_female,25056
2023-12-01,2023,12,age_40_plus,1,male,age_40_plus_male,6417
2023-12-01,2023,12,age_40_plus,2,female,age_40_plus_female,6256
2024-01-01,2024,1,under_20,1,male,under_20_male,6254
2024-01-01,2024,1,under_20,2,female,under_20_female,5832
2024-01-01,2024,1,age_20_24,1,male,age_20_24_male,26417
2024-01-01,2024,1,age_20_24,2,female,age_20_24_female,25373
2024-01-01,2024,1,age_25_29,1,male,age_25_29_male,41495
2024-01-01,2024,1,age_25_29,2,female,age_25_29_female,39786
2024-01-01,2024,1,age_30_34,1,male,age_30_34_male,45664
2024-01-01,2024,1,age_30_34,2,female,age_30_34_female,43773
2024-01-01,2024,1,age_35_39,1,male,age_35_39_male,25895
2024-01-01,2024,1,age_35_39,2,female,age_35_39_female,24707
2024-01-01,2024,1,age_40_plus,1,male,age_40_plus_male,6431
2024-01-01,2024,1,age_40_plus,2,female,age_40_plus_female,6171
2024-02-01,2024,2,under_20,1,male,under_20_male,5834
2024-02-01,2024,2,under_20,2,female,under_20_female,5584
2024-02-01,2024,2,age_20_24,1,male,age_20_24_male,24627
2024-02-01,2024,2,age_20_24,2,female,age_20_24_female,23512
2024-02-01,2024,2,age_25_29,1,male,age_25_29_male,39529
2024-02-01,2024,2,age_25_29,2,female,age_25_29_female,38360
2024-02-01,2024,2,age_30_34,1,male,age_30_34_male,44077
2024-02-01,2024,2,age_30_34,2,female,age_30_34_female,42056
2024-02-01,2024,2,age_35_39,1,male,age_35_39_male,24577
2024-02-01,2024,2,age_35_39,2,female,age_35_39_female,23475
2024-02-01,2024,2,age_40_plus,1,male,age_40_plus_male,6196
2024-02-01,2024,2,age_40_plus,2,female,age_40_plus_female,6031
2024-03-01,2024,3,under_20,1,male,under_20_male,6077
2024-03-01,2024,3,under_20,2,female,under_20_female,5694
2024-03-01,2024,3,age_20_24,1,male,age_20_24_male,25784
2024-03-01,2024,3,age_20_24,2,female,age_20_24_female,24344
2024-03-01,2024,3,age_25_29,1,male,age_25_29_male,41712
2024-03-01,2024,3,age_25_29,2,female,age_25_29_female,40002
2024-03-01,2024,3,age_30_34,1,male,age_30_34_male,46868
2024-03-01,2024,3,age_30_34,2,female,age_30_34_female,45137
2024-03-01,2024,3,age_35_39,1,male,age_35_39_male,25707
2024-03-01,2024,3,age_35_39,2,female,age_35_39_female,24839
2024-03-01,2024,3,age_40_plus,1,male,age_40_plus_male,6346
2024-03-01,2024,3,age_40_plus,2,female,age_40_plus_female,6250
2024-04-01,2024,4,under_20,1,male,under_20_male,5478
2024-04-01,2024,4,under_20,2,female,under_20_female,5199
2024-04-01,2024,4,age_20_24,1,male,age_20_24_male,24679
2024-04-01,2024,4,age_20_24,2,female,age_20_24_female,23585
2024-04-01,2024,4,age_25_29,1,male,age_25_29_male,40554
2024-04-01,2024,4,age_25_29,2,female,age_25_29_female,38844
2024-04-01,2024,4,age_30_34,1,male,age_30_34_male,46449
2024-04-01,2024,4,age_30_34,2,female,age_30_34_female,43911
2024-04-01,2024,4,age_35_39,1,male,age_35_39_male,25260
2024-04-01,2024,4,age_35_39,2,female,age_35_39_female,24234
2024-04-01,2024,4,age_40_plus,1,male,age_40_plus_male,6107
2024-04-01,2024,4,age_40_plus,2,female,age_40_plus_female,5912
2024-05-01,2024,5,under_20,1,male,under_20_male,5771
2024-05-01,2024,5,under_20,2,female,under_20_female,5315
2024-05-01,2024,5,age_20_24,1,male,age_20_24_male,25545
2024-05-01,2024,5,age_20_24,2,female,age_20_24_female,24385
2024-05-01,2024,5,age_25_29,1,male,age_25_29_male,42867
2024-05-01,2024,5,age_25_29,2,female,age_25_29_female,40485
2024-05-01,2024,5,age_30_34,1,male,age_30_34_male,48101
2024-05-01,2024,5,age_30_34,2,female,age_30_34_female,46325
2024-05-01,2024,5,age_35_39,1,male,age_35_39_male,26901
2024-05-01,2024,5,age_35_39,2,female,age_35_39_female,25609
2024-05-01,2024,5,age_40_plus,1,male,age_40_plus_male,6368
2024-05-01,2024,5,age_40_plus,2,female,age_40_plus_female,6253
2024-06-01,2024,6,under_20,1,male,under_20_male,5781
2024-06-01,2024,6,under_20,2,female,under_20_female,5345
2024-06-01,2024,6,age_20_24,1,male,age_20_24_male,25362
2024-06-01,2024,6,age_20_24,2,female,age_20_24_female,24012
2024-06-01,2024,6,age_25_29,1,male,age_25_29_male,41556
2024-06-01,2024,6,age_25_29,2,female,age_25_29_female,39495
2024-06-01,2024,6,age_30_34,1,male,age_30_34_male,46365
2024-06-01,2024,6,age_30_34,2,female,age_30_34_female,44152
2024-06-01,2024,6,age_35_39,1,male,age_35_39_male,25369
2024-06-01,2024,6,age_35_39,2,female,age_35_39_female,24351
2024-06-01,2024,6,age_40_plus,1,male,age_40_plus_male,6092
2024-06-01,2024,6,age_40_plus,2,female,age_40_plus_female,6013
2024-07-01,2024,7,under_20,1,male,under_20_male,6270
2024-07-01,2024,7,under_20,2,female,under_20_female,5897
2024-07-01,2024,7,age_20_24,1,male,age_20_24_male,27779
2024-07-01,2024,7,age_20_24,2,female,age_20_24_female,26371
2024-07-01,2024,7,age_25_29,1,male,age_25_29_male,44759
2024-07-01,2024,7,age_25_29,2,female,age_25_29_female,42634
2024-07-01,2024,7,age_30_34,1,male,age_30_34_male,50111
2024-07-01,2024,7,age_30_34,2,female,age_30_34_female,48039
2024-07-01,2024,7,age_35_39,1,male,age_35_39_male,28044
2024-07-01,2024,7,age_35_39,2,female,age_35_39_female,26596
2024-07-01,2024,7,age_40_plus,1,male,age_40_plus_male,6784
2024-07-01,2024,7,age_40_plus,2,female,age_40_plus_female,6669
2024-08-01,2024,8,under_20,1,male,under_20_male,6458
2024-08-01,2024,8,under_20,2,female,under_20_female,5998
2024-08-01,2024,8,age_20_24,1,male,age_20_24_male,28215
2024-08-01,2024,8,age_20_24,2,female,age_20_24_female,27136
2024-08-01,2024,8,age_25_29,1,male,age_25_29_male,45587
2024-08-01,2024,8,age_25_29,2,female,age_25_29_female,43596
2024-08-01,2024,8,age_30_34,1,male,age_30_34_male,51763
2024-08-01,2024,8,age_30_34,2,female,age_30_34_female,48750
2024-08-01,2024,8,age_35_39,1,male,age_35_39_male,28361
2024-08-01,2024,8,age_35_39,2,female,age_35_39_female,27423
2024-08-01,2024,8,age_40_plus,1,male,age_40_plus_male,6793
2024-08-01,2024,8,age_40_plus,2,female,age_40_plus_female,6515
2024-09-01,2024,9,under_20,1,male,under_20_male,6171
2024-09-01,2024,9,under_20,2,female,under_20_female,5866
2024-09-01,2024,9,age_20_24,1,male,age_20_24_male,26874
2024-09-01,2024,9,age_20_24,2,female,age_20_24_female,25615
2024-09-01,2024,9,age_25_29,1,male,age_25_29_male,43407
2024-09-01,2024,9,age_25_29,2,female,age_25_29_female,41245
2024-09-01,2024,9,age_30_34,1,male,age_30_34_male,48326
2024-09-01,2024,9,age_30_34,2,female,age_30_34_female,46799
2024-09-01,2024,9,age_35_39,1,male,age_35_39_male,26975
2024-09-01,2024,9,age_35_39,2,female,age_35_39_female,25622
2024-09-01,2024,9,age_40_plus,1,male,age_40_plus_male,6199
2024-09-01,2024,9,age_40_plus,2,female,age_40_plus_female,6037
2024-10-01,2024,10,under_20,1,male,under_20_male,6038
2024-10-01,2024,10,under_20,2,female,under_20_female,5698
2024-10-01,2024,10,age_20_24,1,male,age_20_24_male,26415
2024-10-01,2024,10,age_20_24,2,female,age_20_24_female,25653
2024-10-01,2024,10,age_25_29,1,male,age_25_29_male,43525
2024-10-01,2024,10,age_25_29,2,female,age_25_29_female,41831
2024-10-01,2024,10,age_30_34,1,male,age_30_34_male,49199
2024-10-01,2024,10,age_30_34,2,female,age_30_34_female,47667
2024-10-01,2024,10,age_35_39,1,male,age_35_39_male,28253
2024-10-01,2024,10,age_35_39,2,female,age_35_39_female,27220
2024-10-01,2024,10,age_40_plus,1,male,age_40_plus_male,6745
2024-10-01,2024,10,age_40_plus,2,female,age_40_plus_female,6646
2024-11-01,2024,11,under_20,1,male,under_20_male,5627
2024-11-01,2024,11,under_20,2,female,under_20_female,5442
2024-11-01,2024,11,age_20_24,1,male,age_20_24_male,25064
2024-11-01,2024,11,age_20_24,2,female,age_20_24_female,23926
2024-11-01,2024,11,age_25_29,1,male,age_25_29_male,40290
2024-11-01,2024,11,age_25_29,2,female,age_25_29_female,38721
2024-11-01,2024,11,age_30_34,1,male,age_30_34_male,45442
2024-11-01,2024,11,age_30_34,2,female,age_30_34_female,43857
2024-11-01,2024,11,age_35_39,1,male,age_35_39_male,26297
2024-11-01,2024,11,age_35_39,2,female,age_35_39_female,25022
2024-11-01,2024,11,age_40_plus,1,male,age_40_plus_male,6557
2024-11-01,2024,11,age_40_plus,2,female,age_40_plus_female,6323
2024-12-01,2024,12,under_20,1,male,under_20_male,5907
2024-12-01,2024,12,under_20,2,female,under_20_female,5692
2024-12-01,2024,12,age_20_24,1,male,age_20_24_male,26678
2024-12-01,2024,12,age_20_24,2,female,age_20_24_female,25465
2024-12-01,2024,12,age_25_29,1,male,age_25_29_male,42578
2024-12-01,2024,12,age_25_29,2,female,age_25_29_female,40600
2024-12-01,2024,12,age_30_34,1,male,age_30_34_male,47295
2024-12-01,2024,12,age_30_34,2,female,age_30_34_female,45559
2024-12-01,2024,12,age_35_39,1,male,age_35_39_male,27045
2024-12-01,2024,12,age_35_39,2,female,age_35_39_female,26546
2024-12-01,2024,12,age_40_plus,1,male,age_40_plus_male,6943
2024-12-01,2024,12,age_40_plus,2,female,age_40_plus_female,6540
